Date,Rainfall (mm),Max Temp (°C),Min Temp (°C),Usage(L),Usage(kWh),Avg Temp (°C)
2013/10/21,12.4,16.2,8.9,97.0,975.0,12.55
2013/10/22,3.5,15.9,11.5,228.0,1880.0,13.7
2013/10/23,0.6,12.2,7.4,211.0,1879.0,9.8
2013/10/24,18.4,13.9,6.9,219.0,1858.0,10.4
2013/10/25,6.1,15.8,8.7,196.0,1896.0,12.25
2013/10/26,7.7,12.4,9.3,149.0,1707.0,10.850000000000001
2013/10/27,3.1,13.0,8.0,98.0,1084.0,10.5
2013/10/28,1.0,10.3,6.4,72.0,1067.0,8.350000000000001
2013/10/29,0.6,10.6,3.7,87.0,1332.0,7.15
2013/10/30,1.5,12.9,4.4,107.0,1642.0,8.65
2013/10/31,1.1,12.9,5.9,150.0,1850.0,9.4
2013/11/11,0.3,13.3,2.8,123.0,1164.0,8.05
2013/11/12,0.0,10.1,4.4,194.0,2069.0,7.25
2013/11/13,2.7,11.2,2.3,220.0,2033.0,6.75
2013/11/14,0.0,9.0,3.4,228.0,2101.0,6.2
2013/11/15,0.0,10.0,5.4,220.0,2011.0,7.7
2013/11/16,0.3,10.4,6.8,173.0,1963.0,8.6
2013/11/17,3.0,12.5,7.4,100.0,1204.0,9.95
2013/11/18,0.0,8.0,4.2,94.0,1069.0,6.1
2013/11/19,2.1,7.3,-0.6,233.0,2007.0,3.35
2013/11/20,0.2,7.0,-0.4,213.0,2109.0,3.3
2013/11/21,0.0,4.9,0.5,215.0,2155.0,2.7
2013/11/22,0.0,4.9,-2.0,205.0,2196.0,1.4500000000000002
2013/11/23,0.1,5.5,-1.7,189.0,2029.0,1.9
2013/11/24,0.0,6.9,0.2,243.0,1498.0,3.5500000000000003
2013/11/25,0.0,6.5,4.4,271.0,1286.0,5.45
2013/11/26,0.0,7.4,2.3,289.0,2293.0,4.85
2013/11/27,0.0,8.9,2.7,206.0,2292.0,5.800000000000001
2013/11/28,0.1,9.5,5.0,211.0,2251.0,7.25
2013/11/29,0.0,9.1,5.4,207.0,2158.0,7.25
2013/11/30,0.2,8.1,3.7,168.0,1974.0,5.9
2013/12/11,1.9,13.0,8.4,243.0,2097.0,10.7
2013/12/12,5.8,12.7,8.6,200.0,2133.0,10.649999999999999
2013/12/13,0.8,10.9,8.6,190.0,2028.0,9.75
2013/12/14,7.4,11.4,2.4,158.0,1820.0,6.9
2013/12/15,3.5,9.6,3.1,97.0,1220.0,6.35
2013/12/16,0.2,8.2,2.0,106.0,1177.0,5.1
2013/12/17,1.3,9.1,0.3,158.0,1859.0,4.7
2013/12/18,21.7,11.5,0.9,164.0,1811.0,6.2
2013/12/19,1.2,5.6,1.4,115.0,1727.0,3.5
2013/12/19,1.2,5.6,1.4,115.0,0.0,3.5
2013/12/19,1.2,5.6,1.4,115.0,0.0,3.5
2013/12/19,1.2,5.6,1.4,0.0,1727.0,3.5
2013/12/19,1.2,5.6,1.4,0.0,0.0,3.5
2013/12/19,1.2,5.6,1.4,0.0,0.0,3.5
2013/12/19,1.2,5.6,1.4,0.0,1727.0,3.5
2013/12/19,1.2,5.6,1.4,0.0,0.0,3.5
2013/12/19,1.2,5.6,1.4,0.0,0.0,3.5
2013/12/20,9.6,11.0,0.7,109.0,1719.0,5.85
2013/12/21,8.5,8.4,4.9,111.0,1595.0,6.65
2013/12/22,6.6,10.2,1.3,85.0,1120.0,5.75
2013/12/23,0.8,10.4,0.7,89.0,1183.0,5.55
2013/12/24,0.2,5.1,0.6,92.0,1458.0,2.8499999999999996
2013/12/25,0.0,3.3,-1.3,95.0,1295.0,0.9999999999999999
2013/12/26,6.6,10.9,0.1,88.0,1304.0,5.5
2013/12/27,1.3,6.0,1.3,98.0,1304.0,3.65
2013/12/28,0.0,4.0,-0.1,92.0,1269.0,1.95
2013/12/29,31.6,10.0,-0.6,96.0,1173.0,4.7
2013/12/30,6.9,8.8,0.5,90.0,1156.0,4.65
2013/12/31,6.8,6.9,2.9,99.0,1256.0,4.9
2014/01/01,1.0,9.4,2.7,88.0,1315.0,6.050000000000001
2014/01/02,7.2,9.0,2.7,151.0,2042.0,5.85
2014/01/03,3.5,6.1,3.9,140.0,1944.0,5.0
2014/01/04,3.3,7.5,0.6,175.0,2000.0,4.05
2014/01/05,9.7,10.7,0.0,204.0,1801.0,5.35
2014/01/06,3.8,9.9,6.3,69.0,883.0,8.1
2014/01/07,1.0,8.4,5.3,102.0,946.0,6.85
2014/01/08,8.2,6.5,4.1,117.0,826.0,5.3
2014/01/09,1.1,8.3,1.9,252.0,717.0,5.1000000000000005
2014/01/10,3.0,8.3,2.0,353.0,1717.0,5.15
2014/01/11,0.6,8.3,-0.2,259.0,1905.0,4.050000000000001
2014/01/12,8.0,9.3,0.0,233.0,1297.0,4.65
2014/01/13,0.3,5.7,1.4,113.0,1264.0,3.55
2014/01/14,7.5,8.5,-1.1,198.0,2144.0,3.7
2014/01/15,2.1,12.2,2.0,185.0,2169.0,7.1
2014/01/16,7.1,7.5,4.7,183.0,2041.0,6.1
2014/01/17,4.7,7.8,3.7,162.0,1976.0,5.75
2014/01/18,2.0,4.4,3.4,138.0,1868.0,3.9000000000000004
2014/01/19,1.0,4.8,0.5,161.0,1447.0,2.65
2014/01/20,0.9,8.1,0.7,109.0,1326.0,4.3999999999999995
2014/01/21,0.5,9.1,0.4,220.0,2192.0,4.75
2014/01/22,2.2,7.7,3.7,219.0,2139.0,5.7
2014/01/23,13.0,10.3,2.7,230.0,2148.0,6.5
2014/01/24,2.1,11.3,3.9,208.0,2125.0,7.6000000000000005
2014/01/25,11.7,9.7,5.9,168.0,1979.0,7.8
2014/01/26,10.6,7.4,2.4,126.0,1398.0,4.9
2014/01/27,7.1,6.5,0.4,109.0,1334.0,3.45
2014/01/28,0.3,5.9,3.3,207.0,2353.0,4.6
2014/01/29,0.0,7.4,2.0,208.0,2290.0,4.7
2014/01/30,10.9,5.8,2.3,211.0,2309.0,4.05
2014/01/31,9.2,8.4,3.4,204.0,2279.0,5.9
2014/02/01,8.7,7.4,0.2,99.0,1308.0,3.8000000000000003
2014/02/02,7.4,9.7,1.7,125.0,1387.0,5.699999999999999
2014/02/03,1.7,7.4,4.7,75.0,1285.0,6.050000000000001
2014/02/04,28.1,6.9,0.1,192.0,1997.0,3.5
2014/02/05,6.9,7.4,1.0,192.0,1718.0,4.2
2014/02/06,0.0,6.0,2.4,72.0,931.0,4.2
2014/02/07,10.3,7.4,-0.7,109.0,939.0,3.35
2014/02/08,9.6,7.6,-0.5,111.0,834.0,3.55
2014/02/09,5.0,6.7,2.3,220.0,1028.0,4.5
2014/02/10,4.3,6.7,0.0,336.0,1789.0,3.35
2014/02/11,8.0,7.1,0.4,228.0,885.0,3.75
2014/02/12,2.7,9.0,-0.2,391.0,2424.0,4.4
2014/02/13,3.1,6.4,-0.5,210.0,2265.0,2.95
2014/02/14,11.9,8.5,0.0,138.0,1961.0,4.25
2014/02/15,0.2,8.0,1.9,150.0,2016.0,4.95
2014/02/16,8.5,8.1,-0.3,110.0,1269.0,3.9
2014/02/17,6.1,9.1,4.8,103.0,1221.0,6.949999999999999
2014/02/18,0.3,9.5,3.7,216.0,2154.0,6.6
2014/02/19,3.9,10.1,3.4,213.0,2076.0,6.75
2014/02/20,1.6,7.7,5.1,205.0,2096.0,6.4
2014/02/21,2.3,7.9,0.7,182.0,2113.0,4.3
2014/02/22,4.7,9.4,2.2,181.0,1936.0,5.800000000000001
2014/02/23,8.7,10.0,4.2,283.0,1240.0,7.1
2014/02/24,8.9,8.7,3.5,94.0,1184.0,6.1
2014/02/25,0.8,8.8,4.3,224.0,2266.0,6.550000000000001
2014/02/26,4.1,9.7,2.7,191.0,2176.0,6.199999999999999
2014/02/27,7.7,7.6,2.3,234.0,2270.0,4.949999999999999
2014/02/28,1.1,8.4,0.3,179.0,2220.0,4.3500000000000005
2014/03/01,1.3,8.0,0.9,170.0,1490.0,4.45
2014/03/02,3.2,8.2,3.2,104.0,1190.0,5.699999999999999
2014/03/03,0.3,8.4,0.7,79.0,1227.0,4.55
2014/03/04,0.0,9.7,2.0,172.0,2006.0,5.85
2014/03/05,4.1,11.2,2.3,142.0,1552.0,6.75
2014/03/06,13.6,11.2,4.2,75.0,925.0,7.699999999999999
2014/03/07,0.5,9.7,5.8,92.0,928.0,7.75
2014/03/08,0.4,10.0,4.4,104.0,744.0,7.2
2014/03/09,2.3,12.0,7.7,136.0,1169.0,9.85
2014/03/10,0.0,10.4,0.2,342.0,1803.0,5.3
2014/03/11,0.0,10.9,1.4,205.0,1095.0,6.15
2014/03/12,0.0,11.2,-0.6,345.0,2369.0,5.3
2014/03/13,0.3,10.6,1.7,256.0,2261.0,6.1499999999999995
2014/03/14,0.0,9.8,2.1,199.0,2102.0,5.95
2014/03/15,0.0,13.3,5.0,150.0,1857.0,9.15
2014/03/16,0.1,10.2,6.4,27.0,1108.0,8.3
2014/03/17,1.8,10.9,6.7,15.0,1133.0,8.8
2014/03/18,0.0,12.0,5.4,10.0,1366.0,8.7
2014/03/19,4.0,13.5,5.3,103.0,1868.0,9.4
2014/03/20,7.0,10.0,7.3,117.0,1900.0,8.65
2014/03/21,5.6,9.0,1.4,108.0,1955.0,5.2
2014/03/22,1.9,7.1,-0.3,82.0,1832.0,3.4
2014/03/23,0.2,9.8,1.0,218.0,1294.0,5.4
2014/03/24,18.1,8.5,3.2,362.0,1155.0,5.85
2014/03/25,1.1,11.0,3.3,326.0,2173.0,7.15
2014/03/26,0.3,11.6,2.3,197.0,2148.0,6.949999999999999
2014/03/27,0.8,7.5,1.1,209.0,2080.0,4.3
2014/03/28,5.9,10.2,1.3,186.0,2073.0,5.75
2014/03/29,25.0,8.5,3.4,119.0,1897.0,5.95
2014/03/30,2.0,11.1,2.9,74.0,1116.0,7.0
2014/03/31,0.1,12.0,6.2,49.0,1030.0,9.1
2014/04/01,3.3,11.5,4.5,95.0,1487.0,8.0
2014/04/02,2.9,10.9,7.2,232.0,2273.0,9.05
2014/04/03,0.4,12.3,7.9,243.0,2179.0,10.100000000000001
2014/04/04,2.5,14.0,7.0,186.0,2054.0,10.5
2014/04/05,5.8,14.0,8.3,82.0,1003.0,11.15
2014/04/06,1.2,14.9,10.1,104.0,1264.0,12.5
2014/04/07,4.8,11.0,6.7,103.0,898.0,8.85
2014/04/08,0.0,11.8,3.2,108.0,753.0,7.5
2014/04/09,0.0,11.7,5.1,207.0,1393.0,8.399999999999999
2014/04/10,0.3,12.3,6.1,286.0,1603.0,9.2
2014/04/11,0.0,10.5,2.1,343.0,2144.0,6.3
2014/04/12,0.7,12.6,2.7,358.0,2378.0,7.65
2014/04/13,0.0,11.3,5.2,103.0,1019.0,8.25
2014/04/14,0.0,14.2,3.8,72.0,1003.0,9.0
2014/04/15,0.0,15.0,3.9,128.0,1596.0,9.45
2014/04/16,0.0,15.8,5.7,110.0,1540.0,10.75
2014/04/17,0.0,12.0,7.4,105.0,1519.0,9.7
2014/04/18,0.0,16.1,6.8,95.0,1481.0,11.450000000000001
2014/04/19,0.0,16.0,2.7,75.0,1109.0,9.35
2014/04/20,4.1,13.8,2.3,62.0,1007.0,8.05
2014/04/21,0.0,15.0,7.7,63.0,1061.0,11.35
2014/04/22,3.3,13.2,6.6,65.0,1205.0,9.899999999999999
2014/04/23,0.4,15.3,7.5,105.0,1605.0,11.4
2014/04/24,0.0,16.3,6.0,115.0,1586.0,11.15
2014/04/25,16.2,13.0,5.4,115.0,1539.0,9.2
2014/04/26,10.6,11.5,6.3,108.0,1418.0,8.9
2014/04/27,0.0,15.7,6.8,78.0,1022.0,11.25
2014/04/28,0.0,16.6,5.2,70.0,959.0,10.9
2014/04/29,0.5,17.5,6.2,219.0,1756.0,11.85
2014/04/30,5.5,15.7,7.3,200.0,1698.0,11.5
2014/05/01,6.4,16.7,9.2,103.0,1178.0,12.95
2014/05/02,0.0,13.4,7.8,222.0,2203.0,10.6
2014/05/03,0.2,13.4,8.2,200.0,2190.0,10.8
2014/05/04,0.0,12.4,10.1,138.0,1837.0,11.25
2014/05/05,3.2,12.9,9.1,65.0,947.0,11.0
2014/05/06,3.9,12.1,5.6,125.0,1387.0,8.85
2014/05/07,6.4,12.9,7.1,225.0,913.0,10.0
2014/05/08,1.4,14.7,8.5,106.0,778.0,11.6
2014/05/09,4.2,14.2,7.3,124.0,1416.0,10.75
2014/05/10,2.6,11.5,8.9,234.0,808.0,10.2
2014/05/11,0.0,12.3,6.6,348.0,2196.0,9.45
2014/05/12,6.4,10.5,5.4,334.0,2277.0,7.95
2014/05/13,1.9,15.2,5.1,205.0,1638.0,10.149999999999999
2014/05/14,0.0,15.0,6.6,184.0,1553.0,10.8
2014/05/15,0.0,19.8,9.3,154.0,1570.0,14.55
2014/05/16,0.0,18.7,8.4,192.0,1501.0,13.55
2014/05/17,0.5,19.9,6.3,106.0,1328.0,13.1
2014/05/18,13.1,11.9,9.6,73.0,908.0,10.75
2014/05/19,33.7,16.2,7.3,68.0,987.0,11.75
2014/05/20,2.5,17.4,9.2,134.0,1540.0,13.299999999999999
2014/05/21,0.0,17.4,6.7,111.0,1543.0,12.049999999999999
2014/05/22,1.8,15.4,7.4,116.0,1471.0,11.4
2014/05/23,2.8,12.6,8.4,112.0,1444.0,10.5
2014/05/24,9.3,14.0,6.8,95.0,1288.0,10.4
2014/05/25,0.8,13.7,7.4,71.0,801.0,10.55
2014/05/26,0.9,16.9,8.7,87.0,828.0,12.799999999999999
2014/05/27,0.0,15.5,6.4,163.0,1408.0,10.95
2014/05/28,0.0,19.9,6.6,148.0,1526.0,13.25
2014/05/29,0.0,16.0,9.2,110.0,1439.0,12.6
2014/05/30,0.0,17.5,9.4,92.0,1470.0,13.45
2014/05/31,0.0,20.4,9.8,97.0,1408.0,15.1
2014/06/01,0.3,17.4,9.6,90.0,1104.0,13.5
2014/06/02,0.0,16.3,11.4,216.0,2269.0,13.850000000000001
2014/06/03,13.1,15.3,8.8,237.0,2177.0,12.05
2014/06/04,1.0,15.7,5.8,142.0,1210.0,10.75
2014/06/05,0.0,17.0,4.6,64.0,1076.0,10.8
2014/06/06,2.7,15.2,8.4,115.0,1269.0,11.8
2014/06/07,5.3,18.0,10.8,94.0,738.0,14.4
2014/06/08,5.9,18.1,10.4,125.0,836.0,14.25
2014/06/09,6.1,17.8,12.0,108.0,1262.0,14.9
2014/06/10,15.0,16.9,11.1,205.0,896.0,14.0
2014/06/11,0.0,18.9,9.0,355.0,2373.0,13.95
2014/06/12,0.0,22.0,8.9,292.0,2132.0,15.45
2014/06/13,0.1,22.0,10.8,113.0,1296.0,16.4
2014/06/14,0.0,18.3,12.8,147.0,1257.0,15.55
2014/06/15,0.0,19.2,12.4,94.0,738.0,15.8
2014/06/16,0.0,21.0,10.7,153.0,1129.0,15.85
2014/06/17,0.0,24.0,10.4,127.0,1220.0,17.2
2014/06/18,0.0,26.1,14.2,133.0,1278.0,20.15
2014/06/19,0.0,20.0,13.4,111.0,1255.0,16.7
2014/06/20,0.0,19.9,10.6,105.0,1239.0,15.25
2014/06/21,0.0,21.1,11.3,104.0,1165.0,16.200000000000003
2014/06/22,0.0,20.6,10.4,84.0,673.0,15.5
2014/06/23,0.0,22.0,12.3,79.0,745.0,17.15
2014/06/24,0.0,22.2,11.2,94.0,958.0,16.7
2014/06/25,4.6,17.1,14.1,103.0,964.0,15.600000000000001
2014/06/26,5.7,16.0,10.7,88.0,994.0,13.35
2014/06/27,4.2,17.7,8.7,87.0,937.0,13.2
2014/06/28,0.0,17.8,9.2,80.0,878.0,13.5
2014/06/29,0.0,19.2,8.4,90.0,715.0,13.8
2014/06/30,0.0,18.9,10.7,82.0,741.0,14.799999999999999
2014/07/01,0.0,23.9,9.7,150.0,1799.0,16.799999999999997
2014/07/02,0.0,22.4,11.1,219.0,2132.0,16.75
2014/07/03,7.5,20.1,13.4,216.0,2137.0,16.75
2014/07/04,2.7,17.0,14.8,124.0,1136.0,15.9
2014/07/05,2.5,17.8,9.6,158.0,1596.0,13.7
2014/07/06,3.2,17.5,7.3,126.0,1322.0,12.4
2014/07/07,5.3,17.4,9.0,81.0,749.0,13.2
2014/07/08,1.9,18.7,10.0,108.0,853.0,14.35
2014/07/09,0.6,20.6,8.4,135.0,750.0,14.5
2014/07/10,0.1,18.2,12.3,337.0,1823.0,15.25
2014/07/11,0.0,18.7,13.0,345.0,2117.0,15.85
2014/07/12,0.1,19.4,15.0,270.0,1200.0,17.2
2014/07/13,0.0,19.7,11.9,145.0,854.0,15.8
2014/07/14,1.2,21.4,11.3,104.0,747.0,16.35
2014/07/15,0.3,20.5,12.1,102.0,897.0,16.3
2014/07/16,0.0,22.0,14.2,110.0,900.0,18.1
2014/07/17,3.7,25.0,11.8,113.0,865.0,18.4
2014/07/18,0.5,24.9,14.8,130.0,859.0,19.85
2014/07/19,35.1,20.8,15.3,119.0,849.0,18.05
2014/07/20,0.0,20.9,14.1,99.0,701.0,17.5
2014/07/21,1.9,21.5,13.7,101.0,703.0,17.6
2014/07/22,0.1,25.0,16.1,107.0,859.0,20.55
2014/07/23,0.0,26.9,16.4,104.0,877.0,21.65
2014/07/23,0.0,26.9,16.4,104.0,0.0,21.65
2014/07/23,0.0,26.9,16.4,0.0,877.0,21.65
2014/07/23,0.0,26.9,16.4,0.0,0.0,21.65
2014/07/24,6.1,25.0,14.4,98.0,822.0,19.7
2014/07/25,0.0,27.0,13.9,113.0,857.0,20.45
2014/07/26,0.0,21.5,16.7,115.0,827.0,19.1
2014/07/27,0.5,20.2,11.9,99.0,643.0,16.05
2014/07/28,0.0,19.1,13.8,103.0,656.0,16.450000000000003
2014/07/29,0.0,20.5,13.5,100.0,938.0,17.0
2014/07/30,0.3,21.5,11.7,109.0,908.0,16.6
2014/07/31,4.4,22.5,13.7,109.0,836.0,18.1
2014/08/01,4.8,19.5,13.0,161.0,1980.0,16.25
2014/08/02,9.4,15.0,11.4,155.0,2023.0,13.2
2014/08/03,0.1,18.8,11.4,199.0,1816.0,15.100000000000001
2014/08/04,0.0,22.0,9.6,240.0,2016.0,15.8
2014/08/05,17.3,20.1,13.9,189.0,1685.0,17.0
2014/08/06,0.0,20.4,13.8,99.0,842.0,17.1
2014/08/07,3.5,21.5,9.7,100.0,926.0,15.6
2014/08/08,4.3,19.0,13.2,127.0,862.0,16.1
2014/08/09,8.6,20.5,10.4,183.0,828.0,15.45
2014/08/10,1.4,17.3,11.2,339.0,2058.0,14.25
2014/08/11,1.3,16.8,9.2,354.0,1967.0,13.0
2014/08/12,2.3,17.8,9.4,243.0,1549.0,13.600000000000001
2014/08/13,7.0,20.4,10.7,362.0,871.0,15.549999999999999
2014/08/14,7.8,19.0,12.1,752.0,882.0,15.55
2014/08/15,0.2,18.1,10.1,113.0,896.0,14.100000000000001
2014/08/16,0.2,16.0,10.9,95.0,888.0,13.45
2014/08/17,0.0,18.8,10.7,112.0,703.0,14.75
2014/08/18,0.0,17.5,8.4,84.0,693.0,12.95
2014/08/19,0.0,17.8,8.1,116.0,854.0,12.95
2014/08/20,0.0,16.2,6.4,110.0,862.0,11.3
2014/08/21,1.2,17.1,8.9,118.0,842.0,13.0
2014/08/22,0.1,17.0,8.7,116.0,868.0,12.85
2014/08/23,0.0,17.8,5.9,117.0,859.0,11.850000000000001
2014/08/24,2.8,14.8,7.0,108.0,647.0,10.9
2014/08/25,6.5,20.1,9.7,102.0,647.0,14.9
2014/08/26,0.3,17.1,14.0,223.0,1005.0,15.55
2014/08/27,1.1,16.2,12.8,253.0,1015.0,14.5
2014/08/28,0.6,18.4,10.2,127.0,1052.0,14.299999999999999
2014/08/29,1.0,18.4,10.7,148.0,1007.0,14.549999999999999
2014/08/30,0.0,16.9,11.3,145.0,1009.0,14.1
2014/08/31,0.0,20.5,9.6,175.0,732.0,15.05
2014/09/01,0.0,16.8,12.1,163.0,2024.0,14.45
2014/09/02,0.0,18.2,12.7,118.0,1351.0,15.45
2014/09/03,0.0,22.0,11.0,119.0,1200.0,16.5
2014/09/04,0.0,22.4,11.4,186.0,1934.0,16.9
2014/09/05,1.3,20.9,11.0,180.0,1645.0,15.95
2014/09/06,0.0,17.5,10.7,99.0,999.0,14.1
2014/09/07,0.0,16.9,7.7,105.0,866.0,12.299999999999999
2014/09/08,0.0,18.0,7.4,118.0,853.0,12.7
2014/09/09,0.0,18.7,7.3,304.0,1521.0,13.0
2014/09/10,0.0,22.2,8.1,352.0,2100.0,15.149999999999999
2014/09/11,0.0,21.0,9.4,254.0,1157.0,15.2
2014/09/12,0.0,18.9,10.1,350.0,2410.0,14.5
2014/09/13,0.0,22.0,10.3,246.0,1350.0,16.15
2014/09/14,0.0,17.9,10.7,225.0,845.0,14.299999999999999
2014/09/15,0.0,18.7,11.3,190.0,866.0,15.0
2014/09/16,0.0,20.0,11.4,457.0,1673.0,15.7
2014/09/17,0.0,21.0,11.7,756.0,1642.0,16.35
2014/09/18,0.2,22.0,13.9,592.0,1684.0,17.95
2014/09/19,17.6,18.1,14.3,316.0,1637.0,16.200000000000003
2014/09/20,0.0,17.0,13.6,280.0,1469.0,15.3
2014/09/21,0.0,19.2,7.1,205.0,821.0,13.149999999999999
2014/09/22,0.0,19.1,6.4,204.0,850.0,12.75
2014/09/23,1.8,16.7,7.4,363.0,1664.0,12.05
2014/09/24,0.1,18.1,10.5,358.0,1710.0,14.3
2014/09/25,0.3,19.0,9.7,333.0,1721.0,14.35
2014/09/26,0.2,18.5,12.4,333.0,1655.0,15.45
2014/09/27,0.3,18.9,10.1,287.0,1423.0,14.5
2014/09/28,0.5,20.0,11.8,226.0,821.0,15.9
2014/09/29,0.1,19.5,13.7,338.0,977.0,16.6
2014/09/30,1.9,17.0,13.3,344.0,1667.0,15.15
2014/10/01,0.2,16.7,11.4,155.0,1931.0,14.05
2014/10/02,1.4,17.5,6.4,97.0,1304.0,11.95
2014/10/03,34.1,16.0,7.4,112.0,1251.0,11.7
2014/10/04,0.2,13.3,5.8,175.0,1920.0,9.55
2014/10/05,13.9,13.4,6.4,185.0,1589.0,9.9
2014/10/06,0.1,12.7,6.1,139.0,1324.0,9.399999999999999
2014/10/07,6.6,13.6,1.9,102.0,848.0,7.75
2014/10/08,3.8,14.4,2.9,106.0,651.0,8.65
2014/10/09,0.0,13.6,8.2,293.0,1523.0,10.899999999999999
2014/10/10,0.0,14.7,6.0,328.0,2036.0,10.35
2014/10/11,0.0,15.2,5.4,229.0,1372.0,10.3
2014/10/12,0.0,14.5,5.0,338.0,2297.0,9.75
2014/10/13,0.0,13.0,3.8,215.0,1294.0,8.4
2014/10/14,0.8,12.0,4.2,358.0,2223.0,8.1
2014/10/15,6.7,15.9,3.5,457.0,2218.0,9.7
2014/10/16,10.7,15.6,9.7,517.0,2187.0,12.649999999999999
2014/10/17,8.9,15.8,10.5,345.0,2203.0,13.15
2014/10/18,0.8,16.6,12.2,289.0,2093.0,14.4
2014/10/19,1.3,15.9,12.0,249.0,1055.0,13.95
2014/10/20,1.8,15.1,9.5,216.0,1286.0,12.3
2014/10/21,0.6,11.9,6.3,344.0,2000.0,9.1
2014/10/22,0.5,13.3,5.3,356.0,2024.0,9.3
2014/10/23,0.7,16.3,8.0,339.0,2096.0,12.15
2014/10/24,0.1,12.0,7.3,321.0,1967.0,9.65
2014/10/25,0.1,13.7,7.1,275.0,1816.0,10.399999999999999
2014/10/26,0.1,14.7,8.9,210.0,917.0,11.8
2014/10/27,17.1,16.0,10.8,211.0,1227.0,13.4
2014/10/28,11.0,14.8,13.8,209.0,1317.0,14.3
2014/10/29,1.2,13.9,4.2,272.0,1968.0,9.05
2014/10/30,0.3,16.4,5.9,274.0,2190.0,11.149999999999999
2014/10/31,4.6,15.6,13.5,279.0,1985.0,14.55
2014/11/01,5.8,13.5,8.3,152.0,1913.0,10.9
2014/11/02,1.1,10.9,5.4,223.0,2383.0,8.15
2014/11/03,1.4,9.4,3.1,230.0,2174.0,6.25
2014/11/04,0.8,11.6,2.8,163.0,1904.0,7.199999999999999
2014/11/05,1.5,12.5,2.7,193.0,1341.0,7.6
2014/11/06,17.5,13.5,2.7,109.0,1302.0,8.1
2014/11/07,11.2,10.8,4.8,115.0,930.0,7.800000000000001
2014/11/08,0.6,10.5,5.2,105.0,693.0,7.85
2014/11/09,0.9,11.2,3.5,317.0,1547.0,7.35
2014/11/10,9.4,10.5,6.5,286.0,1782.0,8.5
2014/11/11,8.6,9.2,5.2,384.0,2262.0,7.199999999999999
2014/11/12,21.5,10.0,6.3,341.0,2463.0,8.15
2014/11/13,28.5,11.3,6.9,359.0,2215.0,9.100000000000001
2014/11/14,4.0,11.5,5.0,321.0,2201.0,8.25
2014/11/15,2.4,12.2,4.7,340.0,2126.0,8.45
2014/11/16,0.3,10.0,4.9,308.0,1169.0,7.45
2014/11/17,0.1,9.2,4.6,224.0,1446.0,6.8999999999999995
2014/11/18,3.1,10.5,4.3,365.0,2376.0,7.4
2014/11/19,0.5,11.2,4.8,400.0,2391.0,8.0
2014/11/20,1.4,8.9,1.7,367.0,2323.0,5.3
2014/11/21,13.7,12.7,2.4,342.0,2125.0,7.55
2014/11/22,0.2,9.5,7.2,296.0,1955.0,8.35
2014/11/23,0.0,6.9,0.1,301.0,1118.0,3.5
2014/11/24,0.4,8.4,1.0,231.0,1221.0,4.7
2014/11/25,0.1,9.0,2.5,353.0,2319.0,5.75
2014/11/26,0.1,7.0,0.0,354.0,2187.0,3.5
2014/11/27,0.1,11.6,0.3,347.0,2368.0,5.95
2014/11/28,0.0,11.1,4.9,339.0,2521.0,8.0
2014/11/29,0.0,10.5,5.4,298.0,2239.0,7.95
2014/11/30,0.0,8.1,4.8,235.0,1089.0,6.449999999999999
2014/12/01,2.5,8.5,5.2,151.0,1423.0,6.85
2014/12/02,0.0,6.5,0.5,254.0,2290.0,3.5
2014/12/02,0.0,6.5,0.5,254.0,0.0,3.5
2014/12/02,0.0,6.5,0.5,0.0,2290.0,3.5
2014/12/02,0.0,6.5,0.5,0.0,0.0,3.5
2014/12/03,0.0,7.2,0.4,228.0,2197.0,3.8000000000000003
2014/12/04,0.6,6.0,0.8,123.0,1644.0,3.4
2014/12/05,0.1,7.4,-0.2,87.0,965.0,3.6
2014/12/06,1.1,9.5,0.0,101.0,1318.0,4.75
2014/12/07,3.3,5.3,3.0,116.0,886.0,4.15
2014/12/08,0.2,9.8,0.2,132.0,852.0,5.0
2014/12/09,1.7,10.4,0.6,285.0,1459.0,5.5
2014/12/10,5.7,7.4,2.5,237.0,965.0,4.95
2014/12/11,9.7,6.8,3.8,344.0,2237.0,5.3
2014/12/12,0.0,3.2,-0.5,318.0,2539.0,1.35
2014/12/13,0.9,6.3,-1.5,300.0,2264.0,2.4
2014/12/14,1.4,8.3,-1.2,262.0,1248.0,3.5500000000000003
2014/12/15,0.4,7.3,4.5,231.0,1412.0,5.9
2014/12/16,4.5,10.7,4.1,250.0,2034.0,7.3999999999999995
2014/12/16,4.5,10.7,4.1,250.0,0.0,7.3999999999999995
2014/12/16,4.5,10.7,4.1,0.0,2034.0,7.3999999999999995
2014/12/16,4.5,10.7,4.1,0.0,0.0,7.3999999999999995
2014/12/17,4.3,11.9,4.5,251.0,1966.0,8.2
2014/12/18,2.3,12.3,10.2,254.0,1891.0,11.25
2014/12/19,0.5,6.5,3.6,252.0,1902.0,5.05
2014/12/20,0.5,9.8,4.2,238.0,1752.0,7.0
2014/12/21,0.0,12.2,5.2,228.0,1194.0,8.7
2014/12/22,0.8,12.3,9.6,226.0,1502.0,10.95
2014/12/23,1.3,10.9,8.9,234.0,1940.0,9.9
2014/12/24,0.3,6.2,2.2,234.0,1623.0,4.2
2014/12/25,7.9,6.1,1.8,228.0,1179.0,3.9499999999999997
2014/12/26,2.5,9.0,1.8,238.0,1217.0,5.4
2014/12/27,0.0,4.8,0.5,231.0,1219.0,2.65
2014/12/28,0.0,2.2,-2.4,237.0,1003.0,-0.09999999999999987
2014/12/29,0.0,5.9,-2.0,239.0,1109.0,1.9500000000000002
2014/12/30,0.5,9.4,-0.6,240.0,1242.0,4.4
2014/12/31,4.6,10.7,5.8,246.0,1209.0,8.25
2015/01/01,1.3,13.2,7.6,242.0,1157.0,10.399999999999999
2015/01/02,10.5,6.7,2.8,319.0,1014.0,4.75
2015/01/03,2.2,4.8,3.3,305.0,1083.0,4.05
2015/01/04,0.2,9.7,2.1,342.0,1844.0,5.8999999999999995
2015/01/05,5.5,8.3,4.1,453.0,1838.0,6.2
2015/01/06,5.7,10.2,2.6,357.0,1003.0,6.3999999999999995
2015/01/07,6.0,11.3,1.8,130.0,1128.0,6.550000000000001
2015/01/08,1.5,10.0,3.5,122.0,1146.0,6.75
2015/01/09,0.8,16.0,3.6,39.0,1327.0,9.8
2015/01/10,2.3,5.1,3.5,218.0,2129.0,4.3
2015/01/11,4.5,9.4,0.8,31.0,948.0,5.1000000000000005
2015/01/12,0.3,6.6,4.8,153.0,2397.0,5.699999999999999
2015/01/13,0.1,2.3,0.0,331.0,2384.0,1.15
2015/01/14,7.1,10.0,-2.4,322.0,2389.0,3.8
2015/01/15,5.2,6.7,-0.7,307.0,2295.0,3.0
2015/01/16,0.2,3.5,0.5,300.0,2243.0,2.0
2015/01/17,1.2,3.4,-0.8,289.0,2220.0,1.2999999999999998
2015/01/18,0.0,4.8,-2.5,287.0,1416.0,1.15
2015/01/19,8.0,3.3,-3.7,252.0,1519.0,-0.20000000000000018
2015/01/20,2.3,4.5,-1.3,357.0,2627.0,1.6
2015/01/21,0.4,5.7,-0.5,335.0,2532.0,2.6
2015/01/22,1.1,7.6,-1.3,357.0,2551.0,3.15
2015/01/23,0.4,10.3,-1.1,330.0,2549.0,4.6000000000000005
2015/01/24,0.1,8.6,-0.2,297.0,2450.0,4.2
2015/01/25,1.9,11.2,0.8,293.0,1480.0,6.0
2015/01/26,0.1,7.5,3.3,258.0,1615.0,5.4
2015/01/27,0.5,11.2,2.9,392.0,2455.0,7.05
2015/01/28,3.6,4.6,2.6,350.0,2417.0,3.5999999999999996
2015/01/29,5.0,4.2,0.2,361.0,2381.0,2.2
2015/01/30,0.8,5.3,0.4,351.0,2311.0,2.85
2015/01/31,0.0,4.8,0.4,329.0,2156.0,2.6
2015/02/01,0.0,3.3,-2.0,243.0,1159.0,0.6499999999999999
2015/02/02,0.0,4.1,-1.8,278.0,1280.0,1.15
2015/02/03,0.0,3.5,-1.7,288.0,1346.0,0.9
2015/02/04,0.0,4.2,-4.0,336.0,1944.0,0.10000000000000009
2015/02/05,1.1,7.7,-2.7,397.0,1748.0,2.5
2015/02/06,0.0,5.9,0.8,353.0,1076.0,3.35
2015/02/07,0.1,6.5,2.6,160.0,1180.0,4.55
2015/02/08,0.0,5.3,-1.8,99.0,975.0,1.75
2015/02/09,0.0,4.6,-0.6,46.0,1321.0,1.9999999999999998
2015/02/10,0.0,4.8,-0.2,187.0,2058.0,2.3
2015/02/11,0.0,5.5,0.2,4.0,1005.0,2.85
2015/02/12,3.8,7.5,3.0,175.0,2481.0,5.25
2015/02/13,3.3,8.0,2.9,346.0,1989.0,5.45
2015/02/14,0.0,7.7,3.7,350.0,2105.0,5.7
2015/02/15,5.5,7.9,1.4,294.0,1198.0,4.65
2015/02/16,0.2,7.4,1.8,284.0,1379.0,4.6000000000000005
2015/02/17,0.0,9.3,-1.0,385.0,2243.0,4.15
2015/02/18,4.3,10.0,2.0,375.0,2205.0,6.0
2015/02/19,1.3,6.7,4.9,382.0,2215.0,5.800000000000001
2015/02/20,1.4,6.1,0.2,399.0,2226.0,3.15
2015/02/21,7.4,7.0,-0.4,342.0,2014.0,3.3
2015/02/22,3.2,12.8,0.6,338.0,1044.0,6.7
2015/02/23,6.4,6.7,-0.1,291.0,1404.0,3.3000000000000003
2015/02/24,3.2,9.4,0.2,398.0,2478.0,4.8
2015/02/25,2.0,11.8,2.1,393.0,2354.0,6.95
2015/02/26,0.5,6.9,5.0,415.0,2337.0,5.95
2015/02/27,0.2,7.7,-0.1,390.0,2149.0,3.8000000000000003
2015/02/28,1.0,12.5,1.2,346.0,2113.0,6.85
2015/03/01,4.7,9.5,2.4,242.0,1165.0,5.95
2015/03/02,2.0,5.6,-0.6,382.0,2525.0,2.5
2015/03/03,4.4,5.9,-0.8,407.0,2462.0,2.5500000000000003
2015/03/04,0.2,9.0,-0.6,340.0,1765.0,4.2
2015/03/05,0.0,10.7,0.3,359.0,1190.0,5.5
2015/03/06,0.0,11.2,7.0,413.0,1614.0,9.1
2015/03/07,5.3,12.0,7.7,235.0,1217.0,9.85
2015/03/08,4.0,9.6,6.0,91.0,866.0,7.8
2015/03/09,1.3,12.5,3.2,93.0,1523.0,7.85
2015/03/10,3.5,11.7,0.5,74.0,1752.0,6.1
2015/03/11,10.5,11.3,1.0,168.0,2055.0,6.15
2015/03/12,7.2,10.0,3.3,172.0,2491.0,6.65
2015/03/13,0.0,9.9,-0.6,399.0,2253.0,4.65
2015/03/14,0.0,8.4,0.0,357.0,2016.0,4.2
2015/03/15,0.2,5.9,0.0,320.0,1109.0,2.95
2015/03/16,0.0,6.5,1.6,305.0,1387.0,4.05
2015/03/17,0.0,11.8,2.3,385.0,2212.0,7.050000000000001
2015/03/18,0.0,11.1,-0.5,295.0,1502.0,5.3
2015/03/19,0.0,13.3,-0.3,394.0,2312.0,6.5
2015/03/20,0.0,14.0,2.0,426.0,2188.0,8.0
2015/03/21,0.0,13.9,4.2,355.0,1927.0,9.05
2015/03/22,0.0,13.7,1.5,322.0,1208.0,7.6
2015/03/23,0.6,10.9,4.3,302.0,1513.0,7.6
2015/03/24,0.3,9.5,-0.4,411.0,2314.0,4.55
2015/03/25,8.0,8.8,-0.9,408.0,2261.0,3.95
2015/03/26,0.1,11.1,0.0,430.0,2314.0,5.55
2015/03/27,0.7,11.2,1.3,414.0,2131.0,6.25
2015/03/28,3.5,14.2,3.3,365.0,2074.0,8.75
2015/03/29,0.4,12.5,6.3,311.0,1149.0,9.4
2015/03/30,2.4,13.6,2.6,321.0,1364.0,8.1
2015/03/31,0.4,10.7,4.9,340.0,1900.0,7.8
2015/04/01,2.1,10.5,1.9,246.0,967.0,6.2
2015/04/02,2.2,12.9,4.3,363.0,2449.0,8.6
2015/04/03,0.1,11.8,7.1,410.0,2395.0,9.45
2015/04/04,0.0,14.0,5.6,312.0,1345.0,9.8
2015/04/05,0.0,15.5,5.8,340.0,1066.0,10.65
2015/04/06,0.0,17.5,4.9,388.0,1467.0,11.2
2015/04/07,0.0,19.2,5.5,182.0,1288.0,12.35
2015/04/08,0.0,17.2,5.2,89.0,895.0,11.2
2015/04/09,0.0,13.2,3.8,77.0,1547.0,8.5
2015/04/10,3.9,15.5,4.0,10.0,919.0,9.75
2015/04/11,2.0,10.7,1.2,202.0,2104.0,5.949999999999999
2015/04/12,1.0,10.0,2.2,125.0,2427.0,6.1
2015/04/13,0.0,15.3,3.3,326.0,1321.0,9.3
2015/04/14,0.0,17.9,7.6,427.0,2237.0,12.75
2015/04/15,0.0,13.4,3.5,424.0,2097.0,8.45
2015/04/16,0.0,14.4,1.9,426.0,2023.0,8.15
2015/04/17,0.1,14.7,3.5,439.0,2018.0,9.1
2015/04/18,0.0,12.6,4.9,384.0,1864.0,8.75
2015/04/19,0.0,13.4,3.7,364.0,1051.0,8.55
2015/04/20,0.0,15.7,4.5,377.0,1210.0,10.1
2015/04/21,0.0,16.4,5.0,470.0,2022.0,10.7
2015/04/22,0.0,17.1,4.6,445.0,1987.0,10.850000000000001
2015/04/23,0.0,17.9,4.9,477.0,2088.0,11.399999999999999
2015/04/24,1.8,15.7,4.8,449.0,2023.0,10.25
2015/04/25,2.8,13.3,7.8,398.0,1773.0,10.55
2015/04/26,0.0,12.5,0.4,422.0,1335.0,6.45
2015/04/27,0.4,9.5,-0.6,347.0,1047.0,4.45
2015/04/28,4.2,9.6,-0.8,430.0,1965.0,4.3999999999999995
2015/04/29,0.3,11.8,1.1,437.0,1889.0,6.45
2015/04/30,0.0,12.5,1.5,427.0,1800.0,7.0
2015/05/01,8.5,9.5,3.7,244.0,1074.0,6.6
2015/05/02,26.6,11.7,5.0,382.0,2425.0,8.35
2015/05/03,3.8,14.1,7.5,422.0,2301.0,10.8
2015/05/04,12.2,12.2,4.2,314.0,1011.0,8.2
2015/05/05,7.1,12.8,5.5,348.0,1135.0,9.15
2015/05/06,9.3,12.9,4.8,397.0,1609.0,8.85
2015/05/07,0.6,13.5,5.7,193.0,1030.0,9.6
2015/05/08,12.0,7.7,5.5,112.0,1079.0,6.6
2015/05/09,0.6,14.6,5.4,57.0,1409.0,10.0
2015/05/10,2.4,13.0,6.5,5.0,1063.0,9.75
2015/05/11,0.3,15.7,9.5,194.0,2104.0,12.6
2015/05/12,0.0,13.5,6.0,118.0,2259.0,9.75
2015/05/13,5.0,16.5,4.5,445.0,1751.0,10.5
2015/05/14,0.2,10.5,8.0,440.0,1704.0,9.25
2015/05/15,0.2,14.9,5.1,418.0,1850.0,10.0
2015/05/16,0.0,12.9,5.1,410.0,1655.0,9.0
2015/05/17,5.8,13.7,5.2,353.0,1040.0,9.45
2015/05/18,2.3,11.6,4.3,357.0,1014.0,7.949999999999999
2015/05/19,3.0,11.5,4.5,370.0,1621.0,8.0
2015/05/20,0.0,14.2,5.0,387.0,1509.0,9.6
2015/05/21,0.4,17.2,5.5,411.0,1599.0,11.35
2015/05/22,0.0,16.2,10.9,400.0,1684.0,13.55
2015/05/23,0.0,17.9,8.6,401.0,1623.0,13.25
2015/05/24,0.0,15.9,9.7,396.0,885.0,12.8
2015/05/25,0.0,17.0,8.4,391.0,1044.0,12.7
2015/05/26,0.0,18.5,7.9,414.0,1668.0,13.2
2015/05/27,2.8,12.7,4.7,409.0,1619.0,8.7
2015/05/28,7.0,13.1,5.0,384.0,1515.0,9.05
2015/05/29,0.5,13.4,6.8,389.0,1519.0,10.1
2015/05/30,8.6,13.0,3.5,373.0,1416.0,8.25
2015/05/31,0.1,12.0,6.9,351.0,937.0,9.45
2015/06/01,11.3,12.4,4.6,324.0,1979.0,8.5
2015/06/02,0.4,14.4,7.7,388.0,2391.0,11.05
2015/06/03,0.0,15.7,5.8,413.0,2291.0,10.75
2015/06/04,5.4,16.2,7.6,311.0,1283.0,11.899999999999999
2015/06/05,0.0,15.5,8.9,442.0,1743.0,12.2
2015/06/06,0.1,14.3,5.7,382.0,1437.0,10.0
2015/06/07,0.0,16.1,5.0,170.0,937.0,10.55
2015/06/08,0.0,14.5,4.4,112.0,1183.0,9.45
2015/06/09,0.0,17.4,4.1,12.0,807.0,10.75
2015/06/10,0.0,19.1,7.1,159.0,2090.0,13.100000000000001
2015/06/11,1.0,17.9,7.7,211.0,2078.0,12.799999999999999
2015/06/12,0.1,17.9,10.5,193.0,1191.0,14.2
2015/06/13,0.0,18.0,10.7,401.0,1284.0,14.35
2015/06/14,0.0,18.2,6.8,364.0,812.0,12.5
2015/06/15,0.0,19.2,8.2,370.0,910.0,13.7
2015/06/16,0.3,21.6,9.5,388.0,1397.0,15.55
2015/06/17,0.0,18.5,12.3,307.0,1385.0,15.4
2015/06/18,0.0,18.4,8.6,160.0,1495.0,13.5
2015/06/19,0.0,18.3,8.2,188.0,1382.0,13.25
2015/06/20,0.3,21.2,12.7,175.0,1489.0,16.95
2015/06/21,0.9,15.1,10.0,150.0,892.0,12.55
2015/06/22,0.0,18.4,8.0,142.0,863.0,13.2
2015/06/23,0.2,20.3,8.0,182.0,1336.0,14.15
2015/06/24,0.1,18.8,10.1,242.0,1383.0,14.45
2015/06/25,2.2,17.5,12.1,199.0,1433.0,14.8
2015/06/26,0.1,20.9,13.7,173.0,1302.0,17.299999999999997
2015/06/27,4.8,19.1,10.4,163.0,1295.0,14.75
2015/06/28,0.1,20.0,13.4,135.0,991.0,16.7
2015/06/29,1.0,19.3,11.5,127.0,899.0,15.4
2015/06/30,0.0,23.0,12.6,132.0,1174.0,17.8
2015/07/01,0.0,23.9,14.0,295.0,2023.0,18.95
2015/07/02,0.0,20.2,11.8,358.0,2229.0,16.0
2015/07/03,4.8,21.0,11.7,409.0,2175.0,16.35
2015/07/04,1.3,19.7,14.4,314.0,1354.0,17.05
2015/07/05,15.0,18.1,10.8,451.0,1857.0,14.450000000000001
2015/07/06,6.8,18.1,10.0,372.0,907.0,14.05
2015/07/07,2.3,16.0,11.7,188.0,1162.0,13.85
2015/07/08,0.1,17.0,11.5,118.0,1102.0,14.25
2015/07/09,0.0,17.0,8.5,0.0,789.0,12.75
2015/07/10,0.2,19.0,10.0,175.0,2107.0,14.5
2015/07/11,4.5,15.2,9.6,149.0,1993.0,12.399999999999999
2015/07/12,4.6,17.5,12.4,22.0,1387.0,14.95
2015/07/13,1.1,19.5,13.7,194.0,922.0,16.6
2015/07/14,1.4,15.9,9.6,204.0,1213.0,12.75
2015/07/15,0.1,16.7,9.0,178.0,1182.0,12.85
2015/07/16,9.0,16.7,11.2,156.0,1093.0,13.95
2015/07/17,1.4,16.4,11.2,150.0,1249.0,13.799999999999999
2015/07/18,9.3,20.1,8.6,139.0,1139.0,14.350000000000001
2015/07/19,0.3,18.9,7.6,106.0,938.0,13.25
2015/07/20,0.7,20.0,11.1,114.0,932.0,15.55
2015/07/21,0.2,17.0,12.6,113.0,1081.0,14.8
2015/07/22,0.0,17.2,10.6,126.0,1095.0,13.899999999999999
2015/07/23,1.2,16.0,9.4,162.0,1068.0,12.7
2015/07/24,0.3,17.5,9.7,156.0,1162.0,13.6
2015/07/25,5.8,17.4,6.9,122.0,1055.0,12.149999999999999
2015/07/26,2.9,17.3,10.4,113.0,865.0,13.850000000000001
2015/07/27,0.4,14.5,11.5,112.0,916.0,13.0
2015/07/28,2.2,16.2,9.6,113.0,1174.0,12.899999999999999
2015/07/29,0.3,17.7,8.2,117.0,1097.0,12.95
2015/07/30,0.0,15.1,7.5,115.0,1086.0,11.3
2015/07/31,1.7,15.3,9.5,520.0,1136.0,12.4
2015/08/01,4.7,17.5,8.5,310.0,2305.0,13.0
2015/08/02,10.1,17.9,11.8,312.0,1194.0,14.85
2015/08/03,2.2,18.0,12.0,323.0,1158.0,15.0
2015/08/04,7.8,18.4,12.1,358.0,1743.0,15.25
2015/08/05,5.3,17.2,11.0,456.0,1809.0,14.1
2015/08/06,0.0,16.4,9.1,376.0,963.0,12.75
2015/08/07,0.0,19.1,9.7,183.0,1206.0,14.4
2015/08/08,0.8,16.9,8.2,128.0,972.0,12.549999999999999
2015/08/09,0.2,19.7,12.0,105.0,1525.0,15.85
2015/08/10,0.0,18.3,13.1,158.0,2084.0,15.7
2015/08/11,0.0,16.0,10.5,90.0,1316.0,13.25
2015/08/12,0.0,20.9,8.0,132.0,2396.0,14.45
2015/08/13,0.0,21.7,9.8,131.0,1101.0,15.75
2015/08/14,0.0,17.7,8.9,184.0,1074.0,13.3
2015/08/15,0.0,17.4,7.3,212.0,1025.0,12.35
2015/08/16,0.0,17.4,9.7,140.0,909.0,13.549999999999999
2015/08/17,0.0,20.3,12.3,122.0,839.0,16.3
2015/08/18,5.5,20.5,9.0,137.0,1150.0,14.75
2015/08/19,0.8,19.1,10.4,141.0,1145.0,14.75
2015/08/20,0.2,19.9,12.7,139.0,1265.0,16.299999999999997
2015/08/21,0.1,20.5,14.2,139.0,1242.0,17.35
2015/08/22,9.2,17.8,11.4,137.0,1090.0,14.600000000000001
2015/08/23,0.3,15.9,11.9,124.0,900.0,13.9
2015/08/23,0.3,15.9,11.9,124.0,0.0,13.9
2015/08/23,0.3,15.9,11.9,0.0,900.0,13.9
2015/08/23,0.3,15.9,11.9,0.0,0.0,13.9
2015/08/24,0.0,17.2,10.4,121.0,714.0,13.8
2015/08/25,31.8,17.9,8.5,168.0,1066.0,13.2
2015/08/26,1.5,17.4,9.7,117.0,1172.0,13.549999999999999
2015/08/27,2.0,16.9,7.8,42.0,1131.0,12.35
2015/08/28,1.2,17.5,8.8,41.0,1110.0,13.15
2015/08/29,0.1,19.0,10.8,37.0,1171.0,14.9
2015/08/30,1.5,16.7,10.6,22.0,932.0,13.649999999999999
2015/08/31,1.8,17.1,10.8,9.0,876.0,13.950000000000001
2015/09/01,0.0,16.5,7.8,294.0,2175.0,12.15
2015/09/02,0.0,15.4,6.8,277.0,1402.0,11.1
2015/09/03,0.1,14.4,8.0,295.0,1366.0,11.2
2015/09/04,0.0,17.9,9.9,377.0,1735.0,13.899999999999999
2015/09/05,0.0,16.3,9.5,429.0,1771.0,12.9
2015/09/06,0.0,13.9,6.9,401.0,1508.0,10.4
2015/09/07,0.0,13.9,8.9,188.0,1158.0,11.4
2015/09/08,0.0,19.5,9.6,172.0,933.0,14.55
2015/09/09,0.0,17.3,10.4,129.0,1554.0,13.850000000000001
2015/09/10,1.6,20.0,12.6,175.0,1995.0,16.3
2015/09/11,13.1,15.3,13.0,21.0,1123.0,14.15
2015/09/12,1.7,15.9,8.4,128.0,2386.0,12.15
2015/09/13,5.3,16.6,9.4,33.0,852.0,13.0
2015/09/14,12.0,10.8,8.3,49.0,841.0,9.55
2015/09/15,0.0,15.9,8.0,168.0,1873.0,11.95
2015/09/16,0.0,15.2,7.9,161.0,2063.0,11.55
2015/09/17,0.3,15.5,6.2,234.0,2061.0,10.85
2015/09/18,0.0,17.1,7.1,172.0,1944.0,12.100000000000001
2015/09/19,0.0,16.2,11.5,63.0,1635.0,13.85
2015/09/20,11.7,14.8,11.3,13.0,870.0,13.05
2015/09/21,7.5,15.9,8.7,6.0,976.0,12.3
2015/09/22,0.0,16.3,7.2,186.0,1997.0,11.75
2015/09/23,0.5,15.6,7.6,145.0,1972.0,11.6
2015/09/24,0.0,14.1,6.8,168.0,2081.0,10.45
2015/09/25,0.0,15.2,6.5,165.0,1969.0,10.85
2015/09/26,0.0,17.2,6.6,68.0,1707.0,11.899999999999999
2015/09/27,0.0,18.0,9.0,13.0,963.0,13.5
2015/09/28,0.0,17.4,9.5,1.0,1042.0,13.45
2015/09/29,0.0,15.8,11.5,194.0,2046.0,13.65
2015/09/30,0.0,16.2,6.9,148.0,2100.0,11.55
2015/10/01,0.0,17.2,7.6,283.0,2211.0,12.399999999999999
2015/10/02,0.0,11.6,4.6,368.0,2435.0,8.1
2015/10/03,0.0,11.9,5.0,437.0,2456.0,8.45
2015/10/04,3.2,14.0,6.9,347.0,1704.0,10.45
2015/10/05,2.2,15.4,10.0,393.0,1220.0,12.7
2015/10/06,0.1,16.2,12.1,390.0,1512.0,14.149999999999999
2015/10/07,0.0,16.4,5.5,191.0,1144.0,10.95
2015/10/08,1.1,16.9,6.0,171.0,782.0,11.45
2015/10/09,1.0,14.5,6.0,85.0,1622.0,10.25
2015/10/10,0.0,13.3,9.8,80.0,1723.0,11.55
2015/10/11,0.0,14.8,9.6,183.0,2184.0,12.2
2015/10/12,0.0,13.0,7.7,126.0,2415.0,10.35
2015/10/13,0.0,13.5,2.9,163.0,2066.0,8.2
2015/10/14,0.0,14.2,3.3,180.0,2086.0,8.75
2015/10/15,0.0,12.4,3.9,176.0,2033.0,8.15
2015/10/16,0.0,12.4,4.8,154.0,2023.0,8.6
2015/10/17,0.0,12.2,5.5,90.0,1889.0,8.85
2015/10/18,0.2,10.6,8.0,55.0,1055.0,9.3
2015/10/19,0.0,13.3,8.0,10.0,1040.0,10.65
2015/10/20,3.7,13.5,5.0,211.0,2175.0,9.25
2015/10/21,0.6,13.7,6.2,221.0,2314.0,9.95
2015/10/22,0.0,13.1,9.0,218.0,2266.0,11.05
2015/10/23,10.2,13.2,8.6,183.0,2142.0,10.899999999999999
2015/10/24,1.1,10.4,6.4,148.0,1901.0,8.4
2015/10/25,1.1,12.1,3.9,81.0,927.0,8.0
2015/10/26,8.0,13.5,6.6,4.0,1167.0,10.05
2015/10/27,5.5,12.0,10.9,3.0,1276.0,11.45
2015/10/28,5.6,13.6,8.5,84.0,1855.0,11.05
2015/10/29,1.7,12.0,6.1,134.0,1835.0,9.05
2015/10/30,4.6,15.0,6.6,108.0,1749.0,10.8
2015/10/31,0.1,16.0,11.4,73.0,1743.0,13.7
2015/11/01,0.0,14.0,4.8,252.0,1306.0,9.4
2015/11/02,0.0,15.8,9.4,382.0,2408.0,12.600000000000001
2015/11/03,0.0,13.4,9.4,503.0,2291.0,11.4
2015/11/04,0.5,12.4,8.1,347.0,1683.0,10.25
2015/11/05,7.5,14.0,8.3,358.0,1138.0,11.15
2015/11/06,7.3,15.5,11.4,397.0,1428.0,13.45
2015/11/07,7.5,14.4,10.0,168.0,1257.0,12.2
2015/11/08,3.2,14.6,8.5,142.0,1020.0,11.55
2015/11/09,4.0,15.1,5.7,72.0,1618.0,10.4
2015/11/10,1.4,15.3,12.0,50.0,1041.0,13.65
2015/11/11,1.5,15.5,12.0,161.0,2195.0,13.75
2015/11/12,6.0,15.3,6.5,110.0,2202.0,10.9
2015/11/13,5.2,9.1,4.0,159.0,2170.0,6.55
2015/11/14,8.0,15.0,2.9,144.0,1996.0,8.95
2015/11/15,1.6,16.1,7.1,83.0,1155.0,11.600000000000001
2015/11/16,4.1,9.6,4.6,45.0,1013.0,7.1
2015/11/17,8.9,13.7,4.7,214.0,2186.0,9.2
2015/11/18,1.5,11.0,6.0,213.0,2207.0,8.5
2015/11/19,0.4,10.0,6.9,192.0,2123.0,8.45
2015/11/20,0.5,7.9,3.7,177.0,2128.0,5.800000000000001
2015/11/21,0.1,5.2,1.0,168.0,2063.0,3.1
2015/11/22,0.0,8.0,1.6,120.0,1498.0,4.8
2015/11/23,3.5,10.5,0.9,138.0,1463.0,5.7
2015/11/24,0.2,9.8,2.4,240.0,2316.0,6.1000000000000005
2015/11/25,0.1,11.3,7.4,172.0,2398.0,9.350000000000001
2015/11/26,0.1,11.8,6.6,175.0,2396.0,9.2
2015/11/27,1.8,11.1,8.5,131.0,2359.0,9.8
2015/11/28,5.4,10.9,1.2,83.0,2133.0,6.05
2015/11/29,8.6,11.2,3.9,93.0,1248.0,7.55
2015/11/30,6.1,12.5,5.1,9.0,1197.0,8.8
2015/12/01,3.1,12.9,6.8,242.0,1594.0,9.85
2015/12/02,9.0,11.8,9.7,392.0,2296.0,10.75
2015/12/03,22.5,8.5,5.0,437.0,2388.0,6.75
2015/12/04,2.4,11.2,2.2,343.0,1180.0,6.699999999999999
2015/12/05,6.3,11.9,8.0,465.0,1888.0,9.95
2015/12/06,1.4,12.4,5.6,395.0,1388.0,9.0
2015/12/07,6.5,12.0,5.2,182.0,958.0,8.6
2015/12/08,2.5,10.4,6.0,124.0,1034.0,8.2
2015/12/09,13.4,10.6,1.7,32.0,1501.0,6.1499999999999995
2015/12/10,0.7,6.5,4.5,4.0,1070.0,5.5
2015/12/11,12.3,11.5,3.2,186.0,2160.0,7.35
2015/12/12,16.4,12.0,3.7,89.0,2160.0,7.85
2015/12/13,1.5,10.2,2.9,28.0,1334.0,6.55
2015/12/14,7.2,11.6,5.4,4.0,1481.0,8.5
2015/12/15,12.3,12.7,9.0,101.0,2250.0,10.85
2015/12/16,4.1,13.0,9.6,112.0,2242.0,11.3
2015/12/17,0.9,12.5,9.6,109.0,2147.0,11.05
2015/12/18,4.1,13.5,9.8,87.0,2068.0,11.65
2015/12/19,5.1,13.0,11.0,71.0,1977.0,12.0
2015/12/20,2.0,11.1,5.8,18.0,1194.0,8.45
2015/12/21,7.4,12.9,3.2,6.0,1316.0,8.05
2015/12/22,2.4,10.7,5.6,25.0,1657.0,8.149999999999999
2015/12/23,12.5,10.7,2.9,18.0,1552.0,6.8
2015/12/24,6.3,5.3,3.1,29.0,1382.0,4.2
2015/12/25,23.8,12.5,0.9,5.0,1207.0,6.7
2015/12/26,10.2,7.3,4.1,2.0,1251.0,5.699999999999999
2015/12/27,6.5,12.0,1.0,1.0,1003.0,6.5
2015/12/28,24.3,12.0,1.8,6.0,1124.0,6.9
2015/12/29,25.9,12.5,5.3,4.0,1170.0,8.9
2015/12/30,9.0,10.7,4.9,4.0,1188.0,7.8
2015/12/31,1.9,6.2,1.5,5.0,1165.0,3.85
2016/01/01,32.3,8.9,0.1,5.0,1234.0,4.5
2016/01/02,7.4,9.4,3.9,46.0,1830.0,6.65
2016/01/03,0.9,8.7,3.3,158.0,2567.0,6.0
2016/01/04,3.1,7.4,5.1,50.0,1726.0,6.25
2016/01/05,0.2,6.5,4.6,1.0,1245.0,5.55
2016/01/06,4.9,9.2,1.1,13.0,1331.0,5.1499999999999995
2016/01/07,3.7,4.7,1.7,0.0,989.0,3.2
2016/01/08,3.7,5.3,0.7,0.0,741.0,3.0
2016/01/09,10.9,4.8,0.0,10.0,1228.0,2.4
2016/01/10,0.0,4.0,0.0,295.0,1768.0,2.0
2016/01/11,0.0,5.4,0.0,1.0,1193.0,2.7
2016/01/12,0.0,5.3,-0.5,109.0,2606.0,2.4
2016/01/13,1.4,3.7,-0.6,55.0,2417.0,1.55
2016/01/14,0.2,3.7,-0.2,69.0,2467.0,1.75
2016/01/15,0.0,4.7,-1.5,58.0,2445.0,1.6
2016/01/16,0.5,6.0,-2.1,36.0,2415.0,1.95
2016/01/17,3.3,7.6,0.0,30.0,1784.0,3.8
2016/01/18,0.7,7.0,6.0,10.0,1616.0,6.5
2016/01/19,0.2,6.0,4.2,138.0,2566.0,5.1
2016/01/20,2.2,10.1,0.8,143.0,2525.0,5.45
2016/01/21,5.8,12.1,0.9,163.0,2620.0,6.5
2016/01/22,0.7,10.1,9.3,110.0,2455.0,9.7
2016/01/23,1.8,12.1,5.8,81.0,2185.0,8.95
2016/01/24,0.1,12.8,7.6,20.0,1374.0,10.2
2016/01/25,6.6,11.1,10.0,14.0,1337.0,10.55
2016/01/26,13.3,12.5,5.8,182.0,2446.0,9.15
2016/01/27,1.0,8.5,7.0,224.0,2453.0,7.75
2016/01/28,2.0,12.3,0.4,147.0,2447.0,6.3500000000000005
2016/01/29,0.2,10.0,2.4,180.0,2435.0,6.2
2016/01/30,1.5,11.7,0.8,114.0,2277.0,6.25
2016/01/31,1.3,13.0,0.9,96.0,1953.0,6.95
2016/02/01,0.2,12.4,9.7,5.0,1234.0,11.05
2016/02/02,2.7,6.4,2.1,152.0,2404.0,4.25
2016/02/03,0.2,9.5,0.1,144.0,2475.0,4.8
2016/02/04,0.8,11.6,3.3,59.0,1787.0,7.449999999999999
2016/02/05,7.8,8.8,7.5,0.0,1204.0,8.15
2016/02/06,2.4,8.7,1.6,17.0,1390.0,5.1499999999999995
2016/02/07,12.1,10.7,0.9,1.0,1039.0,5.8
2016/02/08,1.0,7.5,3.4,0.0,737.0,5.45
2016/02/09,0.1,5.4,-0.3,23.0,1187.0,2.5500000000000003
2016/02/10,0.0,7.2,0.0,280.0,1002.0,3.6
2016/02/11,0.0,5.9,0.1,34.0,1707.0,3.0
2016/02/12,8.3,6.1,0.7,175.0,2850.0,3.4
2016/02/13,8.2,5.1,2.8,51.0,2264.0,3.9499999999999997
2016/02/14,0.2,5.1,2.7,56.0,1602.0,3.9
2016/02/15,0.0,7.1,-2.1,0.0,1390.0,2.5
2016/02/16,25.3,8.1,-2.2,78.0,2244.0,2.9499999999999997
2016/02/17,0.7,9.0,1.5,72.0,2357.0,5.25
2016/02/18,0.0,7.0,-1.5,105.0,2353.0,2.75
2016/02/19,0.4,10.2,-0.5,48.0,2324.0,4.85
2016/02/20,2.1,11.5,6.0,44.0,2187.0,8.75
2016/02/21,0.0,10.8,7.0,3.0,1531.0,8.9
2016/02/22,0.0,8.2,3.8,5.0,1564.0,6.0
2016/02/23,0.0,6.5,-3.7,152.0,2446.0,1.4
2016/02/24,0.0,8.8,-2.1,140.0,2554.0,3.3500000000000005
2016/02/25,4.9,7.0,-1.8,137.0,2537.0,2.6
2016/02/26,15.6,4.6,-0.3,148.0,2526.0,2.15
2016/02/27,0.0,5.3,1.0,57.0,2350.0,3.15
2016/02/28,0.7,6.1,1.9,12.0,1418.0,4.0
2016/02/29,11.9,10.4,1.8,3.0,1503.0,6.1000000000000005
2016/03/01,8.0,9.5,3.9,0.0,1065.0,6.7
2016/03/02,0.5,9.0,0.6,149.0,2542.0,4.8
2016/03/03,1.8,7.2,3.0,144.0,2533.0,5.1
2016/03/04,2.0,7.5,-0.4,42.0,1468.0,3.55
2016/03/05,0.0,8.7,0.0,0.0,1214.0,4.35
2016/03/06,5.0,3.6,-2.2,17.0,1266.0,0.7
2016/03/07,2.2,7.5,-1.4,13.0,974.0,3.05
2016/03/08,6.6,8.0,2.0,0.0,863.0,5.0
2016/03/09,0.1,9.9,1.5,34.0,1226.0,5.7
2016/03/10,0.0,12.0,2.0,291.0,1036.0,7.0
2016/03/11,0.0,13.0,3.9,44.0,1823.0,8.45
2016/03/12,0.0,12.9,7.0,61.0,2460.0,9.95
2016/03/13,0.0,12.3,6.0,8.0,1316.0,9.15
2016/03/14,0.0,11.6,2.9,4.0,1340.0,7.25
2016/03/15,0.0,11.3,0.9,158.0,2231.0,6.1000000000000005
2016/03/16,0.0,12.3,2.0,165.0,2317.0,7.15
2016/03/17,0.0,9.4,2.6,136.0,2306.0,6.0
2016/03/18,0.0,11.5,0.1,4.0,1571.0,5.8
2016/03/19,0.0,6.8,0.8,46.0,1968.0,3.8
2016/03/20,0.0,6.8,3.6,99.0,1281.0,5.2
2016/03/21,0.0,7.5,-0.3,175.0,1379.0,3.6
2016/03/22,0.0,6.3,2.8,109.0,1851.0,4.55
2016/03/23,3.1,11.0,4.5,48.0,1892.0,7.75
2016/03/24,0.5,10.2,4.8,42.0,1799.0,7.5
2016/03/25,10.4,11.5,2.3,55.0,1763.0,6.9
2016/03/26,4.5,9.4,3.7,9.0,1408.0,6.550000000000001
2016/03/27,0.2,9.2,2.4,6.0,1274.0,5.8
2016/03/28,0.4,10.3,0.7,7.0,1290.0,5.5
2016/03/29,0.3,8.1,1.0,9.0,1433.0,4.55
2016/03/30,0.1,11.5,0.0,33.0,1698.0,5.75
2016/03/31,0.9,12.0,-0.2,39.0,1740.0,5.9
2016/04/01,5.4,9.4,0.2,0.0,1268.0,4.8
2016/04/02,30.9,8.6,5.5,84.0,2332.0,7.05
2016/04/03,5.6,10.9,6.0,152.0,2443.0,8.45
2016/04/04,1.5,11.7,5.2,4.0,1431.0,8.45
2016/04/05,0.5,12.3,2.3,106.0,1782.0,7.300000000000001
2016/04/06,1.9,8.4,3.0,8.0,1240.0,5.7
2016/04/07,0.4,12.0,2.0,3.0,879.0,7.0
2016/04/08,1.5,9.5,3.8,4.0,866.0,6.65
2016/04/09,3.9,8.8,-1.2,4.0,782.0,3.8000000000000003
2016/04/10,20.8,9.1,-0.6,400.0,2048.0,4.25
2016/04/11,3.8,11.0,4.7,55.0,1831.0,7.85
2016/04/12,0.1,13.9,1.0,7.0,1488.0,7.45
2016/04/13,0.3,15.5,1.8,116.0,2239.0,8.65
2016/04/14,0.0,12.1,5.6,107.0,2272.0,8.85
2016/04/15,1.1,11.0,3.3,101.0,2012.0,7.15
2016/04/16,0.1,10.0,-0.8,53.0,1931.0,4.6
2016/04/17,0.0,9.6,-0.6,0.0,1154.0,4.5
2016/04/18,0.0,12.1,4.5,2.0,1237.0,8.3
2016/04/19,0.0,14.3,3.5,109.0,2091.0,8.9
2016/04/20,0.0,15.4,3.0,94.0,2036.0,9.2
2016/04/21,0.0,15.0,3.0,115.0,2093.0,9.0
2016/04/22,0.0,14.5,3.2,97.0,2015.0,8.85
2016/04/23,0.0,13.9,2.6,47.0,1815.0,8.25
2016/04/24,0.0,11.0,2.0,88.0,1475.0,6.5
2016/04/25,0.0,14.6,5.1,0.0,1336.0,9.85
2016/04/26,0.0,11.0,1.5,90.0,2059.0,6.25
2016/04/27,0.8,10.7,-1.2,112.0,2083.0,4.75
2016/04/28,0.5,11.2,0.5,85.0,2075.0,5.85
2016/04/29,0.3,10.6,1.1,86.0,2008.0,5.85
2016/04/30,1.9,12.4,1.6,37.0,1843.0,7.0
2016/05/01,3.1,17.1,4.6,32.0,1761.0,10.850000000000001
2016/05/02,0.1,12.2,6.8,135.0,2378.0,9.5
2016/05/03,0.0,13.4,3.9,191.0,2507.0,8.65
2016/05/04,0.2,14.6,6.0,136.0,2252.0,10.3
2016/05/05,0.0,15.7,7.4,104.0,1934.0,11.55
2016/05/06,2.2,16.0,6.3,0.0,807.0,11.15
2016/05/07,11.0,12.2,6.3,21.0,1024.0,9.25
2016/05/08,0.0,20.0,6.8,0.0,845.0,13.4
2016/05/09,13.1,18.5,11.0,2.0,834.0,14.75
2016/05/10,2.8,15.0,12.7,432.0,2069.0,13.85
2016/05/11,1.2,15.4,12.2,46.0,1817.0,13.8
2016/05/12,0.0,20.3,10.8,31.0,1615.0,15.55
2016/05/13,0.0,21.0,9.3,67.0,1809.0,15.15
2016/05/14,0.0,18.0,6.2,51.0,1533.0,12.1
2016/05/15,0.0,18.1,7.8,26.0,1179.0,12.950000000000001
2016/05/16,0.0,18.5,6.0,3.0,989.0,12.25
2016/05/17,2.1,17.1,7.6,96.0,1574.0,12.350000000000001
2016/05/18,2.0,14.7,7.7,66.0,1640.0,11.2
2016/05/19,0.1,18.0,7.2,50.0,1658.0,12.6
2016/05/20,3.8,12.9,9.0,22.0,1610.0,10.95
2016/05/21,4.7,17.3,9.7,23.0,1616.0,13.5
2016/05/22,4.8,14.9,6.0,13.0,1039.0,10.45
2016/05/23,0.0,16.2,4.4,0.0,1048.0,10.3
2016/05/24,0.0,17.4,4.7,49.0,1545.0,11.049999999999999
2016/05/25,0.1,13.0,8.0,101.0,1454.0,10.5
2016/05/26,0.1,12.6,6.3,27.0,1564.0,9.45
2016/05/27,0.7,17.9,7.4,12.0,1525.0,12.649999999999999
2016/05/28,0.0,20.3,9.0,10.0,1400.0,14.65
2016/05/29,4.0,20.2,9.6,0.0,1084.0,14.899999999999999
2016/05/30,0.0,22.1,11.1,0.0,1147.0,16.6
2016/05/31,0.0,22.1,9.7,13.0,1407.0,15.9
2016/06/01,0.0,21.3,7.7,32.0,1728.0,14.5
2016/06/02,0.0,20.1,8.6,71.0,2206.0,14.350000000000001
2016/06/03,0.0,21.0,8.0,11.0,1547.0,14.5
2016/06/04,0.0,23.2,9.4,181.0,2238.0,16.3
2016/06/05,0.0,22.9,13.0,57.0,1862.0,17.95
2016/06/06,0.0,22.0,12.2,0.0,835.0,17.1
2016/06/07,0.0,22.5,12.8,24.0,1005.0,17.65
2016/06/08,0.0,25.4,13.5,0.0,865.0,19.45
2016/06/09,1.1,20.6,12.0,61.0,1464.0,16.3
2016/06/10,13.9,17.5,15.1,467.0,2085.0,16.3
2016/06/11,6.5,21.0,13.8,46.0,1350.0,17.4
2016/06/12,5.2,19.9,12.5,154.0,2659.0,16.2
2016/06/13,1.8,18.4,11.5,0.0,779.0,14.95
2016/06/14,8.8,15.7,11.5,9.0,1167.0,13.6
2016/06/15,2.5,18.0,10.5,13.0,1148.0,14.25
2016/06/16,0.1,15.5,9.5,14.0,1208.0,12.5
2016/06/17,0.0,15.4,9.0,8.0,1257.0,12.2
2016/06/18,5.0,17.5,8.7,22.0,1073.0,13.1
2016/06/19,12.7,16.8,12.0,0.0,712.0,14.4
2016/06/20,0.0,17.3,12.8,1.0,764.0,15.05
2016/06/21,0.0,17.9,11.4,10.0,1056.0,14.649999999999999
2016/06/22,0.0,18.4,11.3,10.0,1013.0,14.85
2016/06/23,2.5,18.9,9.7,4.0,1004.0,14.299999999999999
2016/06/24,6.1,15.9,11.0,3.0,983.0,13.45
2016/06/25,2.8,16.0,11.5,4.0,917.0,13.75
2016/06/26,0.5,18.0,11.0,0.0,697.0,14.5
2016/06/26,0.5,18.0,11.0,0.0,0.0,14.5
2016/06/26,0.5,18.0,11.0,0.0,697.0,14.5
2016/06/26,0.5,18.0,11.0,0.0,0.0,14.5
2016/06/27,0.0,17.5,8.5,1.0,591.0,13.0
2016/06/28,11.3,16.8,10.5,1.0,911.0,13.65
2016/06/29,0.6,17.7,10.8,13.0,1016.0,14.25
2016/06/30,4.1,14.3,8.4,6.0,970.0,11.350000000000001
2016/07/01,3.8,14.5,9.6,37.0,1836.0,12.05
2016/07/02,0.8,17.0,7.9,51.0,1603.0,12.45
2016/07/03,0.0,19.0,7.9,0.0,1617.0,13.45
2016/07/04,0.3,20.5,9.7,145.0,2322.0,15.1
2016/07/05,0.0,18.4,10.0,61.0,1720.0,14.2
2016/07/06,1.2,17.5,11.3,0.0,853.0,14.4
2016/07/07,0.1,22.4,12.6,13.0,958.0,17.5
2016/07/08,9.3,18.9,13.0,0.0,848.0,15.95
2016/07/09,0.3,21.0,13.8,76.0,1600.0,17.4
2016/07/10,1.5,15.9,13.6,450.0,2067.0,14.75
2016/07/11,0.4,17.4,11.9,4.0,1239.0,14.649999999999999
2016/07/12,2.4,16.4,9.2,161.0,2633.0,12.799999999999999
2016/07/13,0.1,17.9,8.2,150.0,913.0,13.049999999999999
2016/07/14,3.4,17.7,8.0,146.0,940.0,12.85
2016/07/15,1.4,22.2,10.5,49.0,921.0,16.35
2016/07/16,0.9,18.6,13.8,1.0,931.0,16.200000000000003
2016/07/17,0.0,21.4,13.7,0.0,763.0,17.549999999999997
2016/07/18,0.0,25.6,15.9,0.0,766.0,20.75
2016/07/19,0.0,27.7,14.4,9.0,951.0,21.05
2016/07/20,0.1,20.0,13.7,4.0,882.0,16.85
2016/07/21,6.7,20.4,14.4,42.0,906.0,17.4
2016/07/22,0.0,18.2,12.5,60.0,908.0,15.35
2016/07/23,1.3,21.2,13.3,12.0,847.0,17.25
2016/07/24,0.1,19.5,12.9,0.0,682.0,16.2
2016/07/25,0.4,16.4,11.7,0.0,706.0,14.049999999999999
2016/07/26,3.7,19.7,12.4,0.0,901.0,16.05
2016/07/27,0.5,18.6,12.0,7.0,872.0,15.3
2016/07/28,0.5,20.2,13.0,10.0,885.0,16.6
2016/07/29,0.1,20.1,13.3,14.0,885.0,16.700000000000003
2016/07/30,0.0,17.4,12.0,0.0,859.0,14.7
2016/07/31,2.2,17.3,10.3,2.0,670.0,13.8
2016/08/01,7.4,17.3,9.7,30.0,1841.0,13.5
2016/08/02,0.0,22.2,12.5,9.0,1415.0,17.35
2016/08/03,0.4,16.8,13.9,149.0,2563.0,15.350000000000001
2016/08/04,0.0,17.7,12.9,134.0,2305.0,15.3
2016/08/05,0.0,20.1,12.2,13.0,1428.0,16.15
2016/08/06,0.0,20.8,11.9,4.0,1194.0,16.35
2016/08/07,1.2,21.6,13.9,509.0,957.0,17.75
2016/08/08,0.1,19.7,9.6,2.0,754.0,14.649999999999999
2016/08/09,0.0,18.4,7.4,118.0,1739.0,12.899999999999999
2016/08/10,0.0,16.5,9.6,415.0,1900.0,13.05
2016/08/11,0.0,19.6,11.0,152.0,2184.0,15.3
2016/08/12,0.8,20.1,10.0,226.0,2505.0,15.05
2016/08/13,0.0,17.5,11.9,2.0,920.0,14.7
2016/08/14,0.0,17.5,12.5,26.0,861.0,15.0
2016/08/15,0.0,23.1,8.9,0.0,741.0,16.0
2016/08/16,1.1,24.5,11.7,4.0,959.0,18.1
2016/08/17,12.0,18.0,14.0,2.0,987.0,16.0
2016/08/18,5.6,18.3,13.8,2.0,1042.0,16.05
2016/08/19,8.3,19.7,12.8,14.0,916.0,16.25
2016/08/20,4.1,17.8,13.4,3.0,923.0,15.600000000000001
2016/08/21,10.0,17.9,11.0,0.0,777.0,14.45
2016/08/22,8.1,20.8,11.0,0.0,774.0,15.9
2016/08/23,0.5,16.5,12.5,12.0,1002.0,14.5
2016/08/24,0.0,20.7,10.0,47.0,975.0,15.35
2016/08/25,0.2,22.4,10.6,25.0,1080.0,16.5
2016/08/26,0.0,19.7,10.4,52.0,1054.0,15.05
2016/08/27,1.8,20.8,9.8,47.0,1019.0,15.3
2016/08/28,0.0,21.4,12.0,1.0,782.0,16.7
2016/08/29,0.0,20.5,11.1,0.0,761.0,15.8
2016/08/30,1.6,19.1,11.4,193.0,1058.0,15.25
2016/08/31,0.1,17.1,10.0,99.0,1140.0,13.55
2016/09/01,3.2,17.1,8.5,30.0,1881.0,12.8
2016/09/02,7.8,18.9,9.6,154.0,2584.0,14.25
2016/09/03,2.4,20.9,11.5,150.0,2593.0,16.2
2016/09/04,4.9,17.6,12.5,62.0,2116.0,15.05
2016/09/05,0.0,24.7,13.2,0.0,1314.0,18.95
2016/09/06,0.0,22.5,16.6,10.0,1283.0,19.55
2016/09/07,0.4,19.5,15.6,165.0,893.0,17.55
2016/09/08,4.1,18.5,12.6,0.0,887.0,15.55
2016/09/09,13.1,17.8,11.9,96.0,1728.0,14.850000000000001
2016/09/10,0.1,16.1,9.8,386.0,1185.0,12.950000000000001
2016/09/11,2.5,18.5,9.4,148.0,2290.0,13.95
2016/09/12,8.1,17.4,13.8,105.0,2524.0,15.6
2016/09/13,0.8,17.3,9.8,157.0,1644.0,13.55
2016/09/14,1.6,17.0,10.4,157.0,1799.0,13.7
2016/09/15,0.0,16.7,13.0,174.0,1812.0,14.85
2016/09/16,0.0,17.5,9.0,195.0,1818.0,13.25
2016/09/17,0.0,17.5,9.2,156.0,1610.0,13.35
2016/09/18,3.1,16.2,10.3,105.0,915.0,13.25
2016/09/19,0.0,14.6,10.0,114.0,886.0,12.3
2016/09/20,0.0,15.5,10.0,317.0,1835.0,12.75
2016/09/21,8.0,14.0,11.0,320.0,2193.0,12.5
2016/09/22,0.3,15.9,4.8,212.0,2233.0,10.35
2016/09/23,6.5,16.4,5.0,229.0,2106.0,10.7
2016/09/24,9.8,15.8,10.3,193.0,1993.0,13.05
2016/09/25,4.4,14.3,7.9,162.0,1162.0,11.100000000000001
2016/09/26,0.3,17.8,8.9,439.0,1178.0,13.350000000000001
2016/09/27,0.0,18.9,9.6,417.0,2097.0,14.25
2016/09/28,2.0,21.0,11.0,355.0,2164.0,16.0
2016/09/29,0.4,15.5,10.0,349.0,2218.0,12.75
2016/09/30,4.8,14.7,6.7,340.0,2005.0,10.7
2016/10/01,0.1,14.4,7.7,42.0,1552.0,11.05
2016/10/02,0.1,16.0,4.0,164.0,2635.0,10.0
2016/10/03,0.0,16.0,5.2,216.0,2568.0,10.6
2016/10/04,0.0,16.2,12.8,6.0,1396.0,14.5
2016/10/05,0.0,16.6,12.2,83.0,1769.0,14.4
2016/10/06,0.5,13.5,8.5,7.0,1223.0,11.0
2016/10/07,0.0,15.0,7.3,172.0,915.0,11.15
2016/10/08,0.0,16.3,9.5,1.0,932.0,12.9
2016/10/09,0.0,16.0,9.3,58.0,1461.0,12.65
2016/10/10,0.0,14.4,9.1,361.0,1096.0,11.75
2016/10/11,0.0,14.0,5.4,169.0,2332.0,9.7
2016/10/12,0.0,13.0,5.6,49.0,2262.0,9.3
2016/10/13,0.9,14.0,5.5,527.0,2172.0,9.75
2016/10/14,14.5,10.5,4.6,539.0,2116.0,7.55
2016/10/15,10.6,14.6,4.7,487.0,1905.0,9.65
2016/10/16,2.0,13.2,5.5,443.0,1121.0,9.35
2016/10/17,1.1,13.4,8.0,437.0,1121.0,10.7
2016/10/18,0.1,12.5,5.2,321.0,2117.0,8.85
2016/10/19,0.0,11.8,4.8,183.0,2150.0,8.3
2016/10/20,0.0,15.1,6.7,130.0,2154.0,10.9
2016/10/21,0.0,12.5,5.7,127.0,2126.0,9.1
2016/10/22,0.0,12.2,6.3,60.0,1901.0,9.25
2016/10/23,0.0,11.5,4.7,12.0,1053.0,8.1
2016/10/24,0.0,12.2,5.6,3.0,1090.0,8.899999999999999
2016/10/25,0.0,12.1,5.2,142.0,2160.0,8.65
2016/10/26,0.0,13.5,7.2,164.0,2237.0,10.35
2016/10/27,0.0,15.5,8.7,185.0,2222.0,12.1
2016/10/28,0.0,14.7,10.5,132.0,2136.0,12.6
2016/10/29,0.0,12.7,9.6,52.0,1905.0,11.149999999999999
2016/10/30,0.0,14.3,8.8,2.0,1055.0,11.55
2016/10/31,0.0,13.6,10.0,3.0,1138.0,11.8
2016/11/01,0.0,10.2,7.3,2.0,1299.0,8.75
2016/11/02,0.0,9.6,2.3,150.0,2436.0,5.949999999999999
2016/11/03,0.0,10.0,4.2,153.0,2447.0,7.1
2016/11/04,0.0,9.7,3.8,0.0,1430.0,6.75
2016/11/05,0.0,8.8,2.9,70.0,1734.0,5.8500000000000005
2016/11/06,0.0,8.0,0.6,7.0,1043.0,4.3
2016/11/07,0.5,8.0,-0.3,153.0,850.0,3.85
2016/11/08,8.3,10.7,-0.3,1.0,1026.0,5.199999999999999
2016/11/09,3.5,9.2,3.0,1.0,781.0,6.1
2016/11/10,0.1,10.0,4.7,496.0,1994.0,7.35
2016/11/11,15.0,12.6,2.7,139.0,2253.0,7.65
2016/11/12,0.1,11.5,2.5,17.0,1460.0,7.0
2016/11/13,0.3,12.2,4.8,28.0,1305.0,8.5
2016/11/14,0.0,16.4,8.0,7.0,1273.0,12.2
2016/11/15,1.1,13.1,12.0,158.0,2245.0,12.55
2016/11/16,1.3,9.5,6.0,157.0,2245.0,7.75
2016/11/17,1.8,6.8,4.0,169.0,2282.0,5.4
2016/11/18,0.8,4.0,-1.0,144.0,2357.0,1.5
2016/11/19,0.0,3.5,-0.6,141.0,2305.0,1.45
2016/11/20,0.0,1.6,-3.0,14.0,1237.0,-0.7
2016/11/21,0.0,4.6,-2.1,6.0,1371.0,1.2499999999999998
2016/11/22,0.0,7.1,0.8,139.0,2569.0,3.9499999999999997
2016/11/23,0.0,5.6,-2.5,149.0,2599.0,1.5499999999999998
2016/11/24,0.0,8.0,-1.5,174.0,2542.0,3.25
2016/11/25,0.0,5.3,-2.5,173.0,2555.0,1.4
2016/11/26,0.3,3.2,-2.5,87.0,2382.0,0.3500000000000001
2016/11/27,0.0,7.6,-1.7,81.0,1493.0,2.9499999999999997
2016/11/28,0.0,6.1,2.5,11.0,1472.0,4.3
2016/11/29,0.0,6.3,1.8,148.0,2597.0,4.05
2016/11/30,0.0,5.3,-0.2,140.0,2609.0,2.55
2016/12/01,0.0,5.0,-1.5,74.0,2115.0,1.75
2016/12/02,0.1,5.6,-1.5,69.0,2211.0,2.05
2016/12/03,0.0,6.9,0.8,78.0,2184.0,3.85
2016/12/04,0.0,5.5,1.5,117.0,2313.0,3.5
2016/12/05,0.4,11.1,2.5,81.0,1743.0,6.8
2016/12/06,1.5,13.8,4.6,1.0,770.0,9.2
2016/12/07,7.6,15.0,10.5,154.0,970.0,12.75
2016/12/08,0.8,14.4,9.6,3.0,958.0,12.0
2016/12/09,0.3,12.7,8.6,1.0,788.0,10.649999999999999
2016/12/10,0.2,8.5,6.5,529.0,2136.0,7.5
2016/12/11,0.0,9.0,3.6,113.0,2122.0,6.3
2016/12/12,6.4,10.6,3.8,12.0,1480.0,7.199999999999999
2016/12/13,3.7,12.0,7.7,110.0,2360.0,9.85
2016/12/14,4.4,8.1,8.0,82.0,2376.0,8.05
2016/12/15,14.4,9.4,1.9,77.0,2413.0,5.65
2016/12/16,0.0,8.4,5.1,41.0,2410.0,6.75
2016/12/17,0.0,6.7,1.5,20.0,2179.0,4.1
2016/12/18,0.1,8.1,2.0,2.0,1485.0,5.05
2016/12/19,0.0,9.1,5.1,0.0,1548.0,7.1
2016/12/20,9.2,7.8,-0.8,6.0,2035.0,3.5
2016/12/21,0.8,6.7,-0.5,4.0,2027.0,3.1
2016/12/22,0.2,9.4,2.5,34.0,1866.0,5.95
2016/12/23,4.1,10.7,4.2,6.0,1957.0,7.449999999999999
2016/12/24,1.1,12.1,4.6,6.0,1662.0,8.35
2016/12/25,1.9,12.7,6.4,2.0,1308.0,9.55
2016/12/26,0.0,6.6,2.9,1.0,1389.0,4.75
2016/12/27,0.0,8.0,1.5,1.0,1554.0,4.75
2016/12/28,0.0,10.0,3.9,2.0,1585.0,6.95
2016/12/29,0.0,10.1,4.2,0.0,1552.0,7.15
2016/12/30,0.2,11.0,5.7,2.0,1559.0,8.35
2016/12/31,10.3,9.1,7.3,0.0,1526.0,8.2
2017/01/01,0.0,4.6,1.6,2.0,1273.0,3.0999999999999996
2017/01/02,0.0,4.3,0.5,139.0,2514.0,2.4
2017/01/03,0.0,4.1,-2.9,154.0,2449.0,0.5999999999999999
2017/01/04,0.1,7.5,-2.7,78.0,1901.0,2.4
2017/01/05,4.3,10.0,3.3,35.0,1267.0,6.65
2017/01/06,5.5,11.6,4.7,140.0,1535.0,8.15
2017/01/07,0.3,10.5,8.9,131.0,1015.0,9.7
2017/01/08,2.5,10.1,7.2,249.0,1073.0,8.65
2017/01/09,1.0,8.0,5.1,78.0,1118.0,6.55
2017/01/10,0.1,12.6,4.8,135.0,948.0,8.7
2017/01/11,2.0,7.8,4.8,122.0,1774.0,6.3
2017/01/12,1.0,2.4,0.6,172.0,2516.0,1.5
2017/01/13,1.8,4.0,-1.0,29.0,2246.0,1.5
2017/01/14,0.2,8.0,-0.7,24.0,2282.0,3.65
2017/01/15,0.2,9.9,2.0,47.0,1614.0,5.95
2017/01/16,0.4,9.8,6.5,2.0,1580.0,8.15
2017/01/17,0.4,9.0,7.1,137.0,2442.0,8.05
2017/01/18,0.0,8.5,6.9,105.0,2479.0,7.7
2017/01/19,0.0,8.7,3.9,113.0,2470.0,6.3
2017/01/20,0.0,7.2,3.5,106.0,2458.0,5.35
2017/01/21,0.0,3.0,-0.5,74.0,2364.0,1.25
2017/01/22,0.0,6.5,0.8,92.0,1732.0,3.65
2017/01/23,0.9,9.4,2.3,20.0,1678.0,5.85
2017/01/24,0.1,10.1,2.1,137.0,2521.0,6.1
2017/01/25,0.0,9.5,6.9,136.0,2544.0,8.2
2017/01/26,1.3,6.9,4.9,141.0,2483.0,5.9
2017/01/27,0.8,7.1,4.5,130.0,2589.0,5.8
2017/01/28,1.0,6.5,0.5,67.0,2304.0,3.5
2017/01/29,6.2,8.6,0.2,4.0,1429.0,4.3999999999999995
2017/01/30,14.6,10.5,3.3,4.0,1492.0,6.9
2017/01/31,0.2,11.0,6.7,138.0,2544.0,8.85
2017/02/01,9.4,11.1,2.5,0.0,1445.0,6.8
2017/02/02,3.5,10.0,6.3,129.0,2561.0,8.15
2017/02/03,0.2,5.5,3.6,149.0,2404.0,4.55
2017/02/04,0.0,6.5,-1.1,61.0,1213.0,2.7
2017/02/05,2.0,7.0,-1.0,36.0,1193.0,3.0
2017/02/06,6.5,11.3,-0.7,129.0,1533.0,5.300000000000001
2017/02/07,0.1,6.2,0.9,120.0,834.0,3.5500000000000003
2017/02/08,2.2,8.7,-0.1,262.0,1038.0,4.3
2017/02/09,0.2,6.5,-0.3,75.0,1219.0,3.1
2017/02/10,0.0,5.0,0.9,54.0,1091.0,2.95
2017/02/11,2.6,4.5,-2.1,92.0,1709.0,1.2
2017/02/12,1.6,5.6,-2.1,187.0,2164.0,1.7499999999999998
2017/02/13,3.3,8.9,2.2,8.0,1587.0,5.550000000000001
2017/02/14,6.7,10.3,5.0,76.0,2276.0,7.65
2017/02/15,0.3,11.1,4.8,102.0,2366.0,7.949999999999999
2017/02/16,1.0,9.9,3.9,51.0,2278.0,6.9
2017/02/17,2.7,11.5,6.6,52.0,2268.0,9.05
2017/02/18,0.3,11.8,8.6,83.0,2155.0,10.2
2017/02/19,0.2,11.5,6.7,33.0,1323.0,9.1
2017/02/20,1.5,11.7,9.4,9.0,1323.0,10.55
2017/02/21,4.4,13.3,10.0,163.0,2298.0,11.65
2017/02/22,8.2,12.4,9.6,136.0,2369.0,11.0
2017/02/23,0.0,8.0,4.9,133.0,2330.0,6.45
2017/02/24,1.7,9.3,1.3,120.0,2320.0,5.300000000000001
2017/02/25,2.9,12.2,1.9,79.0,2167.0,7.05
2017/02/26,1.7,11.3,6.2,7.0,1332.0,8.75
2017/02/27,0.2,6.3,0.5,6.0,1412.0,3.4
2017/02/28,0.1,10.8,-1.1,151.0,2374.0,4.8500000000000005
2017/03/01,3.8,10.5,1.6,2.0,1610.0,6.05
2017/03/02,15.5,7.7,1.4,119.0,2523.0,4.55
2017/03/03,9.5,7.2,1.6,164.0,2380.0,4.4
2017/03/04,5.8,7.2,2.7,26.0,1208.0,4.95
2017/03/05,4.0,8.5,2.7,179.0,1855.0,5.6
2017/03/06,1.8,7.4,2.0,141.0,1264.0,4.7
2017/03/07,1.7,11.0,1.0,117.0,806.0,6.0
2017/03/08,0.1,11.5,5.1,201.0,1011.0,8.3
2017/03/09,0.1,13.9,6.1,82.0,985.0,10.0
2017/03/10,1.4,10.7,5.9,236.0,1963.0,8.3
2017/03/11,4.4,15.6,8.8,120.0,1801.0,12.2
2017/03/12,0.2,11.2,5.7,283.0,1395.0,8.45
2017/03/13,0.0,15.1,4.6,20.0,1366.0,9.85
2017/03/14,0.9,14.4,8.8,174.0,2230.0,11.600000000000001
2017/03/15,0.1,13.9,4.6,183.0,2285.0,9.25
2017/03/16,0.0,10.3,6.5,218.0,2178.0,8.4
2017/03/17,0.9,12.1,1.9,312.0,2149.0,7.0
2017/03/18,0.2,12.1,7.0,11.0,1562.0,9.55
2017/03/19,3.6,13.0,10.0,18.0,1239.0,11.5
2017/03/20,1.5,10.7,6.4,12.0,1252.0,8.55
2017/03/21,11.5,7.2,-0.4,173.0,2199.0,3.4
2017/03/22,7.9,4.6,0.0,172.0,2362.0,2.3
2017/03/23,0.1,10.4,1.8,162.0,2362.0,6.1000000000000005
2017/03/24,0.0,13.1,1.6,174.0,2366.0,7.35
2017/03/25,0.0,16.2,2.8,134.0,2047.0,9.5
2017/03/26,0.0,14.7,2.4,63.0,1309.0,8.549999999999999
2017/03/27,0.0,16.3,4.0,33.0,1197.0,10.15
2017/03/28,5.9,12.2,6.3,172.0,2100.0,9.25
2017/03/29,5.4,12.5,8.6,167.0,2144.0,10.55
2017/03/30,7.2,13.7,10.4,139.0,2127.0,12.05
2017/03/31,0.5,13.6,7.3,141.0,2094.0,10.45
2017/04/01,0.3,13.8,6.9,8.0,2008.0,10.350000000000001
2017/04/02,0.0,13.1,2.8,41.0,2277.0,7.949999999999999
2017/04/03,3.8,12.7,5.8,104.0,2224.0,9.25
2017/04/04,0.0,11.6,4.5,175.0,2166.0,8.05
2017/04/05,0.0,10.4,4.7,200.0,1857.0,7.550000000000001
2017/04/06,0.0,11.1,7.2,89.0,868.0,9.15
2017/04/07,0.0,14.8,6.2,144.0,1025.0,10.5
2017/04/08,0.0,17.8,1.8,234.0,996.0,9.8
2017/04/09,0.0,14.1,2.2,25.0,928.0,8.15
2017/04/10,0.0,12.6,2.6,201.0,1988.0,7.6
2017/04/11,0.0,9.7,2.8,70.0,1582.0,6.25
2017/04/12,0.1,14.0,6.1,15.0,1417.0,10.05
2017/04/13,0.0,11.6,6.2,81.0,1763.0,8.9
2017/04/14,0.8,12.3,6.2,83.0,1681.0,9.25
2017/04/15,0.0,11.3,5.3,20.0,1268.0,8.3
2017/04/16,0.6,12.3,5.0,19.0,1076.0,8.65
2017/04/17,0.0,12.1,6.0,22.0,1239.0,9.05
2017/04/18,0.0,14.3,3.6,18.0,1286.0,8.950000000000001
2017/04/19,0.0,14.6,5.9,69.0,1707.0,10.25
2017/04/20,0.0,14.3,7.9,93.0,1666.0,11.100000000000001
2017/04/21,0.0,15.6,6.3,92.0,1581.0,10.95
2017/04/22,0.0,14.1,5.8,88.0,1555.0,9.95
2017/04/23,0.0,12.0,7.7,44.0,1081.0,9.85
2017/04/24,0.0,13.3,7.8,26.0,1084.0,10.55
2017/04/25,0.1,10.6,-0.2,170.0,1993.0,5.2
2017/04/26,0.1,10.1,-0.3,184.0,2060.0,4.8999999999999995
2017/04/27,0.0,12.9,3.0,146.0,2067.0,7.95
2017/04/28,0.0,10.1,4.6,164.0,2028.0,7.35
2017/04/29,9.1,10.7,4.1,104.0,1767.0,7.3999999999999995
2017/04/30,1.9,11.7,7.8,66.0,1173.0,9.75
2017/05/01,0.0,17.9,2.7,12.0,1958.0,10.299999999999999
2017/05/02,0.0,18.6,4.4,24.0,1536.0,11.5
2017/05/03,0.0,14.6,5.8,32.0,1451.0,10.2
2017/05/04,0.0,13.7,5.9,150.0,2200.0,9.8
2017/05/05,0.0,14.1,6.3,184.0,1910.0,10.2
2017/05/06,0.0,12.7,7.5,107.0,880.0,10.1
2017/05/07,0.0,18.3,7.0,152.0,1033.0,12.65
2017/05/08,0.0,18.6,7.8,226.0,963.0,13.200000000000001
2017/05/09,0.0,17.0,4.5,129.0,1651.0,10.75
2017/05/10,0.0,18.5,4.4,170.0,1973.0,11.45
2017/05/11,0.7,16.7,5.0,50.0,1226.0,10.85
2017/05/12,21.6,13.8,9.6,215.0,2548.0,11.7
2017/05/13,3.0,14.2,7.0,144.0,1639.0,10.6
2017/05/14,4.9,14.9,5.8,107.0,1150.0,10.35
2017/05/15,3.3,15.0,8.8,101.0,1007.0,11.9
2017/05/16,0.1,17.4,12.9,180.0,1795.0,15.149999999999999
2017/05/17,3.2,15.1,6.6,120.0,1756.0,10.85
2017/05/18,0.3,15.0,4.6,118.0,1681.0,9.8
2017/05/19,4.9,13.3,4.3,123.0,1675.0,8.8
2017/05/20,2.6,14.3,6.9,123.0,1483.0,10.600000000000001
2017/05/21,0.3,15.1,8.5,78.0,993.0,11.8
2017/05/22,0.0,19.0,10.5,69.0,998.0,14.75
2017/05/23,0.0,21.2,12.4,131.0,1576.0,16.8
2017/05/24,0.0,22.4,13.3,117.0,1585.0,17.85
2017/05/25,0.0,21.7,10.9,122.0,1489.0,16.3
2017/05/26,15.0,23.4,12.2,167.0,1433.0,17.799999999999997
2017/05/27,15.5,15.0,13.1,114.0,1337.0,14.05
2017/05/28,4.2,17.0,9.2,76.0,922.0,13.1
2017/05/29,0.2,16.1,10.3,69.0,923.0,13.200000000000001
2017/05/30,0.0,19.5,11.1,138.0,1410.0,15.3
2017/05/31,0.0,18.0,8.2,114.0,1464.0,13.1
2017/06/01,7.4,14.4,10.8,52.0,1997.0,12.600000000000001
2017/06/02,0.9,17.2,9.5,1.0,1471.0,13.35
2017/06/03,1.1,19.0,9.1,12.0,1404.0,14.05
2017/06/04,10.3,16.5,6.6,151.0,2142.0,11.55
2017/06/05,12.3,12.5,9.8,154.0,1761.0,11.15
2017/06/06,0.6,15.0,6.9,98.0,936.0,10.95
2017/06/07,6.0,14.1,6.5,153.0,1036.0,10.3
2017/06/08,13.2,14.6,10.4,185.0,766.0,12.5
2017/06/09,4.2,16.5,7.1,130.0,1628.0,11.8
2017/06/10,3.1,15.5,12.0,205.0,2032.0,13.75
2017/06/11,0.3,17.0,10.6,29.0,1292.0,13.8
2017/06/12,0.0,16.8,10.0,198.0,2439.0,13.4
2017/06/13,0.0,17.0,11.0,104.0,1389.0,14.0
2017/06/14,0.0,17.2,11.9,108.0,1346.0,14.55
2017/06/15,0.6,16.8,10.1,109.0,1333.0,13.45
2017/06/16,0.0,23.0,12.1,116.0,1275.0,17.55
2017/06/17,0.0,25.0,11.6,122.0,1204.0,18.3
2017/06/18,0.0,26.1,10.8,104.0,924.0,18.450000000000003
2017/06/19,0.0,26.6,12.4,104.0,919.0,19.5
2017/06/20,0.5,25.6,13.0,108.0,1180.0,19.3
2017/06/21,0.5,26.4,15.8,117.0,1070.0,21.1
2017/06/22,0.1,18.2,12.0,116.0,992.0,15.1
2017/06/23,0.0,18.0,11.8,117.0,1041.0,14.9
2017/06/24,0.0,19.4,12.0,123.0,1070.0,15.7
2017/06/25,1.1,17.4,11.9,111.0,928.0,14.649999999999999
2017/06/26,24.4,15.6,9.8,110.0,851.0,12.7
2017/06/27,0.0,20.6,12.0,131.0,1083.0,16.3
2017/06/28,2.7,18.4,11.6,139.0,980.0,15.0
2017/06/29,0.4,16.9,9.2,138.0,1064.0,13.049999999999999
2017/06/30,0.0,18.1,9.6,126.0,1056.0,13.850000000000001
2017/07/01,0.0,18.2,7.3,54.0,2025.0,12.75
2017/07/02,0.6,20.7,7.8,147.0,2507.0,14.25
2017/07/03,2.4,18.1,11.5,172.0,2415.0,14.8
2017/07/04,0.1,19.2,13.4,147.0,2125.0,16.3
2017/07/05,0.1,21.5,11.6,193.0,1501.0,16.55
2017/07/06,0.2,21.0,12.6,121.0,1288.0,16.8
2017/07/07,0.0,18.6,13.3,152.0,1025.0,15.950000000000001
2017/07/08,0.0,22.4,12.5,182.0,782.0,17.45
2017/07/09,0.3,21.0,12.3,144.0,1616.0,16.65
2017/07/10,3.1,18.2,11.7,131.0,1611.0,14.95
2017/07/11,0.8,17.4,11.9,232.0,2271.0,14.649999999999999
2017/07/12,0.0,21.5,8.6,173.0,2477.0,15.05
2017/07/13,0.4,21.2,10.5,136.0,941.0,15.85
2017/07/14,0.0,23.4,11.4,152.0,935.0,17.4
2017/07/15,0.3,24.4,12.9,150.0,906.0,18.65
2017/07/16,0.0,21.0,13.2,148.0,877.0,17.1
2017/07/17,0.0,25.0,9.0,136.0,753.0,17.0
2017/07/18,6.4,26.0,11.4,150.0,972.0,18.7
2017/07/19,4.2,19.9,14.8,175.0,1091.0,17.35
2017/07/20,21.5,16.2,7.9,152.0,1057.0,12.05
2017/07/21,5.8,14.3,8.6,169.0,1035.0,11.45
2017/07/22,0.0,20.0,10.0,173.0,920.0,15.0
2017/07/23,0.0,22.0,10.8,152.0,797.0,16.4
2017/07/24,0.0,23.7,10.0,150.0,794.0,16.85
2017/07/25,11.2,22.2,9.9,161.0,1027.0,16.05
2017/07/26,0.8,18.2,12.6,176.0,1073.0,15.399999999999999
2017/07/27,0.8,17.4,9.8,185.0,1099.0,13.6
2017/07/28,1.9,17.5,10.0,192.0,1061.0,13.75
2017/07/29,0.5,18.5,11.0,176.0,1001.0,14.75
2017/07/30,3.8,18.1,10.0,149.0,938.0,14.05
2017/07/31,3.5,18.6,9.8,152.0,935.0,14.200000000000001
2017/08/01,1.8,17.7,10.3,33.0,1490.0,14.0
2017/08/02,7.0,19.7,12.2,131.0,2489.0,15.95
2017/08/03,0.4,18.4,12.5,178.0,2483.0,15.45
2017/08/04,1.8,18.4,11.4,74.0,1876.0,14.899999999999999
2017/08/05,1.3,18.2,9.5,190.0,1184.0,13.85
2017/08/06,8.8,16.0,8.9,121.0,1314.0,12.45
2017/08/07,0.8,16.7,10.0,158.0,982.0,13.35
2017/08/08,1.9,16.0,9.4,185.0,766.0,12.7
2017/08/09,0.0,20.5,8.0,131.0,1678.0,14.25
2017/08/10,0.5,18.6,8.0,91.0,1092.0,13.3
2017/08/11,0.2,21.4,10.8,218.0,2215.0,16.1
2017/08/12,0.0,19.0,11.3,156.0,2421.0,15.15
2017/08/13,10.1,19.6,7.5,177.0,904.0,13.55
2017/08/14,21.1,17.6,11.6,170.0,798.0,14.600000000000001
2017/08/15,0.8,19.4,8.8,174.0,1050.0,14.1
2017/08/16,0.9,19.0,9.4,186.0,1005.0,14.2
2017/08/17,5.7,20.1,10.0,183.0,1047.0,15.05
2017/08/18,4.5,18.1,8.2,214.0,1050.0,13.15
2017/08/19,0.1,16.2,9.9,269.0,982.0,13.05
2017/08/20,50.5,17.1,9.8,300.0,967.0,13.450000000000001
2017/08/21,0.2,22.1,13.0,283.0,837.0,17.55
2017/08/22,0.5,17.4,14.4,266.0,1141.0,15.899999999999999
2017/08/23,2.9,19.3,10.9,247.0,1060.0,15.100000000000001
2017/08/24,0.0,18.0,11.4,274.0,1076.0,14.7
2017/08/25,0.1,19.2,12.3,469.0,1134.0,15.75
2017/08/26,0.5,20.4,12.6,432.0,1082.0,16.5
2017/08/27,0.0,21.9,14.0,264.0,818.0,17.95
2017/08/28,0.3,21.5,13.8,262.0,812.0,17.65
2017/08/29,0.0,15.9,9.7,191.0,1165.0,12.8
2017/08/30,0.1,18.5,8.2,39.0,1198.0,13.35
2017/08/31,1.4,16.9,8.5,84.0,1153.0,12.7
2017/09/01,0.0,19.3,8.0,8.0,1501.0,13.65
2017/09/02,20.9,17.0,8.3,153.0,2541.0,12.65
2017/09/03,4.3,22.1,12.0,226.0,2308.0,17.05
2017/09/04,13.9,18.5,15.6,45.0,1260.0,17.05
2017/09/05,0.2,17.5,10.5,208.0,1836.0,14.0
2017/09/06,0.0,17.0,11.4,115.0,1280.0,14.2
2017/09/07,7.7,15.5,11.7,140.0,906.0,13.6
2017/09/08,2.2,17.0,11.6,198.0,941.0,14.3
2017/09/09,0.4,17.0,9.0,73.0,1497.0,13.0
2017/09/10,3.9,16.2,10.5,48.0,1094.0,13.35
2017/09/11,3.6,15.0,9.7,170.0,2262.0,12.35
2017/09/12,4.2,14.7,8.2,122.0,2264.0,11.45
2017/09/13,6.6,13.9,7.9,220.0,1731.0,10.9
2017/09/14,0.3,16.5,6.0,214.0,1712.0,11.25
2017/09/15,0.1,16.2,8.5,178.0,1731.0,12.35
2017/09/16,1.7,11.7,7.5,88.0,1562.0,9.6
2017/09/17,0.0,16.4,6.3,52.0,1010.0,11.35
2017/09/18,0.0,17.3,6.4,48.0,1167.0,11.850000000000001
2017/09/19,0.7,16.8,6.4,194.0,1921.0,11.600000000000001
2017/09/20,18.3,16.4,9.6,186.0,1959.0,13.0
2017/09/21,4.1,15.5,7.0,201.0,1962.0,11.25
2017/09/22,0.2,17.3,7.4,197.0,1850.0,12.350000000000001
2017/09/23,4.2,16.7,10.5,86.0,1517.0,13.6
2017/09/24,0.0,18.7,12.0,42.0,1035.0,15.35
2017/09/25,0.0,18.7,8.7,30.0,1087.0,13.7
2017/09/26,2.6,15.9,9.1,229.0,1940.0,12.5
2017/09/27,11.4,15.0,12.3,248.0,2007.0,13.65
2017/09/28,1.3,14.8,8.6,204.0,2077.0,11.7
2017/09/29,2.8,15.0,9.0,193.0,1997.0,12.0
2017/09/30,1.2,14.3,8.0,153.0,1637.0,11.15
2017/10/01,0.2,16.4,8.9,46.0,2096.0,12.649999999999999
2017/10/02,0.3,14.6,10.5,117.0,2494.0,12.55
2017/10/03,0.0,12.9,5.0,159.0,2278.0,8.95
2017/10/04,1.7,15.1,5.0,29.0,1240.0,10.05
2017/10/05,0.7,14.5,8.0,153.0,1738.0,11.25
2017/10/06,0.1,13.8,5.0,114.0,1262.0,9.4
2017/10/07,0.1,14.7,5.0,136.0,767.0,9.85
2017/10/08,0.2,12.8,9.2,197.0,923.0,11.0
2017/10/09,2.1,14.1,7.5,161.0,1072.0,10.8
2017/10/10,10.3,15.7,8.9,196.0,2019.0,12.3
2017/10/11,2.6,14.6,9.8,177.0,2170.0,12.2
2017/10/12,0.7,16.1,6.4,38.0,1482.0,11.25
2017/10/13,1.2,17.2,7.2,202.0,1979.0,12.2
2017/10/14,0.3,17.6,15.3,108.0,1557.0,16.450000000000003
2017/10/15,3.7,17.4,13.6,78.0,1088.0,15.5
2017/10/16,2.5,16.1,12.5,69.0,1104.0,14.3
2017/10/16,2.5,16.1,12.5,69.0,0.0,14.3
2017/10/16,2.5,16.1,12.5,0.0,1104.0,14.3
2017/10/16,2.5,16.1,12.5,0.0,0.0,14.3
2017/10/17,0.0,14.0,6.3,44.0,990.0,10.15
2017/10/18,3.5,13.2,4.9,144.0,1854.0,9.05
2017/10/19,29.6,13.6,5.6,214.0,2129.0,9.6
2017/10/20,11.7,12.6,3.9,179.0,1997.0,8.25
2017/10/21,0.6,13.6,4.4,66.0,1606.0,9.0
2017/10/22,1.6,13.2,6.5,9.0,1121.0,9.85
2017/10/23,2.6,15.3,9.4,9.0,1192.0,12.350000000000001
2017/10/24,8.4,15.2,10.0,175.0,2123.0,12.6
2017/10/25,0.8,12.6,7.0,222.0,2162.0,9.8
2017/10/26,0.2,12.7,7.3,180.0,2117.0,10.0
2017/10/27,0.0,13.8,4.2,160.0,2083.0,9.0
2017/10/28,0.3,14.1,6.5,84.0,1621.0,10.3
2017/10/29,0.0,12.4,10.2,40.0,990.0,11.3
2017/10/30,0.2,13.0,4.9,43.0,1165.0,8.95
2017/10/31,0.0,13.4,5.1,29.0,1280.0,9.25
2017/11/01,0.0,13.6,7.7,28.0,2246.0,10.65
2017/11/02,0.0,11.4,7.0,59.0,2354.0,9.2
2017/11/03,0.0,11.3,8.2,167.0,2129.0,9.75
2017/11/04,2.2,8.4,4.2,70.0,1685.0,6.300000000000001
2017/11/05,0.0,9.9,2.2,162.0,1797.0,6.050000000000001
2017/11/06,4.4,12.0,3.1,91.0,963.0,7.55
2017/11/07,0.3,8.5,4.5,156.0,914.0,6.5
2017/11/08,0.9,11.2,1.4,197.0,935.0,6.3
2017/11/09,0.3,11.5,2.4,318.0,976.0,6.95
2017/11/10,5.3,12.0,6.4,186.0,1992.0,9.2
2017/11/11,6.2,10.0,6.4,105.0,1816.0,8.2
2017/11/12,0.0,8.0,3.9,23.0,1552.0,5.95
2017/11/13,2.1,10.2,0.5,9.0,1348.0,5.35
2017/11/14,0.3,12.0,2.3,183.0,2407.0,7.15
2017/11/15,0.6,11.5,7.6,165.0,2318.0,9.55
2017/11/16,0.0,8.7,7.2,176.0,2219.0,7.949999999999999
2017/11/17,1.6,8.9,1.2,194.0,2190.0,5.05
2017/11/18,2.8,8.2,1.4,216.0,1911.0,4.8
2017/11/19,1.9,12.4,6.5,92.0,1190.0,9.45
2017/11/20,0.3,13.5,6.5,94.0,1363.0,10.0
2017/11/21,12.9,14.1,10.4,244.0,2303.0,12.25
2017/11/22,6.0,13.0,10.7,209.0,2255.0,11.85
2017/11/23,0.0,7.2,1.9,184.0,2333.0,4.55
2017/11/24,0.7,4.4,-0.6,156.0,2198.0,1.9000000000000001
2017/11/25,0.4,4.6,-1.2,79.0,1910.0,1.6999999999999997
2017/11/26,3.0,9.3,-0.4,75.0,1282.0,4.45
2017/11/27,1.1,7.8,2.6,2.0,1349.0,5.2
2017/11/28,0.0,5.9,1.4,185.0,2552.0,3.6500000000000004
2017/11/29,0.0,4.3,-0.6,185.0,2581.0,1.8499999999999999
2017/11/30,1.7,6.3,-0.5,150.0,2524.0,2.9
2017/12/01,0.1,4.2,-1.0,33.0,2185.0,1.6
2017/12/02,0.6,7.9,0.9,7.0,1506.0,4.4
2017/12/03,0.0,8.3,3.7,49.0,1379.0,6.0
2017/12/04,0.0,8.3,5.3,77.0,1715.0,6.800000000000001
2017/12/05,0.6,7.9,5.0,152.0,1691.0,6.45
2017/12/06,5.2,12.8,3.7,92.0,924.0,8.25
2017/12/07,0.7,6.8,3.8,153.0,927.0,5.3
2017/12/08,0.0,4.1,-0.5,181.0,959.0,1.7999999999999998
2017/12/09,25.1,4.9,-0.6,296.0,1746.0,2.1500000000000004
2017/12/10,8.4,1.0,-0.1,198.0,2017.0,0.45
2017/12/11,0.4,3.0,-4.8,36.0,1205.0,-0.8999999999999999
2017/12/12,2.0,9.0,-0.6,131.0,2933.0,4.2
2017/12/13,7.4,6.8,1.6,154.0,2762.0,4.2
2017/12/14,3.0,5.4,0.8,112.0,2597.0,3.1
2017/12/15,0.1,5.9,1.7,144.0,2602.0,3.8000000000000003
2017/12/16,0.5,9.1,-0.2,88.0,2221.0,4.45
2017/12/17,0.1,11.5,1.8,29.0,1532.0,6.65
2017/12/18,0.0,9.7,1.8,42.0,1492.0,5.75
2017/12/19,0.3,11.5,2.9,57.0,2277.0,7.2
2017/12/20,0.6,11.9,9.3,62.0,2291.0,10.600000000000001
2017/12/21,5.0,11.2,8.9,57.0,2249.0,10.05
2017/12/22,0.1,10.0,8.8,48.0,2207.0,9.4
2017/12/23,0.4,10.6,6.8,57.0,1632.0,8.7
2017/12/24,12.3,11.0,6.9,51.0,1390.0,8.95
2017/12/25,4.7,5.7,4.6,48.0,1502.0,5.15
2017/12/26,0.2,4.0,0.8,50.0,1748.0,2.4
2017/12/27,0.0,3.8,-0.1,55.0,1711.0,1.8499999999999999
2017/12/28,11.0,6.1,-1.7,51.0,1720.0,2.1999999999999997
2017/12/29,3.6,11.4,-0.5,39.0,1755.0,5.45
2017/12/30,1.0,11.7,2.6,26.0,1450.0,7.1499999999999995
2017/12/31,3.6,7.3,4.6,23.0,1332.0,5.949999999999999
2018/01/01,3.5,8.2,2.2,21.0,1363.0,5.199999999999999
2018/01/02,6.2,11.0,2.7,0.0,2770.0,6.85
2018/01/03,4.3,9.8,3.4,240.0,2535.0,6.6000000000000005
2018/01/04,3.1,9.5,3.5,40.0,1013.0,6.5
2018/01/05,0.1,5.5,1.9,338.0,1888.0,3.7
2018/01/06,0.4,5.0,0.9,308.0,1250.0,2.95
2018/01/07,0.0,3.9,-1.5,361.0,677.0,1.2
2018/01/08,1.3,6.7,-2.5,548.0,844.0,2.1
2018/01/09,7.5,8.5,-0.3,215.0,1205.0,4.1
2018/01/10,0.7,6.1,1.6,311.0,1143.0,3.8499999999999996
2018/01/11,0.2,6.4,1.0,108.0,1801.0,3.7
2018/01/12,9.6,8.0,0.1,379.0,2110.0,4.05
2018/01/13,0.0,8.6,6.4,0.0,2307.0,7.5
2018/01/14,11.7,9.9,1.9,0.0,1590.0,5.9
2018/01/15,3.8,8.0,5.9,0.0,1541.0,6.95
2018/01/16,3.0,3.5,1.8,0.0,2802.0,2.65
2018/01/16,3.0,3.5,1.8,0.0,0.0,2.65
2018/01/16,3.0,3.5,1.8,0.0,0.0,2.65
2018/01/16,3.0,3.5,1.8,0.0,2802.0,2.65
2018/01/16,3.0,3.5,1.8,0.0,0.0,2.65
2018/01/16,3.0,3.5,1.8,0.0,0.0,2.65
2018/01/16,3.0,3.5,1.8,0.0,2802.0,2.65
2018/01/16,3.0,3.5,1.8,0.0,0.0,2.65
2018/01/16,3.0,3.5,1.8,0.0,0.0,2.65
2018/01/17,5.6,11.0,-0.3,0.0,2936.0,5.35
2018/01/18,2.2,4.4,-1.4,0.0,2886.0,1.5000000000000002
2018/01/19,3.9,4.6,0.0,0.0,2657.0,2.3
2018/01/20,14.9,10.7,0.0,0.0,2224.0,5.35
2018/01/21,6.8,12.1,3.4,0.0,1622.0,7.75
2018/01/22,1.0,11.5,6.2,0.0,1435.0,8.85
2018/01/23,7.3,11.8,6.2,0.0,2648.0,9.0
2018/01/24,0.3,7.9,5.1,0.0,2570.0,6.5
2018/01/25,1.8,8.0,3.4,0.0,2603.0,5.7
2018/01/26,5.6,11.0,2.3,0.0,2583.0,6.65
2018/01/27,1.1,11.7,2.1,0.0,2239.0,6.8999999999999995
2018/01/28,4.2,12.0,8.9,0.0,1725.0,10.45
2018/01/29,0.1,7.6,5.8,0.0,1637.0,6.699999999999999
2018/01/30,2.0,7.6,1.1,0.0,2645.0,4.35
2018/01/31,2.5,4.3,1.0,0.0,2653.0,2.65
2018/02/01,0.2,6.3,0.6,22.0,1715.0,3.4499999999999997
2018/02/02,1.6,6.2,0.1,219.0,2718.0,3.15
2018/02/03,1.6,6.5,0.5,58.0,2062.0,3.5
2018/02/04,0.0,6.3,-0.7,35.0,1485.0,2.8
2018/02/05,2.0,3.6,-0.6,348.0,1937.0,1.5
2018/02/06,0.2,3.5,-1.3,231.0,1120.0,1.1
2018/02/07,2.4,7.5,-2.6,296.0,689.0,2.45
2018/02/08,1.1,7.8,0.4,547.0,884.0,4.1
2018/02/09,9.3,9.7,-1.7,456.0,995.0,3.9999999999999996
2018/02/10,2.3,10.6,-1.2,257.0,2036.0,4.7
2018/02/11,0.1,0.2,-0.8,222.0,1918.0,-0.30000000000000004
2018/02/12,4.6,5.7,-2.0,663.0,1562.0,1.85
2018/02/13,0.9,7.6,-0.9,117.0,2676.0,3.3499999999999996
2018/02/14,1.0,9.8,0.3,83.0,2567.0,5.050000000000001
2018/02/16,1.6,7.7,0.1,64.0,2514.0,3.9
2018/02/17,0.5,8.4,1.6,61.0,2392.0,5.0
2018/02/18,1.2,10.8,2.6,13.0,1678.0,6.7
2018/02/19,0.3,12.9,6.8,8.0,1650.0,9.85
2018/02/20,0.0,10.0,0.9,153.0,2781.0,5.45
2018/02/21,0.6,8.5,0.6,210.0,2741.0,4.55
2018/02/22,0.0,7.9,1.0,193.0,2779.0,4.45
2018/02/23,0.0,5.5,2.9,180.0,2755.0,4.2
2018/02/24,0.0,4.5,2.9,88.0,2364.0,3.7
2018/02/25,0.0,6.2,-0.5,350.0,1727.0,2.85
2018/02/26,0.0,2.4,-1.6,492.0,1635.0,0.3999999999999999
2018/02/27,0.5,3.5,-3.1,461.0,2918.0,0.19999999999999996
2018/02/28,0.6,-1.5,-4.1,282.0,2925.0,-2.8
2018/03/01,9.0,-1.1,-6.5,43.0,2135.0,-3.8
2018/03/02,23.7,0.7,-5.8,128.0,2333.0,-2.55
2018/03/03,6.0,1.6,-1.5,48.0,1678.0,0.050000000000000044
2018/03/04,2.0,4.8,-1.5,32.0,1432.0,1.65
2018/03/05,0.3,4.2,1.1,348.0,1825.0,2.6500000000000004
2018/03/06,0.1,7.1,1.0,205.0,756.0,4.05
2018/03/07,8.2,7.9,-0.6,284.0,853.0,3.6500000000000004
2018/03/08,3.6,9.6,-0.9,442.0,792.0,4.35
2018/03/09,8.5,9.7,-0.3,199.0,988.0,4.699999999999999
2018/03/10,1.5,11.6,0.6,186.0,2078.0,6.1
2018/03/11,3.2,11.1,5.3,358.0,1825.0,8.2
2018/03/12,2.2,11.2,4.8,382.0,1441.0,8.0
2018/03/13,8.5,9.3,0.5,225.0,2439.0,4.9
2018/03/14,17.1,9.6,0.7,243.0,2389.0,5.1499999999999995
2018/03/15,3.0,10.7,6.9,210.0,2450.0,8.8
2018/03/16,1.0,9.4,3.5,214.0,2339.0,6.45
2018/03/17,0.6,4.5,3.8,174.0,1925.0,4.15
2018/03/18,0.4,1.5,-3.2,84.0,1308.0,-0.8500000000000001
2018/03/19,0.0,4.5,-2.3,67.0,2028.0,1.1
2018/03/20,0.0,9.3,-2.6,85.0,1782.0,3.3500000000000005
2018/03/21,0.0,10.0,-1.8,219.0,2401.0,4.1
2018/03/22,15.1,8.8,1.5,226.0,2439.0,5.15
2018/03/23,2.6,9.6,4.9,267.0,2271.0,7.25
2018/03/24,0.0,11.4,2.3,133.0,1647.0,6.85
2018/03/25,0.0,11.2,-0.1,68.0,1039.0,5.55
2018/03/26,3.0,10.1,1.8,66.0,1383.0,5.95
2018/03/27,1.3,10.0,2.4,152.0,1795.0,6.2
2018/03/28,0.7,8.5,1.5,158.0,1761.0,5.0
2018/03/29,8.2,6.1,0.6,104.0,1722.0,3.3499999999999996
2018/03/30,0.3,7.0,1.8,97.0,1704.0,4.4
2018/03/31,0.2,8.7,2.7,39.0,1177.0,5.699999999999999
2018/04/01,17.9,6.0,-0.6,74.0,2251.0,2.7
2018/04/02,4.8,8.9,-0.6,78.0,1757.0,4.15
2018/04/03,4.3,12.2,2.6,50.0,1392.0,7.3999999999999995
2018/04/04,0.3,8.4,3.4,124.0,1769.0,5.9
2018/04/05,15.4,8.5,-1.8,413.0,1863.0,3.35
2018/04/06,6.4,12.4,1.2,194.0,762.0,6.8
2018/04/07,0.3,13.5,6.6,277.0,859.0,10.05
2018/04/08,0.1,12.3,4.9,204.0,768.0,8.600000000000001
2018/04/09,0.2,12.3,5.2,108.0,1354.0,8.75
2018/04/10,1.1,11.2,5.8,189.0,2011.0,8.5
2018/04/11,0.4,11.1,6.4,710.0,1605.0,8.75
2018/04/12,0.0,10.6,6.7,446.0,2242.0,8.65
2018/04/13,0.0,14.0,5.5,394.0,2192.0,9.75
2018/04/14,4.0,12.0,5.9,299.0,1718.0,8.95
2018/04/15,1.4,12.1,8.2,264.0,1213.0,10.149999999999999
2018/04/16,18.6,12.0,5.6,252.0,1432.0,8.8
2018/04/17,0.4,14.1,8.8,370.0,2268.0,11.45
2018/04/18,0.9,17.0,10.2,376.0,2235.0,13.6
2018/04/19,0.0,17.2,10.5,376.0,2197.0,13.85
2018/04/20,0.0,17.2,4.9,331.0,2165.0,11.05
2018/04/21,3.3,19.2,5.0,298.0,1643.0,12.1
2018/04/22,0.2,16.1,6.6,317.0,1308.0,11.350000000000001
2018/04/23,2.0,14.7,7.3,216.0,1227.0,11.0
2018/04/24,7.8,11.2,7.3,336.0,1943.0,9.25
2018/04/25,1.5,11.3,4.1,342.0,1945.0,7.7
2018/04/26,3.4,11.9,4.7,350.0,1897.0,8.3
2018/04/27,0.6,10.0,5.0,323.0,1894.0,7.5
2018/04/28,1.1,11.8,3.6,315.0,1747.0,7.7
2018/04/29,0.1,13.3,3.0,289.0,1345.0,8.15
2018/04/30,0.4,14.4,2.0,229.0,1215.0,8.2
2018/05/01,5.7,10.0,4.5,77.0,2224.0,7.25
2018/05/02,1.4,12.2,4.2,86.0,1625.0,8.2
2018/05/03,0.7,13.8,5.7,54.0,2020.0,9.75
2018/05/04,0.2,19.7,7.4,114.0,1839.0,13.55
2018/05/05,0.1,20.1,8.3,335.0,1697.0,14.200000000000001
2018/05/06,0.0,21.6,7.1,202.0,769.0,14.350000000000001
2018/05/07,0.2,18.3,8.5,262.0,862.0,13.4
2018/05/08,0.9,14.6,9.4,195.0,648.0,12.0
2018/05/09,6.1,11.2,6.6,60.0,1550.0,8.899999999999999
2018/05/10,6.0,14.6,3.1,193.0,1980.0,8.85
2018/05/11,5.5,13.6,5.7,440.0,1513.0,9.65
2018/05/12,0.2,14.2,4.4,380.0,2352.0,9.3
2018/05/13,0.0,16.0,4.1,216.0,1029.0,10.05
2018/05/14,0.0,15.6,8.9,206.0,1055.0,12.25
2018/05/15,0.4,17.1,8.9,253.0,1530.0,13.0
2018/05/16,0.0,15.3,2.7,253.0,1474.0,9.0
2018/05/17,0.0,17.0,5.9,254.0,1419.0,11.45
2018/05/18,0.0,18.6,6.9,263.0,1396.0,12.75
2018/05/19,0.5,18.0,7.2,254.0,1297.0,12.6
2018/05/20,3.9,13.9,10.8,212.0,965.0,12.350000000000001
2018/05/21,0.8,13.9,10.5,209.0,868.0,12.2
2018/05/22,0.0,18.8,4.2,237.0,1347.0,11.5
2018/05/23,0.0,23.1,6.9,260.0,1288.0,15.0
2018/05/24,0.0,22.1,7.0,236.0,1315.0,14.55
2018/05/25,0.0,21.8,12.0,236.0,1249.0,16.9
2018/05/26,12.0,19.5,13.1,227.0,1115.0,16.3
2018/05/27,0.3,17.8,12.7,206.0,805.0,15.25
2018/05/28,0.0,23.5,12.9,196.0,833.0,18.2
2018/05/29,0.0,24.0,14.2,281.0,1243.0,19.1
2018/05/30,0.0,22.6,10.4,268.0,1239.0,16.5
2018/05/31,0.0,21.4,11.9,349.0,1180.0,16.65
2018/06/01,0.0,22.8,12.0,47.0,1923.0,17.4
2018/06/02,0.0,16.9,14.0,207.0,2896.0,15.45
2018/06/03,0.0,21.0,10.3,198.0,2898.0,15.65
2018/06/04,0.0,22.1,11.6,154.0,1861.0,16.85
2018/06/04,0.0,22.1,11.6,154.0,0.0,16.85
2018/06/04,0.0,22.1,11.6,0.0,1861.0,16.85
2018/06/04,0.0,22.1,11.6,0.0,0.0,16.85
2018/06/05,0.0,21.0,12.6,231.0,1079.0,16.8
2018/06/06,0.0,23.8,12.0,272.0,1047.0,17.9
2018/06/07,0.0,23.8,11.6,246.0,864.0,17.7
2018/06/08,0.3,24.6,11.7,193.0,666.0,18.15
2018/06/09,0.0,24.2,13.0,81.0,1594.0,18.6
2018/06/10,0.0,20.1,11.9,92.0,1740.0,16.0
2018/06/11,0.0,19.4,13.6,554.0,2357.0,16.5
2018/06/12,0.0,17.4,11.7,347.0,2255.0,14.549999999999999
2018/06/13,2.9,16.4,9.1,307.0,1076.0,12.75
2018/06/14,0.0,17.2,9.2,283.0,1092.0,13.2
2018/06/15,3.2,15.7,8.6,226.0,1151.0,12.149999999999999
2018/06/16,2.8,16.1,10.4,215.0,1062.0,13.25
2018/06/17,0.4,19.3,10.0,190.0,821.0,14.65
2018/06/18,0.3,19.2,9.9,191.0,845.0,14.55
2018/06/19,0.8,22.3,9.9,211.0,1131.0,16.1
2018/06/20,0.0,17.5,11.3,220.0,1136.0,14.4
2018/06/21,0.0,18.9,6.4,216.0,1148.0,12.649999999999999
2018/06/22,0.0,20.4,6.4,212.0,1095.0,13.399999999999999
2018/06/23,0.0,24.0,6.1,210.0,1053.0,15.05
2018/06/24,0.0,25.5,10.4,184.0,826.0,17.95
2018/06/25,0.0,27.7,11.1,182.0,843.0,19.4
2018/06/26,0.0,29.7,14.0,196.0,986.0,21.85
2018/06/27,0.0,30.1,15.6,203.0,976.0,22.85
2018/06/28,0.0,28.9,12.1,202.0,870.0,20.5
2018/06/29,0.0,28.0,11.1,207.0,880.0,19.55
2018/06/30,0.0,29.4,10.1,266.0,833.0,19.75
2018/07/01,0.0,26.3,13.0,32.0,1398.0,19.65
2018/07/02,0.0,24.5,12.6,225.0,2823.0,18.55
2018/07/03,0.0,26.0,13.3,196.0,2753.0,19.65
2018/07/04,0.0,25.6,13.8,118.0,1505.0,19.700000000000003
2018/07/05,0.0,25.0,11.9,216.0,1071.0,18.45
2018/07/06,0.0,25.2,13.4,331.0,1123.0,19.3
2018/07/07,0.0,26.4,13.0,251.0,762.0,19.7
2018/07/08,0.0,27.0,13.8,185.0,660.0,20.4
2018/07/09,0.0,25.7,13.6,65.0,1593.0,19.65
2018/07/10,0.0,26.5,10.4,60.0,1308.0,18.45
2018/07/11,0.0,25.9,10.9,514.0,2380.0,18.4
2018/07/12,0.0,22.4,12.9,372.0,2232.0,17.65
2018/07/13,0.0,23.5,12.9,208.0,839.0,18.2
2018/07/14,1.1,25.0,12.1,205.0,780.0,18.55
2018/07/15,5.8,17.3,15.4,187.0,758.0,16.35
2018/07/16,0.0,20.2,12.3,176.0,657.0,16.25
2018/07/17,0.1,19.6,10.6,190.0,828.0,15.100000000000001
2018/07/18,0.0,21.6,11.6,188.0,832.0,16.6
2018/07/19,1.3,22.0,9.7,198.0,796.0,15.85
2018/07/20,0.6,21.1,10.5,186.0,761.0,15.8
2018/07/21,0.0,23.9,11.6,179.0,763.0,17.75
2018/07/22,1.3,27.8,14.5,171.0,648.0,21.15
2018/07/23,0.8,24.7,17.0,174.0,662.0,20.85
2018/07/24,0.0,22.2,12.8,194.0,848.0,17.5
2018/07/25,0.0,24.7,11.2,190.0,878.0,17.95
2018/07/26,4.6,24.0,14.0,237.0,834.0,19.0
2018/07/27,17.7,18.0,11.0,235.0,904.0,14.5
2018/07/28,7.5,17.5,10.0,369.0,922.0,13.75
2018/07/29,1.5,18.0,11.0,531.0,768.0,14.5
2018/07/30,0.1,19.9,12.0,540.0,658.0,15.95
2018/07/31,0.3,19.0,10.8,554.0,805.0,14.9
2018/08/01,3.2,17.9,11.8,16.0,1492.0,14.85
2018/08/02,0.0,23.7,14.7,191.0,2954.0,19.2
2018/08/03,0.0,24.0,16.4,209.0,2623.0,20.2
2018/08/04,0.0,21.8,13.5,76.0,1087.0,17.65
2018/08/05,0.0,22.3,13.0,208.0,1207.0,17.65
2018/08/06,1.1,22.1,12.1,271.0,1170.0,17.1
2018/08/07,0.1,18.6,12.1,289.0,760.0,15.350000000000001
2018/08/08,0.1,19.0,10.2,197.0,787.0,14.6
2018/08/09,1.6,18.3,6.8,44.0,1474.0,12.55
2018/08/10,0.0,19.5,9.1,39.0,1172.0,14.3
2018/08/11,2.7,20.5,8.6,358.0,2095.0,14.55
2018/08/12,0.1,21.0,14.0,315.0,2139.0,17.5
2018/08/13,0.2,20.0,12.0,196.0,672.0,16.0
2018/08/14,0.2,21.4,13.6,199.0,809.0,17.5
2018/08/15,0.3,21.1,14.8,259.0,825.0,17.950000000000003
2018/08/16,2.8,18.5,9.7,211.0,847.0,14.1
2018/08/17,2.1,17.4,10.6,206.0,830.0,14.0
2018/08/18,0.1,25.5,11.6,212.0,848.0,18.55
2018/08/19,0.3,23.0,16.0,205.0,777.0,19.5
2018/08/20,0.1,21.0,16.0,193.0,663.0,18.5
2018/08/21,2.9,25.5,13.2,207.0,904.0,19.35
2018/08/22,0.3,20.0,14.4,212.0,1083.0,17.2
2018/08/23,2.3,16.4,8.9,203.0,1060.0,12.649999999999999
2018/08/24,3.5,14.4,8.9,220.0,1098.0,11.65
2018/08/25,12.4,18.2,5.2,233.0,1119.0,11.7
2018/08/26,0.2,17.0,8.9,196.0,876.0,12.95
2018/08/27,0.1,16.3,11.3,192.0,934.0,13.8
2018/08/28,1.2,17.7,8.5,175.0,1134.0,13.1
2018/08/29,0.1,17.0,7.9,35.0,1183.0,12.45
2018/08/30,0.0,18.0,7.9,175.0,1240.0,12.95
2018/08/31,0.8,18.0,8.8,249.0,1265.0,13.4
2018/09/01,0.0,22.3,13.4,50.0,2632.0,17.85
2018/09/02,4.1,20.6,13.7,158.0,2787.0,17.15
2018/09/03,0.0,17.6,7.9,202.0,2532.0,12.75
2018/09/04,0.0,15.2,6.4,61.0,1369.0,10.8
2018/09/05,2.7,18.0,8.0,324.0,1692.0,13.0
2018/09/06,0.0,15.9,10.6,292.0,1084.0,13.25
2018/09/07,2.5,15.6,10.4,259.0,691.0,13.0
2018/09/08,9.9,16.5,12.0,194.0,824.0,14.25
2018/09/09,0.2,16.1,10.6,96.0,1161.0,13.350000000000001
2018/09/10,5.8,15.9,9.8,233.0,2063.0,12.850000000000001
2018/09/11,5.6,16.5,10.8,355.0,2166.0,13.65
2018/09/12,0.2,16.4,7.3,241.0,1449.0,11.85
2018/09/13,2.3,15.4,7.3,154.0,1801.0,11.35
2018/09/14,1.4,16.0,8.7,143.0,1811.0,12.35
2018/09/15,1.5,16.2,9.5,118.0,1666.0,12.85
2018/09/16,0.0,18.5,10.7,3.0,1105.0,14.6
2018/09/17,6.6,18.7,10.7,0.0,1078.0,14.7
2018/09/18,0.2,20.1,11.7,196.0,1948.0,15.9
2018/09/19,0.1,15.7,11.9,134.0,1826.0,13.8
2018/09/19,0.1,15.7,11.9,134.0,0.0,13.8
2018/09/19,0.1,15.7,11.9,0.0,1826.0,13.8
2018/09/19,0.1,15.7,11.9,0.0,0.0,13.8
2018/09/20,18.9,9.9,8.5,7.0,968.0,9.2
2018/09/21,1.7,14.3,5.1,150.0,1741.0,9.7
2018/09/22,1.7,10.5,7.6,71.0,1490.0,9.05
2018/09/23,0.1,13.2,4.9,8.0,1006.0,9.05
2018/09/24,0.0,14.3,3.0,4.0,990.0,8.65
2018/09/25,0.0,16.2,3.0,222.0,1914.0,9.6
2018/09/26,0.0,21.0,9.8,202.0,1979.0,15.4
2018/09/27,0.0,17.7,8.4,155.0,1908.0,13.05
2018/09/28,0.0,13.4,5.6,168.0,1805.0,9.5
2018/09/29,0.3,14.0,4.2,172.0,1630.0,9.1
2018/09/30,0.0,13.4,5.7,395.0,1149.0,9.55
2018/10/01,0.5,14.4,3.8,32.0,2668.0,9.1
2018/10/02,0.0,15.9,6.0,91.0,2369.0,10.95
2018/10/03,0.0,15.7,11.4,197.0,2324.0,13.55
2018/10/04,8.8,17.0,11.4,233.0,2164.0,14.2
2018/10/05,0.0,12.5,8.3,320.0,1780.0,10.4
2018/10/06,0.0,13.0,4.6,355.0,1001.0,8.8
2018/10/07,0.0,15.5,3.2,255.0,851.0,9.35
2018/10/08,0.3,14.2,6.0,198.0,816.0,10.1
2018/10/09,0.0,16.0,10.8,41.0,1027.0,13.4
2018/10/10,2.7,19.0,11.9,211.0,1993.0,15.45
2018/10/11,8.3,15.2,10.7,283.0,2124.0,12.95
2018/10/12,13.1,15.0,9.0,234.0,1452.0,12.0
2018/10/13,11.0,11.9,10.5,124.0,1736.0,11.2
2018/10/14,0.0,12.1,3.8,99.0,1246.0,7.949999999999999
2018/10/15,0.4,12.7,4.9,64.0,1100.0,8.8
2018/10/16,0.5,15.4,5.3,203.0,2048.0,10.35
2018/10/17,0.0,13.1,6.8,199.0,2110.0,9.95
2018/10/18,0.0,12.3,3.2,182.0,2046.0,7.75
2018/10/19,0.0,15.3,1.0,199.0,2034.0,8.15
2018/10/20,1.7,15.4,8.9,71.0,1832.0,12.15
2018/10/21,0.8,13.7,10.5,11.0,1486.0,12.1
2018/10/22,0.0,13.9,3.2,30.0,1375.0,8.55
2018/10/23,0.0,14.6,4.6,176.0,2241.0,9.6
2018/10/24,0.0,12.1,6.6,196.0,2177.0,9.35
2018/10/25,1.2,12.0,8.0,162.0,2000.0,10.0
2018/10/26,0.3,8.4,4.0,187.0,1994.0,6.2
2018/10/27,0.0,6.5,1.7,193.0,1848.0,4.1
2018/10/28,0.0,8.5,-1.1,475.0,1636.0,3.7
2018/10/29,0.6,7.8,-0.2,214.0,1420.0,3.8
2018/10/30,2.3,10.0,0.2,209.0,1597.0,5.1
2018/10/31,1.5,10.0,3.0,188.0,2097.0,6.5
2018/11/01,0.1,8.9,0.7,0.0,2670.0,4.8
2018/11/02,3.2,13.4,0.9,128.0,1764.0,7.15
2018/11/03,3.6,13.7,2.8,92.0,1395.0,8.25
2018/11/04,22.0,13.0,7.4,450.0,2196.0,10.2
2018/11/05,11.5,11.0,7.9,331.0,1661.0,9.45
2018/11/06,2.4,12.3,8.1,212.0,835.0,10.2
2018/11/07,3.8,9.1,5.9,224.0,869.0,7.5
2018/11/08,0.2,10.2,3.9,209.0,790.0,7.05
2018/11/09,14.5,11.2,6.6,301.0,1852.0,8.899999999999999
2018/11/10,1.2,10.2,5.0,192.0,1979.0,7.6
2018/11/11,3.8,9.7,3.9,250.0,1639.0,6.8
2018/11/12,3.7,10.4,5.6,374.0,2393.0,8.0
2018/11/13,5.1,12.5,4.7,373.0,2382.0,8.6
2018/11/14,3.3,12.7,5.1,386.0,2333.0,8.899999999999999
2018/11/15,2.6,13.2,10.0,361.0,2360.0,11.6
2018/11/16,1.1,12.2,6.9,367.0,2244.0,9.55
2018/11/17,0.0,11.4,10.0,360.0,2104.0,10.7
2018/11/18,0.0,9.3,5.2,234.0,1453.0,7.25
2018/11/19,0.0,9.1,4.0,233.0,1414.0,6.55
2018/11/20,1.4,8.8,2.1,388.0,2342.0,5.45
2018/11/21,5.9,5.8,1.2,387.0,2379.0,3.5
2018/11/22,0.0,6.3,2.9,385.0,2450.0,4.6
2018/11/23,7.3,7.9,3.6,374.0,2394.0,5.75
2018/11/24,0.6,8.4,5.7,293.0,2193.0,7.050000000000001
2018/11/25,0.0,6.6,3.6,228.0,1623.0,5.1
2018/11/26,14.1,10.2,2.3,51.0,1546.0,6.25
2018/11/27,5.4,13.4,2.9,204.0,2461.0,8.15
2018/11/28,12.9,13.0,7.4,401.0,2371.0,10.2
2018/11/29,0.4,9.0,5.8,352.0,2310.0,7.4
2018/11/30,1.0,10.3,4.0,352.0,2290.0,7.15
2018/12/01,3.3,11.7,4.3,0.0,2597.0,8.0
2018/12/02,12.1,13.5,9.1,86.0,1604.0,11.3
2018/12/03,0.2,10.5,6.9,86.0,1911.0,8.7
2018/12/04,34.6,10.5,0.7,375.0,2227.0,5.6
2018/12/05,2.9,12.3,0.7,253.0,1569.0,6.5
2018/12/06,4.9,12.9,10.0,280.0,1141.0,11.45
2018/12/07,1.8,9.0,4.2,202.0,824.0,6.6
2018/12/08,3.6,10.6,5.8,204.0,773.0,8.2
2018/12/09,0.4,9.1,6.5,148.0,1786.0,7.8
2018/12/10,0.0,9.7,2.7,193.0,1969.0,6.199999999999999
2018/12/11,8.2,10.3,4.7,245.0,1578.0,7.5
2018/12/12,7.4,8.5,3.1,341.0,2396.0,5.8
2018/12/13,1.3,8.6,2.9,311.0,2310.0,5.75
2018/12/14,12.7,11.4,5.5,312.0,2326.0,8.45
2018/12/15,6.6,12.4,6.5,291.0,2173.0,9.45
2018/12/16,2.2,8.0,2.9,289.0,1569.0,5.45
2018/12/17,10.8,11.5,3.2,238.0,1588.0,7.35
2018/12/18,1.7,9.2,7.5,313.0,2033.0,8.35
2018/12/19,2.0,7.3,3.7,318.0,1908.0,5.5
2018/12/20,6.7,9.6,5.2,246.0,1852.0,7.4
2018/12/21,0.7,9.8,5.2,246.0,1799.0,7.5
2018/12/22,14.7,11.2,5.0,232.0,1445.0,8.1
2018/12/23,6.5,8.6,6.0,230.0,1261.0,7.3
2018/12/24,0.8,10.4,6.8,237.0,1340.0,8.6
2018/12/25,0.0,10.8,7.9,222.0,1394.0,9.350000000000001
2018/12/26,0.9,10.9,9.5,215.0,1348.0,10.2
2018/12/27,1.4,9.7,8.0,199.0,1347.0,8.85
2018/12/28,0.0,11.2,8.3,197.0,1341.0,9.75
2018/12/29,1.2,11.3,9.3,193.0,1322.0,10.3
2018/12/30,0.0,10.1,9.4,188.0,1246.0,9.75
2018/12/31,0.0,10.5,8.0,188.0,1292.0,9.25
2019/01/01,1.3,10.0,7.6,192.0,1338.0,8.8
2019/01/02,0.1,8.8,5.5,539.0,2488.0,7.15
2019/01/03,0.1,7.5,5.0,180.0,2155.0,6.25
2019/01/04,0.0,7.9,4.2,18.0,1293.0,6.050000000000001
2019/01/05,0.0,8.4,4.0,139.0,1964.0,6.2
2019/01/06,0.6,10.6,5.0,112.0,1087.0,7.8
2019/01/07,0.1,10.4,6.4,236.0,895.0,8.4
2019/01/08,0.5,9.2,4.6,307.0,959.0,6.8999999999999995
2019/01/09,1.1,8.6,4.8,76.0,775.0,6.699999999999999
2019/01/10,0.0,10.5,6.9,371.0,1877.0,8.7
2019/01/11,0.3,9.2,7.3,278.0,1779.0,8.25
2019/01/12,0.1,9.4,7.3,364.0,1353.0,8.35
2019/01/13,0.0,10.1,7.8,382.0,1664.0,8.95
2019/01/14,0.2,7.5,5.5,221.0,1570.0,6.5
2019/01/15,1.7,9.4,5.5,360.0,2386.0,7.45
2019/01/16,2.0,6.7,3.8,456.0,2341.0,5.25
2019/01/17,2.0,6.3,-0.6,323.0,2323.0,2.85
2019/01/18,1.0,7.7,-0.6,427.0,2367.0,3.5500000000000003
2019/01/19,0.6,7.2,4.2,394.0,2174.0,5.7
2019/01/20,1.1,6.5,4.4,239.0,1635.0,5.45
2019/01/21,3.2,6.0,0.4,225.0,1498.0,3.2
2019/01/22,0.2,4.3,0.0,384.0,2483.0,2.15
2019/01/23,4.5,8.7,1.2,356.0,2526.0,4.949999999999999
2019/01/24,0.2,10.6,2.0,357.0,2501.0,6.3
2019/01/25,0.4,10.1,8.5,382.0,2422.0,9.3
2019/01/26,4.9,9.3,6.7,311.0,2159.0,8.0
2019/01/27,1.0,6.3,1.1,271.0,1669.0,3.7
2019/01/28,2.0,5.5,0.5,266.0,1572.0,3.0
2019/01/29,2.0,3.4,2.0,375.0,2354.0,2.7
2019/01/30,3.1,3.3,-1.7,392.0,2340.0,0.7999999999999999
2019/01/31,14.6,3.3,-2.2,414.0,2374.0,0.5499999999999998
2019/02/01,0.0,3.1,-0.4,192.0,1334.0,1.35
2019/02/02,0.0,4.7,-2.7,486.0,2217.0,1.0
2019/02/03,3.8,9.0,-1.3,147.0,1994.0,3.85
2019/02/04,0.4,11.1,3.6,174.0,2049.0,7.35
2019/02/05,5.0,11.4,1.5,138.0,1899.0,6.45
2019/02/06,8.7,10.0,3.0,364.0,806.0,6.5
2019/02/07,6.1,10.0,1.0,275.0,1093.0,5.5
2019/02/08,2.5,9.3,3.3,232.0,948.0,6.300000000000001
2019/02/09,0.4,7.8,3.6,53.0,761.0,5.7
2019/02/10,1.3,6.9,-0.2,368.0,1888.0,3.35
2019/02/11,0.1,11.4,1.0,258.0,1675.0,6.2
2019/02/12,1.0,12.1,4.4,391.0,1425.0,8.25
2019/02/13,0.0,9.9,8.5,235.0,2425.0,9.2
2019/02/14,0.0,11.4,8.5,247.0,2342.0,9.95
2019/02/15,0.0,12.2,5.0,278.0,2286.0,8.6
2019/02/16,4.0,10.7,5.0,119.0,2037.0,7.85
2019/02/17,1.0,11.1,6.0,54.0,1409.0,8.55
2019/02/18,1.1,9.0,3.4,54.0,1441.0,6.2
2019/02/19,11.1,9.6,2.4,121.0,2192.0,6.0
2019/02/20,0.6,11.8,5.4,163.0,2171.0,8.600000000000001
2019/02/21,0.0,12.3,9.4,211.0,2126.0,10.850000000000001
2019/02/22,0.2,13.0,9.7,199.0,2023.0,11.35
2019/02/23,0.1,13.7,9.1,337.0,1948.0,11.399999999999999
2019/02/24,0.0,13.0,4.5,617.0,1517.0,8.75
2019/02/25,0.0,15.0,7.3,280.0,1481.0,11.15
2019/02/26,0.0,13.9,4.7,340.0,2355.0,9.3
2019/02/27,0.0,12.9,5.0,228.0,2240.0,8.95
2019/02/28,0.6,11.7,5.0,201.0,2216.0,8.35
2019/03/01,14.2,10.1,4.1,203.0,1587.0,7.1
2019/03/02,3.3,11.0,4.5,673.0,1494.0,7.75
2019/03/03,19.6,5.6,4.6,49.0,1399.0,5.1
2019/03/04,1.3,6.4,0.6,229.0,2134.0,3.5
2019/03/05,20.9,9.8,1.6,169.0,1935.0,5.7
2019/03/06,2.5,7.1,5.5,149.0,802.0,6.3
2019/03/07,0.2,10.5,2.6,309.0,1128.0,6.55
2019/03/08,2.5,11.1,1.6,41.0,901.0,6.35
2019/03/09,10.1,9.2,5.0,165.0,1221.0,7.1
2019/03/10,3.1,6.7,1.6,380.0,1847.0,4.15
2019/03/11,3.6,10.5,0.3,238.0,1257.0,5.4
2019/03/12,2.5,8.7,3.0,423.0,2346.0,5.85
2019/03/13,2.9,11.0,2.1,210.0,2388.0,6.55
2019/03/14,3.3,11.6,6.0,194.0,2362.0,8.8
2019/03/15,6.1,10.7,8.0,170.0,2274.0,9.35
2019/03/16,4.2,10.7,6.0,145.0,1937.0,8.35
2019/03/17,2.9,10.5,-0.2,307.0,1355.0,5.15
2019/03/18,2.0,9.0,1.5,149.0,1423.0,5.25
2019/03/19,0.2,15.0,4.6,128.0,1477.0,9.8
2019/03/20,0.0,14.8,5.4,239.0,2104.0,10.100000000000001
2019/03/21,0.0,13.9,6.0,179.0,2099.0,9.95
2019/03/22,1.4,10.2,8.3,180.0,2117.0,9.25
2019/03/23,0.0,10.0,2.0,86.0,1906.0,6.0
2019/03/24,0.0,10.1,0.8,11.0,1323.0,5.45
2019/03/25,0.0,13.1,3.2,11.0,1372.0,8.15
2019/03/26,0.0,14.1,3.0,179.0,2207.0,8.55
2019/03/27,0.0,14.2,4.0,170.0,2201.0,9.1
2019/03/28,0.0,16.0,2.6,178.0,2193.0,9.3
2019/03/29,0.0,16.1,2.4,246.0,2177.0,9.25
2019/03/30,0.0,12.1,4.6,105.0,1892.0,8.35
2019/03/31,0.0,11.0,2.3,43.0,1275.0,6.65
2019/04/01,1.7,11.1,2.7,226.0,1658.0,6.9
2019/04/02,0.7,7.2,0.6,433.0,1560.0,3.9
2019/04/03,3.0,8.4,0.6,23.0,1515.0,4.5
2019/04/04,0.3,8.2,1.7,167.0,2185.0,4.949999999999999
2019/04/05,4.9,9.5,-0.3,94.0,1755.0,4.6
2019/04/06,0.0,12.2,1.8,154.0,824.0,7.0
2019/04/07,0.0,13.4,1.6,321.0,1071.0,7.5
2019/04/08,0.0,14.0,5.7,16.0,752.0,9.85
2019/04/09,0.2,9.4,5.7,246.0,1258.0,7.550000000000001
2019/04/10,0.0,11.0,2.2,369.0,1780.0,6.6
2019/04/11,0.0,14.0,3.3,227.0,1295.0,8.65
2019/04/12,0.0,11.1,3.6,363.0,2257.0,7.35
2019/04/13,39.0,11.0,5.9,143.0,1840.0,8.45
2019/04/14,6.0,5.7,3.3,370.0,1417.0,4.5
2019/04/15,6.5,7.9,4.0,159.0,1360.0,5.95
2019/04/16,0.0,16.0,5.5,136.0,2100.0,10.75
2019/04/17,0.0,16.2,6.0,72.0,1877.0,11.1
2019/04/18,0.0,19.3,7.8,62.0,1782.0,13.55
2019/04/19,0.0,21.0,8.6,75.0,1709.0,14.8
2019/04/20,0.0,22.5,8.6,1.0,1226.0,15.55
2019/04/21,0.0,20.5,8.1,0.0,1166.0,14.3
2019/04/22,0.0,19.6,7.2,1.0,1147.0,13.4
2019/04/23,3.1,19.0,9.4,2.0,1181.0,14.2
2019/04/24,4.1,12.0,9.6,73.0,1648.0,10.8
2019/04/25,3.2,15.1,6.7,55.0,1694.0,10.9
2019/04/26,3.2,12.8,7.0,48.0,1650.0,9.9
2019/04/27,1.5,12.0,2.6,49.0,1647.0,7.3
2019/04/28,0.2,15.9,5.1,97.0,1308.0,10.5
2019/04/29,8.0,13.2,7.6,170.0,1188.0,10.399999999999999
2019/04/30,2.9,14.0,9.5,203.0,1969.0,11.75
2019/05/01,0.7,13.0,3.6,211.0,1637.0,8.3
2019/05/02,0.2,14.0,6.4,477.0,2340.0,10.2
2019/05/03,0.1,13.6,6.5,166.0,2445.0,10.05
2019/05/04,0.0,13.8,0.9,162.0,2199.0,7.3500000000000005
2019/05/05,0.0,14.7,2.0,9.0,1224.0,8.35
2019/05/06,0.0,12.8,4.2,102.0,1231.0,8.5
2019/05/07,6.3,14.4,4.6,423.0,1096.0,9.5
2019/05/08,1.8,8.9,6.6,10.0,743.0,7.75
2019/05/09,0.0,13.8,5.0,103.0,1457.0,9.4
2019/05/10,0.7,14.5,3.7,291.0,1568.0,9.1
2019/05/11,0.0,15.3,3.6,365.0,2186.0,9.450000000000001
2019/05/12,0.0,16.0,4.8,386.0,2173.0,10.4
2019/05/13,0.0,18.3,5.9,4.0,1134.0,12.100000000000001
2019/05/14,0.0,18.0,5.8,107.0,1810.0,11.9
2019/05/15,0.0,20.6,7.3,76.0,1680.0,13.950000000000001
2019/05/16,0.0,16.8,8.0,82.0,1465.0,12.4
2019/05/17,5.3,15.0,8.0,75.0,1442.0,11.5
2019/05/18,0.2,16.8,8.2,54.0,1380.0,12.5
2019/05/19,0.1,16.7,8.6,1.0,1004.0,12.649999999999999
2019/05/20,0.0,17.6,5.8,0.0,892.0,11.700000000000001
2019/05/21,0.0,19.5,7.6,64.0,1393.0,13.55
2019/05/22,0.0,18.5,8.0,75.0,1379.0,13.25
2019/05/23,5.1,14.7,8.9,83.0,1297.0,11.8
2019/05/24,1.0,17.2,10.3,126.0,1352.0,13.75
2019/05/25,1.6,18.0,10.9,94.0,1218.0,14.45
2019/05/26,0.0,17.5,12.0,223.0,946.0,14.75
2019/05/27,0.0,16.0,10.0,96.0,962.0,13.0
2019/05/28,12.0,16.5,7.7,114.0,1396.0,12.1
2019/05/29,0.0,19.5,8.7,48.0,1307.0,14.1
2019/05/30,0.0,20.4,13.0,90.0,1313.0,16.7
2019/05/31,0.0,16.7,12.8,118.0,1350.0,14.75
2019/06/01,12.0,17.3,8.4,212.0,1317.0,12.850000000000001
2019/06/02,0.0,17.5,12.0,399.0,2410.0,14.75
2019/06/03,9.8,16.4,7.2,182.0,2394.0,11.799999999999999
2019/06/04,24.3,11.6,9.1,179.0,1981.0,10.35
2019/06/05,3.2,14.9,7.1,2.0,1211.0,11.0
2019/06/06,4.3,15.0,3.9,42.0,1195.0,9.45
2019/06/07,9.3,11.8,4.7,317.0,1022.0,8.25
2019/06/08,1.3,14.6,5.7,8.0,745.0,10.15
2019/06/09,2.6,13.8,5.4,103.0,1465.0,9.600000000000001
2019/06/10,7.2,14.1,8.5,256.0,1168.0,11.3
2019/06/11,0.2,16.4,6.0,368.0,2211.0,11.2
2019/06/12,3.2,11.6,7.9,390.0,2110.0,9.75
2019/06/13,0.5,12.0,9.6,54.0,1229.0,10.8
2019/06/14,1.9,14.5,6.8,75.0,1187.0,10.65
2019/06/15,0.3,15.5,5.1,68.0,1164.0,10.3
2019/06/16,0.4,17.1,7.1,2.0,881.0,12.100000000000001
2019/06/17,0.1,18.1,9.2,0.0,904.0,13.65
2019/06/18,0.0,17.3,7.5,130.0,1142.0,12.4
2019/06/19,0.1,17.0,7.5,239.0,1147.0,12.25
2019/06/20,1.2,17.9,7.7,266.0,1146.0,12.799999999999999
2019/06/21,0.0,18.3,6.5,247.0,1162.0,12.4
2019/06/22,0.3,20.2,9.5,134.0,1161.0,14.85
2019/06/23,12.2,15.8,12.2,3.0,1033.0,14.0
2019/06/24,8.6,23.4,12.2,4.0,960.0,17.799999999999997
2019/06/25,0.0,20.4,12.8,31.0,1178.0,16.6
2019/06/26,0.0,20.5,11.6,202.0,1150.0,16.05
2019/06/27,0.0,25.0,13.0,362.0,1122.0,19.0
2019/06/28,0.8,20.2,15.6,285.0,1120.0,17.9
2019/06/29,0.1,22.8,12.7,239.0,1032.0,17.75
2019/06/30,0.3,18.3,12.9,281.0,903.0,15.600000000000001
2019/07/01,0.0,21.2,11.0,209.0,1391.0,16.1
2019/07/02,0.0,19.7,10.3,394.0,2306.0,15.0
2019/07/03,0.0,21.8,9.2,270.0,2340.0,15.5
2019/07/04,0.0,22.2,10.0,474.0,1463.0,16.1
2019/07/05,0.0,20.6,9.8,0.0,1245.0,15.200000000000001
2019/07/06,1.0,18.0,12.6,121.0,1240.0,15.3
2019/07/07,1.1,20.5,13.0,392.0,969.0,16.75
2019/07/08,0.4,20.6,11.9,132.0,894.0,16.25
2019/07/09,0.2,22.6,13.1,151.0,1385.0,17.85
2019/07/10,2.0,20.5,12.5,258.0,1042.0,16.5
2019/07/11,0.4,21.3,15.1,365.0,2205.0,18.2
2019/07/12,0.1,20.8,12.5,314.0,1940.0,16.65
2019/07/13,0.0,21.7,12.9,256.0,984.0,17.3
2019/07/14,0.0,24.4,11.2,272.0,929.0,17.799999999999997
2019/07/15,0.0,23.4,10.8,231.0,829.0,17.1
2019/07/16,1.1,21.5,14.3,262.0,1034.0,17.9
2019/07/17,0.9,19.4,13.5,266.0,1047.0,16.45
2019/07/18,3.8,19.8,11.9,258.0,1005.0,15.850000000000001
2019/07/19,4.1,21.5,13.1,251.0,1015.0,17.3
2019/07/20,0.1,18.0,12.4,232.0,1024.0,15.2
2019/07/21,2.7,19.6,12.9,232.0,830.0,16.25
2019/07/22,0.1,22.7,15.5,218.0,827.0,19.1
2019/07/23,0.0,22.6,16.0,225.0,1030.0,19.3
2019/07/24,0.4,21.7,14.3,310.0,1040.0,18.0
2019/07/25,1.3,20.3,15.6,366.0,1012.0,17.95
2019/07/26,2.4,19.7,14.9,295.0,1022.0,17.3
2019/07/27,0.3,19.4,10.0,223.0,967.0,14.7
2019/07/28,0.3,17.7,8.6,207.0,893.0,13.149999999999999
2019/07/29,6.4,21.2,9.1,208.0,822.0,15.149999999999999
2019/07/30,2.2,19.4,12.9,211.0,1001.0,16.15
2019/07/31,0.0,19.4,9.5,228.0,981.0,14.45
2019/08/01,0.0,20.4,12.9,329.0,1998.0,16.65
2019/08/02,3.2,24.9,12.7,396.0,2365.0,18.799999999999997
2019/08/03,1.2,19.4,13.8,297.0,2191.0,16.6
2019/08/04,7.0,20.7,12.5,204.0,1355.0,16.6
2019/08/05,3.2,19.2,10.7,137.0,1923.0,14.95
2019/08/06,4.4,18.2,13.4,101.0,1070.0,15.8
2019/08/07,0.5,20.1,10.9,272.0,854.0,15.5
2019/08/08,21.7,20.9,11.9,117.0,887.0,16.4
2019/08/09,17.5,19.5,11.8,255.0,988.0,15.65
2019/08/10,10.5,18.0,12.6,373.0,1858.0,15.3
2019/08/11,1.0,15.7,12.1,367.0,2200.0,13.899999999999999
2019/08/12,3.4,16.6,7.7,265.0,1428.0,12.15
2019/08/13,7.5,17.7,9.4,194.0,956.0,13.55
2019/08/14,1.2,19.7,12.6,641.0,905.0,16.15
2019/08/15,20.2,22.4,11.8,289.0,885.0,17.1
2019/08/16,1.8,21.5,13.4,273.0,910.0,17.45
2019/08/17,2.0,18.6,10.4,244.0,815.0,14.5
2019/08/18,3.3,16.9,9.6,487.0,786.0,13.25
2019/08/19,0.8,17.5,10.0,201.0,709.0,13.75
2019/08/20,2.7,17.3,7.8,204.0,861.0,12.55
2019/08/21,4.5,15.9,9.8,242.0,962.0,12.850000000000001
2019/08/22,0.0,21.4,12.6,274.0,1084.0,17.0
2019/08/23,0.0,18.8,12.0,445.0,1073.0,15.4
2019/08/24,0.0,24.1,13.0,427.0,974.0,18.55
2019/08/25,0.0,22.0,13.3,535.0,824.0,17.65
2019/08/26,0.0,21.1,10.1,255.0,819.0,15.600000000000001
2019/08/27,0.6,17.4,9.7,452.0,956.0,13.549999999999999
2019/08/28,0.3,19.0,9.9,442.0,960.0,14.45
2019/08/29,1.1,18.9,10.3,618.0,921.0,14.6
2019/08/30,9.6,19.0,13.0,341.0,1036.0,16.0
2019/08/31,0.4,16.7,11.2,88.0,966.0,13.95
2019/09/01,0.6,16.2,7.0,439.0,1984.0,11.6
2019/09/02,0.1,16.6,10.4,290.0,2112.0,13.5
2019/09/03,1.8,20.0,11.9,188.0,1993.0,15.95
2019/09/04,1.0,15.7,9.6,235.0,2109.0,12.649999999999999
2019/09/05,0.1,17.6,6.6,119.0,1962.0,12.100000000000001
2019/09/06,0.2,18.1,9.6,46.0,859.0,13.850000000000001
2019/09/07,0.3,16.7,10.3,273.0,1055.0,13.5
2019/09/08,7.0,18.4,7.9,195.0,881.0,13.149999999999999
2019/09/09,0.0,16.5,9.5,226.0,881.0,13.0
2019/09/10,0.4,17.0,7.0,382.0,1830.0,12.0
2019/09/11,0.0,17.4,8.0,329.0,1975.0,12.7
2019/09/12,0.4,18.5,11.6,259.0,1472.0,15.05
2019/09/13,0.0,18.5,7.0,282.0,1783.0,12.75
2019/09/14,0.0,20.4,7.2,92.0,1542.0,13.799999999999999
2019/09/15,0.3,19.1,9.1,25.0,1047.0,14.100000000000001
2019/09/16,0.0,15.9,14.7,13.0,1017.0,15.3
2019/09/17,0.0,18.0,7.4,176.0,1804.0,12.7
2019/09/18,0.0,20.5,7.6,162.0,1781.0,14.05
2019/09/19,0.0,21.8,8.1,150.0,1743.0,14.95
2019/09/20,0.0,19.1,10.9,139.0,1722.0,15.0
2019/09/21,9.0,18.5,11.2,160.0,1516.0,14.85
2019/09/22,0.2,16.0,13.7,243.0,1052.0,14.85
2019/09/23,6.5,18.0,8.1,187.0,1033.0,13.05
2019/09/24,3.6,17.0,11.6,328.0,1864.0,14.3
2019/09/25,2.3,16.6,12.7,358.0,1888.0,14.65
2019/09/26,2.5,14.9,10.6,365.0,1865.0,12.75
2019/09/27,4.6,15.7,10.7,345.0,1800.0,13.2
2019/09/28,24.6,14.1,10.8,272.0,1542.0,12.45
2019/09/29,0.1,16.4,10.4,247.0,1016.0,13.399999999999999
2019/09/30,29.3,14.6,8.0,246.0,1035.0,11.3
2019/10/01,0.2,11.7,10.3,388.0,1969.0,11.0
2019/10/02,0.0,11.7,2.6,470.0,1622.0,7.1499999999999995
2019/10/03,0.5,16.0,3.8,373.0,1534.0,9.9
2019/10/04,0.4,16.0,10.6,161.0,2189.0,13.3
2019/10/05,9.6,15.1,10.3,118.0,1902.0,12.7
2019/10/06,10.2,14.0,8.2,7.0,876.0,11.1
2019/10/07,0.0,16.5,8.1,282.0,1007.0,12.3
2019/10/08,2.2,13.5,9.4,216.0,822.0,11.45
2019/10/09,3.8,13.1,7.3,248.0,1639.0,10.2
2019/10/10,13.2,15.7,7.3,413.0,1881.0,11.5
2019/10/11,0.4,13.1,9.0,315.0,1486.0,11.05
2019/10/12,4.4,15.0,7.1,359.0,2141.0,11.05
2019/10/13,9.5,13.0,7.1,278.0,1165.0,10.05
2019/10/14,15.1,13.0,6.3,267.0,1050.0,9.65
2019/10/15,2.8,13.2,8.9,410.0,1925.0,11.05
2019/10/16,0.2,13.5,4.9,392.0,1910.0,9.2
2019/10/17,7.3,11.6,5.4,365.0,1850.0,8.5
2019/10/18,2.0,11.7,6.9,335.0,1819.0,9.3
2019/10/19,0.5,12.6,5.4,298.0,1798.0,9.0
2019/10/20,0.0,10.7,5.4,244.0,1160.0,8.05
2019/10/21,0.0,11.6,2.2,235.0,1159.0,6.9
2019/10/22,0.0,10.8,3.0,343.0,2073.0,6.9
2019/10/23,2.2,12.2,5.4,381.0,2079.0,8.8
2019/10/24,5.6,12.0,5.8,350.0,1994.0,8.9
2019/10/25,14.9,7.0,3.4,334.0,1905.0,5.2
2019/10/26,0.2,9.1,2.0,282.0,1752.0,5.55
2019/10/27,0.0,9.7,1.1,252.0,1186.0,5.3999999999999995
2019/10/28,0.0,9.6,1.3,241.0,1253.0,5.45
2019/10/29,0.0,11.4,1.5,242.0,1276.0,6.45
2019/10/30,5.4,9.7,7.0,300.0,1820.0,8.35
2019/10/31,6.3,13.2,7.3,288.0,1767.0,10.25
2019/11/01,10.0,14.0,8.3,280.0,2027.0,11.15
2019/11/02,12.7,10.5,5.4,261.0,1538.0,7.95
2019/11/03,1.9,10.7,6.9,29.0,1539.0,8.8
2019/11/04,0.8,9.0,2.3,142.0,2183.0,5.65
2019/11/05,0.6,10.2,2.9,227.0,1819.0,6.55
2019/11/06,6.3,7.4,4.1,121.0,1190.0,5.75
2019/11/07,3.2,6.1,2.1,278.0,1094.0,4.1
2019/11/08,6.1,7.9,0.7,422.0,787.0,4.3
2019/11/09,0.6,8.6,1.0,160.0,1687.0,4.8
2019/11/10,6.8,7.4,1.4,356.0,1787.0,4.4
2019/11/11,1.2,6.7,1.7,241.0,1441.0,4.2
2019/11/12,0.0,7.6,1.4,367.0,2189.0,4.5
2019/11/13,15.4,5.9,0.9,382.0,2260.0,3.4000000000000004
2019/11/14,0.0,5.6,0.5,419.0,2289.0,3.05
2019/11/15,0.0,6.4,-0.2,403.0,2232.0,3.1
2019/11/16,0.3,4.5,-0.2,387.0,2081.0,2.15
2019/11/17,0.0,6.4,0.5,284.0,1508.0,3.45
2019/11/18,2.5,8.9,-0.6,243.0,1364.0,4.15
2019/11/19,0.5,9.1,0.3,367.0,2294.0,4.7
2019/11/20,26.7,9.1,4.4,404.0,2207.0,6.75
2019/11/21,15.2,7.7,6.7,429.0,2287.0,7.2
2019/11/22,15.5,7.1,5.0,354.0,2251.0,6.05
2019/11/23,0.6,8.3,3.7,358.0,1982.0,6.0
2019/11/24,5.1,10.5,5.9,334.0,1300.0,8.2
2019/11/25,8.3,11.3,6.2,250.0,1311.0,8.75
2019/11/26,2.1,10.5,6.9,403.0,2133.0,8.7
2019/11/27,1.6,8.1,5.9,446.0,2118.0,7.0
2019/11/28,0.0,8.6,6.2,374.0,2065.0,7.4
2019/11/29,0.3,7.3,3.3,405.0,2074.0,5.3
2019/11/30,0.4,7.9,2.7,357.0,1951.0,5.300000000000001
2019/12/01,0.0,5.1,1.1,323.0,2061.0,3.0999999999999996
2019/12/02,0.0,4.4,-1.1,317.0,2415.0,1.6500000000000001
2019/12/03,0.0,8.5,-0.4,201.0,2396.0,4.05
2019/12/04,0.6,9.5,3.3,137.0,2029.0,6.4
2019/12/05,0.7,11.5,3.7,335.0,1430.0,7.6
2019/12/06,0.1,10.0,7.2,109.0,1139.0,8.6
2019/12/07,6.2,12.4,4.5,276.0,1024.0,8.45
2019/12/08,2.6,8.5,3.4,186.0,656.0,5.95
2019/12/09,1.3,12.1,3.6,243.0,1803.0,7.85
2019/12/10,4.5,14.0,4.8,306.0,1589.0,9.4
2019/12/11,10.2,9.5,1.4,383.0,2274.0,5.45
2019/12/12,4.2,8.6,0.8,424.0,2272.0,4.7
2019/12/13,3.2,6.1,2.8,436.0,2162.0,4.449999999999999
2019/12/14,2.3,4.3,0.7,430.0,2062.0,2.5
2019/12/15,0.4,5.0,-0.1,394.0,1451.0,2.45
2019/12/16,1.4,5.2,0.1,389.0,1565.0,2.65
2019/12/17,4.1,9.0,-0.4,415.0,1868.0,4.3
