 21/10/2013 00:00:00,975
 22/10/2013 00:00:00,1880
 23/10/2013 00:00:00,1879
 24/10/2013 00:00:00,1858
 25/10/2013 00:00:00,1896
 26/10/2013 00:00:00,1707
 27/10/2013 00:00:00,1084
 28/10/2013 00:00:00,1067
 29/10/2013 00:00:00,1332
 30/10/2013 00:00:00,1642
 31/10/2013 00:00:00,1850
 01/11/2013 00:00:00,1922
 02/11/2013 00:00:00,1758
 03/11/2013 00:00:00,1151
 04/11/2013 00:00:00,1107
 05/11/2013 00:00:00,2088
 06/11/2013 00:00:00,2063
 07/11/2013 00:00:00,1984
 08/11/2013 00:00:00,1899
 09/11/2013 00:00:00,1805
 10/11/2013 00:00:00,1224
 11/11/2013 00:00:00,1164
 12/11/2013 00:00:00,2097
 13/11/2013 00:00:00,2033
 14/11/2013 00:00:00,2101
 15/11/2013 00:00:00,2011
 16/11/2013 00:00:00,1963
 17/11/2013 00:00:00,1204
 18/11/2013 00:00:00,1069
 19/11/2013 00:00:00,2007
 20/11/2013 00:00:00,2109
 21/11/2013 00:00:00,2155
 22/11/2013 00:00:00,2196
 23/11/2013 00:00:00,2029
 24/11/2013 00:00:00,1498
 25/11/2013 00:00:00,1286
 26/11/2013 00:00:00,2293
 27/11/2013 00:00:00,2292
 28/11/2013 00:00:00,2251
 29/11/2013 00:00:00,2158
 30/11/2013 00:00:00,1974
 01/12/2013 00:00:00,1240
 02/12/2013 00:00:00,1154
 03/12/2013 00:00:00,2172
 04/12/2013 00:00:00,2128
 05/12/2013 00:00:00,2139
 06/12/2013 00:00:00,2139
 07/12/2013 00:00:00,1879
 08/12/2013 00:00:00,1257
 09/12/2013 00:00:00,1173
 10/12/2013 00:00:00,2110
 11/12/2013 00:00:00,2069
 12/12/2013 00:00:00,2133
 13/12/2013 00:00:00,2028
 14/12/2013 00:00:00,1820
 15/12/2013 00:00:00,1220
 16/12/2013 00:00:00,1177
 17/12/2013 00:00:00,1859
 18/12/2013 00:00:00,1811
 19/12/2013 00:00:00,1727
 19/12/2013 10:42:48,0
 19/12/2013 11:07:59,0
 20/12/2013 00:00:00,1719
 21/12/2013 00:00:00,1595
 22/12/2013 00:00:00,1120
 23/12/2013 00:00:00,1183
 24/12/2013 00:00:00,1458
 25/12/2013 00:00:00,1295
 26/12/2013 00:00:00,1304
 27/12/2013 00:00:00,1304
 28/12/2013 00:00:00,1269
 29/12/2013 00:00:00,1173
 30/12/2013 00:00:00,1156
 31/12/2013 00:00:00,1256
 01/01/2014 00:00:00,1315
 02/01/2014 00:00:00,1308
 03/01/2014 00:00:00,1490
 04/01/2014 00:00:00,1487
 05/01/2014 00:00:00,1178
 06/01/2014 00:00:00,1104
 07/01/2014 00:00:00,1799
 08/01/2014 00:00:00,1980
 09/01/2014 00:00:00,2024
 10/01/2014 00:00:00,1931
 11/01/2014 00:00:00,1913
 12/01/2014 00:00:00,1423
 13/01/2014 00:00:00,1264
 14/01/2014 00:00:00,2144
 15/01/2014 00:00:00,2169
 16/01/2014 00:00:00,2041
 17/01/2014 00:00:00,1976
 18/01/2014 00:00:00,1868
 19/01/2014 00:00:00,1447
 20/01/2014 00:00:00,1326
 21/01/2014 00:00:00,2192
 22/01/2014 00:00:00,2139
 23/01/2014 00:00:00,2148
 24/01/2014 00:00:00,2125
 25/01/2014 00:00:00,1979
 26/01/2014 00:00:00,1398
 27/01/2014 00:00:00,1334
 28/01/2014 00:00:00,2353
 29/01/2014 00:00:00,2290
 30/01/2014 00:00:00,2309
 31/01/2014 00:00:00,2279
 01/02/2014 00:00:00,2042
 02/02/2014 00:00:00,1387
 03/02/2014 00:00:00,1190
 04/02/2014 00:00:00,2273
 05/02/2014 00:00:00,2203
 06/02/2014 00:00:00,2269
 07/02/2014 00:00:00,2132
 08/02/2014 00:00:00,2023
 09/02/2014 00:00:00,1351
 10/02/2014 00:00:00,1304
 11/02/2014 00:00:00,2383
 12/02/2014 00:00:00,2290
 12/02/2014 19:36:12,0
 13/02/2014 00:00:00,2265
 14/02/2014 00:00:00,1961
 15/02/2014 00:00:00,2016
 16/02/2014 00:00:00,1269
 17/02/2014 00:00:00,1221
 18/02/2014 00:00:00,2154
 19/02/2014 00:00:00,2076
 20/02/2014 00:00:00,2096
 21/02/2014 00:00:00,2113
 22/02/2014 00:00:00,1936
 23/02/2014 00:00:00,1240
 24/02/2014 00:00:00,1184
 25/02/2014 00:00:00,2266
 26/02/2014 00:00:00,2176
 27/02/2014 00:00:00,2270
 28/02/2014 00:00:00,2220
 01/03/2014 00:00:00,1944
 02/03/2014 00:00:00,1285
 03/03/2014 00:00:00,1227
 04/03/2014 00:00:00,2179
 05/03/2014 00:00:00,2190
 06/03/2014 00:00:00,2177
 07/03/2014 00:00:00,2137
 08/03/2014 00:00:00,1816
 09/03/2014 00:00:00,1200
 10/03/2014 00:00:00,1251
 11/03/2014 00:00:00,2174
 12/03/2014 00:00:00,2197
 13/03/2014 00:00:00,2261
 14/03/2014 00:00:00,2102
 15/03/2014 00:00:00,1857
 16/03/2014 00:00:00,1108
 17/03/2014 00:00:00,1133
 18/03/2014 00:00:00,1366
 19/03/2014 00:00:00,1868
 20/03/2014 00:00:00,1900
 21/03/2014 00:00:00,1955
 22/03/2014 00:00:00,1832
 23/03/2014 00:00:00,1294
 24/03/2014 00:00:00,1155
 25/03/2014 00:00:00,2173
 26/03/2014 00:00:00,2148
 27/03/2014 00:00:00,2080
 28/03/2014 00:00:00,2073
 29/03/2014 00:00:00,1897
 30/03/2014 00:00:00,1116
 31/03/2014 00:00:00,1030
 01/04/2014 00:00:00,2000
 02/04/2014 00:00:00,1997
 03/04/2014 00:00:00,2006
 04/04/2014 00:00:00,2054
 05/04/2014 00:00:00,1837
 06/04/2014 00:00:00,1210
 07/04/2014 00:00:00,1136
 08/04/2014 00:00:00,2016
 09/04/2014 00:00:00,1934
 10/04/2014 00:00:00,1920
 11/04/2014 00:00:00,1904
 12/04/2014 00:00:00,1644
 13/04/2014 00:00:00,1019
 14/04/2014 00:00:00,1003
 15/04/2014 00:00:00,1596
 16/04/2014 00:00:00,1540
 17/04/2014 00:00:00,1519
 18/04/2014 00:00:00,1481
 19/04/2014 00:00:00,1109
 20/04/2014 00:00:00,1007
 21/04/2014 00:00:00,1061
 22/04/2014 00:00:00,1205
 23/04/2014 00:00:00,1605
 24/04/2014 00:00:00,1586
 25/04/2014 00:00:00,1539
 26/04/2014 00:00:00,1418
 27/04/2014 00:00:00,1022
 28/04/2014 00:00:00,959
 29/04/2014 00:00:00,1756
 30/04/2014 00:00:00,1698
 01/05/2014 00:00:00,1801
 02/05/2014 00:00:00,1718
 03/05/2014 00:00:00,1552
 04/05/2014 00:00:00,1003
 05/05/2014 00:00:00,947
 06/05/2014 00:00:00,1076
 07/05/2014 00:00:00,1596
 08/05/2014 00:00:00,1685
 09/05/2014 00:00:00,1645
 10/05/2014 00:00:00,1589
 11/05/2014 00:00:00,1341
 12/05/2014 00:00:00,965
 13/05/2014 00:00:00,1638
 14/05/2014 00:00:00,1553
 15/05/2014 00:00:00,1570
 16/05/2014 00:00:00,1501
 17/05/2014 00:00:00,1328
 18/05/2014 00:00:00,908
 19/05/2014 00:00:00,987
 20/05/2014 00:00:00,1540
 21/05/2014 00:00:00,1543
 22/05/2014 00:00:00,1471
 23/05/2014 00:00:00,1444
 24/05/2014 00:00:00,1288
 25/05/2014 00:00:00,801
 26/05/2014 00:00:00,828
 27/05/2014 00:00:00,1408
 28/05/2014 00:00:00,1526
 29/05/2014 00:00:00,1439
 30/05/2014 00:00:00,1470
 31/05/2014 00:00:00,1408
 01/06/2014 00:00:00,883
 02/06/2014 00:00:00,931
 03/06/2014 00:00:00,925
 04/06/2014 00:00:00,1264
 05/06/2014 00:00:00,1387
 06/06/2014 00:00:00,1269
 07/06/2014 00:00:00,1322
 08/06/2014 00:00:00,842
 09/06/2014 00:00:00,999
 10/06/2014 00:00:00,1324
 11/06/2014 00:00:00,1302
 12/06/2014 00:00:00,1318
 13/06/2014 00:00:00,1296
 14/06/2014 00:00:00,1257
 15/06/2014 00:00:00,738
 16/06/2014 00:00:00,1129
 17/06/2014 00:00:00,1220
 18/06/2014 00:00:00,1278
 19/06/2014 00:00:00,1255
 20/06/2014 00:00:00,1239
 21/06/2014 00:00:00,1165
 22/06/2014 00:00:00,673
 23/06/2014 00:00:00,745
 24/06/2014 00:00:00,958
 25/06/2014 00:00:00,964
 26/06/2014 00:00:00,994
 27/06/2014 00:00:00,937
 28/06/2014 00:00:00,878
 29/06/2014 00:00:00,715
 30/06/2014 00:00:00,741
 01/07/2014 00:00:00,946
 02/07/2014 00:00:00,939
 03/07/2014 00:00:00,928
 04/07/2014 00:00:00,898
 05/07/2014 00:00:00,913
 06/07/2014 00:00:00,738
 07/07/2014 00:00:00,749
 08/07/2014 00:00:00,926
 09/07/2014 00:00:00,866
 10/07/2014 00:00:00,848
 11/07/2014 00:00:00,930
 12/07/2014 00:00:00,886
 13/07/2014 00:00:00,854
 14/07/2014 00:00:00,747
 15/07/2014 00:00:00,897
 16/07/2014 00:00:00,900
 17/07/2014 00:00:00,865
 18/07/2014 00:00:00,859
 19/07/2014 00:00:00,849
 20/07/2014 00:00:00,701
 21/07/2014 00:00:00,703
 22/07/2014 00:00:00,859
 23/07/2014 00:00:00,877
 23/07/2014 17:19:29,0
 24/07/2014 00:00:00,822
 25/07/2014 00:00:00,857
 26/07/2014 00:00:00,827
 27/07/2014 00:00:00,643
 28/07/2014 00:00:00,656
 29/07/2014 00:00:00,938
 30/07/2014 00:00:00,908
 31/07/2014 00:00:00,836
 01/08/2014 00:00:00,826
 02/08/2014 00:00:00,834
 03/08/2014 00:00:00,744
 04/08/2014 00:00:00,753
 05/08/2014 00:00:00,778
 06/08/2014 00:00:00,836
 07/08/2014 00:00:00,853
 08/08/2014 00:00:00,862
 09/08/2014 00:00:00,853
 10/08/2014 00:00:00,651
 11/08/2014 00:00:00,693
 12/08/2014 00:00:00,852
 13/08/2014 00:00:00,871
 14/08/2014 00:00:00,882
 15/08/2014 00:00:00,896
 16/08/2014 00:00:00,888
 17/08/2014 00:00:00,703
 18/08/2014 00:00:00,693
 19/08/2014 00:00:00,854
 20/08/2014 00:00:00,862
 21/08/2014 00:00:00,842
 22/08/2014 00:00:00,868
 23/08/2014 00:00:00,859
 24/08/2014 00:00:00,647
 25/08/2014 00:00:00,647
 26/08/2014 00:00:00,1005
 27/08/2014 00:00:00,1015
 28/08/2014 00:00:00,1052
 29/08/2014 00:00:00,1007
 30/08/2014 00:00:00,1009
 31/08/2014 00:00:00,732
 01/09/2014 00:00:00,717
 02/09/2014 00:00:00,1028
 03/09/2014 00:00:00,1169
 04/09/2014 00:00:00,1393
 05/09/2014 00:00:00,1416
 06/09/2014 00:00:00,1262
 07/09/2014 00:00:00,750
 08/09/2014 00:00:00,828
 09/09/2014 00:00:00,1521
 10/09/2014 00:00:00,1523
 11/09/2014 00:00:00,1547
 12/09/2014 00:00:00,1459
 13/09/2014 00:00:00,1350
 14/09/2014 00:00:00,845
 15/09/2014 00:00:00,866
 16/09/2014 00:00:00,1673
 17/09/2014 00:00:00,1642
 18/09/2014 00:00:00,1684
 19/09/2014 00:00:00,1637
 20/09/2014 00:00:00,1469
 21/09/2014 00:00:00,821
 22/09/2014 00:00:00,850
 23/09/2014 00:00:00,1664
 24/09/2014 00:00:00,1710
 25/09/2014 00:00:00,1721
 26/09/2014 00:00:00,1655
 27/09/2014 00:00:00,1423
 28/09/2014 00:00:00,821
 29/09/2014 00:00:00,977
 30/09/2014 00:00:00,1667
 01/10/2014 00:00:00,1717
 02/10/2014 00:00:00,1789
 03/10/2014 00:00:00,1803
 04/10/2014 00:00:00,1603
 05/10/2014 00:00:00,808
 06/10/2014 00:00:00,896
 07/10/2014 00:00:00,1823
 08/10/2014 00:00:00,2058
 09/10/2014 00:00:00,2100
 10/10/2014 00:00:00,2036
 11/10/2014 00:00:00,1782
 12/10/2014 00:00:00,965
 13/10/2014 00:00:00,1294
 14/10/2014 00:00:00,2223
 15/10/2014 00:00:00,2218
 16/10/2014 00:00:00,2187
 17/10/2014 00:00:00,2203
 18/10/2014 00:00:00,2093
 19/10/2014 00:00:00,1055
 20/10/2014 00:00:00,1286
 21/10/2014 00:00:00,2000
 22/10/2014 00:00:00,2024
 23/10/2014 00:00:00,2096
 24/10/2014 00:00:00,1967
 25/10/2014 00:00:00,1816
 26/10/2014 00:00:00,917
 27/10/2014 00:00:00,1227
 28/10/2014 00:00:00,1317
 29/10/2014 00:00:00,1968
 30/10/2014 00:00:00,2190
 31/10/2014 00:00:00,1985
 01/11/2014 00:00:00,1905
 02/11/2014 00:00:00,885
 03/11/2014 00:00:00,1095
 04/11/2014 00:00:00,2144
 05/11/2014 00:00:00,2196
 06/11/2014 00:00:00,2373
 07/11/2014 00:00:00,2117
 08/11/2014 00:00:00,1967
 09/11/2014 00:00:00,1157
 10/11/2014 00:00:00,1372
 11/11/2014 00:00:00,2262
 12/11/2014 00:00:00,2237
 13/11/2014 00:00:00,2215
 14/11/2014 00:00:00,2201
 15/11/2014 00:00:00,2126
 16/11/2014 00:00:00,1169
 17/11/2014 00:00:00,1446
 18/11/2014 00:00:00,2376
 19/11/2014 00:00:00,2391
 20/11/2014 00:00:00,2323
 21/11/2014 00:00:00,2125
 22/11/2014 00:00:00,1955
 23/11/2014 00:00:00,1118
 24/11/2014 00:00:00,1221
 25/11/2014 00:00:00,2319
 26/11/2014 00:00:00,2187
 27/11/2014 00:00:00,2368
 28/11/2014 00:00:00,2521
 29/11/2014 00:00:00,2239
 30/11/2014 00:00:00,1089
 01/12/2014 00:00:00,1297
 02/12/2014 00:00:00,2424
 03/12/2014 00:00:00,2369
 04/12/2014 00:00:00,2378
 05/12/2014 00:00:00,2277
 06/12/2014 00:00:00,2132
 07/12/2014 00:00:00,1200
 08/12/2014 00:00:00,1549
 09/12/2014 00:00:00,2410
 10/12/2014 00:00:00,2297
 11/12/2014 00:00:00,2463
 12/12/2014 00:00:00,2539
 13/12/2014 00:00:00,2264
 14/12/2014 00:00:00,1248
 15/12/2014 00:00:00,1412
 16/12/2014 00:00:00,2034
 16/12/2014 11:42:05,0
 17/12/2014 00:00:00,1966
 18/12/2014 00:00:00,1891
 19/12/2014 00:00:00,1902
 20/12/2014 00:00:00,1752
 21/12/2014 00:00:00,1194
 22/12/2014 00:00:00,1502
 23/12/2014 00:00:00,1940
 24/12/2014 00:00:00,1623
 25/12/2014 00:00:00,1179
 26/12/2014 00:00:00,1217
 27/12/2014 00:00:00,1219
 28/12/2014 00:00:00,1003
 29/12/2014 00:00:00,1109
 30/12/2014 00:00:00,1242
 31/12/2014 00:00:00,1209
 01/01/2015 00:00:00,1157
 02/01/2015 00:00:00,1159
 03/01/2015 00:00:00,1165
 04/01/2015 00:00:00,967
 05/01/2015 00:00:00,1074
 06/01/2015 00:00:00,1979
 07/01/2015 00:00:00,2023
 08/01/2015 00:00:00,2305
 09/01/2015 00:00:00,2175
 10/01/2015 00:00:00,2211
 11/01/2015 00:00:00,1306
 12/01/2015 00:00:00,1594
 13/01/2015 00:00:00,2384
 14/01/2015 00:00:00,2389
 15/01/2015 00:00:00,2295
 16/01/2015 00:00:00,2243
 17/01/2015 00:00:00,2220
 18/01/2015 00:00:00,1416
 19/01/2015 00:00:00,1519
 20/01/2015 00:00:00,2627
 21/01/2015 00:00:00,2532
 22/01/2015 00:00:00,2551
 23/01/2015 00:00:00,2549
 24/01/2015 00:00:00,2450
 25/01/2015 00:00:00,1480
 26/01/2015 00:00:00,1615
 27/01/2015 00:00:00,2455
 28/01/2015 00:00:00,2417
 29/01/2015 00:00:00,2381
 30/01/2015 00:00:00,2311
 31/01/2015 00:00:00,2156
 01/02/2015 00:00:00,1014
 02/02/2015 00:00:00,1280
 03/02/2015 00:00:00,2525
 04/02/2015 00:00:00,2449
 05/02/2015 00:00:00,2425
 06/02/2015 00:00:00,2391
 07/02/2015 00:00:00,2229
 08/02/2015 00:00:00,1194
 09/02/2015 00:00:00,1402
 10/02/2015 00:00:00,2435
 11/02/2015 00:00:00,2408
 12/02/2015 00:00:00,2296
 13/02/2015 00:00:00,1989
 14/02/2015 00:00:00,2105
 15/02/2015 00:00:00,1198
 16/02/2015 00:00:00,1379
 17/02/2015 00:00:00,2243
 18/02/2015 00:00:00,2205
 19/02/2015 00:00:00,2215
 20/02/2015 00:00:00,2226
 21/02/2015 00:00:00,2014
 22/02/2015 00:00:00,1044
 23/02/2015 00:00:00,1404
 24/02/2015 00:00:00,2478
 25/02/2015 00:00:00,2354
 26/02/2015 00:00:00,2337
 27/02/2015 00:00:00,2149
 28/02/2015 00:00:00,2113
 01/03/2015 00:00:00,1083
 02/03/2015 00:00:00,1346
 03/03/2015 00:00:00,2462
 04/03/2015 00:00:00,2395
 05/03/2015 00:00:00,2301
 06/03/2015 00:00:00,2291
 07/03/2015 00:00:00,2175
 08/03/2015 00:00:00,1158
 09/03/2015 00:00:00,1366
 10/03/2015 00:00:00,2456
 11/03/2015 00:00:00,2291
 12/03/2015 00:00:00,2388
 13/03/2015 00:00:00,2253
 14/03/2015 00:00:00,2016
 15/03/2015 00:00:00,1109
 16/03/2015 00:00:00,1387
 17/03/2015 00:00:00,2212
 18/03/2015 00:00:00,1502
 19/03/2015 00:00:00,2312
 20/03/2015 00:00:00,2188
 21/03/2015 00:00:00,1927
 22/03/2015 00:00:00,1208
 23/03/2015 00:00:00,1513
 24/03/2015 00:00:00,2314
 25/03/2015 00:00:00,2261
 26/03/2015 00:00:00,2314
 27/03/2015 00:00:00,2131
 28/03/2015 00:00:00,2074
 29/03/2015 00:00:00,1149
 30/03/2015 00:00:00,1364
 31/03/2015 00:00:00,1900
 01/04/2015 00:00:00,1844
 02/04/2015 00:00:00,1944
 03/04/2015 00:00:00,1765
 04/04/2015 00:00:00,1345
 05/04/2015 00:00:00,1011
 06/04/2015 00:00:00,1283
 07/04/2015 00:00:00,1354
 08/04/2015 00:00:00,1743
 09/04/2015 00:00:00,1735
 10/04/2015 00:00:00,1704
 11/04/2015 00:00:00,1683
 12/04/2015 00:00:00,1180
 13/04/2015 00:00:00,1321
 14/04/2015 00:00:00,2237
 15/04/2015 00:00:00,2097
 16/04/2015 00:00:00,2023
 17/04/2015 00:00:00,2018
 18/04/2015 00:00:00,1864
 19/04/2015 00:00:00,1051
 20/04/2015 00:00:00,1210
 21/04/2015 00:00:00,2022
 22/04/2015 00:00:00,1987
 23/04/2015 00:00:00,2088
 24/04/2015 00:00:00,2023
 25/04/2015 00:00:00,1773
 26/04/2015 00:00:00,1335
 27/04/2015 00:00:00,1047
 28/04/2015 00:00:00,1965
 29/04/2015 00:00:00,1889
 30/04/2015 00:00:00,1800
 01/05/2015 00:00:00,1838
 02/05/2015 00:00:00,1748
 03/05/2015 00:00:00,1190
 04/05/2015 00:00:00,1066
 05/05/2015 00:00:00,1135
 06/05/2015 00:00:00,1743
 07/05/2015 00:00:00,1857
 08/05/2015 00:00:00,1809
 09/05/2015 00:00:00,1771
 10/05/2015 00:00:00,1220
 11/05/2015 00:00:00,1138
 12/05/2015 00:00:00,1888
 13/05/2015 00:00:00,1751
 14/05/2015 00:00:00,1704
 15/05/2015 00:00:00,1850
 16/05/2015 00:00:00,1655
 17/05/2015 00:00:00,1040
 18/05/2015 00:00:00,1014
 19/05/2015 00:00:00,1621
 20/05/2015 00:00:00,1509
 21/05/2015 00:00:00,1599
 22/05/2015 00:00:00,1684
 23/05/2015 00:00:00,1623
 24/05/2015 00:00:00,885
 25/05/2015 00:00:00,1044
 26/05/2015 00:00:00,1668
 27/05/2015 00:00:00,1619
 28/05/2015 00:00:00,1515
 29/05/2015 00:00:00,1519
 30/05/2015 00:00:00,1416
 31/05/2015 00:00:00,937
 01/06/2015 00:00:00,1003
 02/06/2015 00:00:00,1076
 03/06/2015 00:00:00,1614
 04/06/2015 00:00:00,1467
 05/06/2015 00:00:00,1609
 06/06/2015 00:00:00,1437
 07/06/2015 00:00:00,907
 08/06/2015 00:00:00,963
 09/06/2015 00:00:00,1508
 10/06/2015 00:00:00,1512
 11/06/2015 00:00:00,1428
 12/06/2015 00:00:00,1388
 13/06/2015 00:00:00,1284
 14/06/2015 00:00:00,812
 15/06/2015 00:00:00,910
 16/06/2015 00:00:00,1397
 17/06/2015 00:00:00,1385
 18/06/2015 00:00:00,1495
 19/06/2015 00:00:00,1382
 20/06/2015 00:00:00,1489
 21/06/2015 00:00:00,892
 22/06/2015 00:00:00,863
 23/06/2015 00:00:00,1336
 24/06/2015 00:00:00,1383
 25/06/2015 00:00:00,1433
 26/06/2015 00:00:00,1302
 27/06/2015 00:00:00,1295
 28/06/2015 00:00:00,991
 29/06/2015 00:00:00,899
 30/06/2015 00:00:00,1174
 01/07/2015 00:00:00,1128
 02/07/2015 00:00:00,1180
 03/07/2015 00:00:00,1217
 04/07/2015 00:00:00,1288
 05/07/2015 00:00:00,1030
 06/07/2015 00:00:00,937
 07/07/2015 00:00:00,1162
 08/07/2015 00:00:00,1206
 09/07/2015 00:00:00,1158
 10/07/2015 00:00:00,1144
 11/07/2015 00:00:00,1257
 12/07/2015 00:00:00,958
 13/07/2015 00:00:00,922
 14/07/2015 00:00:00,1213
 15/07/2015 00:00:00,1182
 16/07/2015 00:00:00,1093
 17/07/2015 00:00:00,1249
 18/07/2015 00:00:00,1139
 19/07/2015 00:00:00,938
 20/07/2015 00:00:00,932
 21/07/2015 00:00:00,1081
 22/07/2015 00:00:00,1095
 23/07/2015 00:00:00,1068
 24/07/2015 00:00:00,1162
 25/07/2015 00:00:00,1055
 26/07/2015 00:00:00,865
 27/07/2015 00:00:00,916
 28/07/2015 00:00:00,1174
 29/07/2015 00:00:00,1097
 30/07/2015 00:00:00,1086
 31/07/2015 00:00:00,1136
 01/08/2015 00:00:00,1146
 02/08/2015 00:00:00,975
 03/08/2015 00:00:00,866
 04/08/2015 00:00:00,895
 05/08/2015 00:00:00,1079
 06/08/2015 00:00:00,1183
 07/08/2015 00:00:00,1102
 08/08/2015 00:00:00,972
 09/08/2015 00:00:00,933
 10/08/2015 00:00:00,782
 11/08/2015 00:00:00,1020
 12/08/2015 00:00:00,1034
 13/08/2015 00:00:00,1101
 14/08/2015 00:00:00,1074
 15/08/2015 00:00:00,1025
 16/08/2015 00:00:00,909
 17/08/2015 00:00:00,839
 18/08/2015 00:00:00,1150
 19/08/2015 00:00:00,1145
 20/08/2015 00:00:00,1265
 21/08/2015 00:00:00,1242
 22/08/2015 00:00:00,1090
 23/08/2015 00:00:00,900
 23/08/2015 12:55:37,0
 24/08/2015 00:00:00,714
 25/08/2015 00:00:00,1066
 26/08/2015 00:00:00,1172
 27/08/2015 00:00:00,1131
 28/08/2015 00:00:00,1110
 29/08/2015 00:00:00,1171
 30/08/2015 00:00:00,932
 31/08/2015 00:00:00,876
 01/09/2015 00:00:00,1327
 02/09/2015 00:00:00,1321
 03/09/2015 00:00:00,1523
 04/09/2015 00:00:00,1547
 05/09/2015 00:00:00,1409
 06/09/2015 00:00:00,807
 07/09/2015 00:00:00,789
 08/09/2015 00:00:00,1525
 09/09/2015 00:00:00,1554
 10/09/2015 00:00:00,1622
 11/09/2015 00:00:00,1618
 12/09/2015 00:00:00,1501
 13/09/2015 00:00:00,852
 14/09/2015 00:00:00,841
 15/09/2015 00:00:00,1873
 16/09/2015 00:00:00,2063
 17/09/2015 00:00:00,2061
 18/09/2015 00:00:00,1944
 19/09/2015 00:00:00,1635
 20/09/2015 00:00:00,870
 21/09/2015 00:00:00,976
 22/09/2015 00:00:00,1997
 23/09/2015 00:00:00,1972
 24/09/2015 00:00:00,2081
 25/09/2015 00:00:00,1969
 26/09/2015 00:00:00,1707
 27/09/2015 00:00:00,963
 28/09/2015 00:00:00,1042
 29/09/2015 00:00:00,2046
 30/09/2015 00:00:00,2100
 01/10/2015 00:00:00,2129
 02/10/2015 00:00:00,2058
 03/10/2015 00:00:00,1752
 04/10/2015 00:00:00,919
 05/10/2015 00:00:00,1063
 06/10/2015 00:00:00,2090
 07/10/2015 00:00:00,2107
 08/10/2015 00:00:00,2084
 09/10/2015 00:00:00,1995
 10/10/2015 00:00:00,1723
 11/10/2015 00:00:00,1041
 12/10/2015 00:00:00,1070
 13/10/2015 00:00:00,2066
 14/10/2015 00:00:00,2086
 15/10/2015 00:00:00,2033
 16/10/2015 00:00:00,2023
 17/10/2015 00:00:00,1889
 18/10/2015 00:00:00,1055
 19/10/2015 00:00:00,1040
 20/10/2015 00:00:00,2175
 21/10/2015 00:00:00,2314
 22/10/2015 00:00:00,2266
 23/10/2015 00:00:00,2142
 24/10/2015 00:00:00,1901
 25/10/2015 00:00:00,927
 26/10/2015 00:00:00,1167
 27/10/2015 00:00:00,1276
 28/10/2015 00:00:00,1855
 29/10/2015 00:00:00,1835
 30/10/2015 00:00:00,1749
 31/10/2015 00:00:00,1743
 01/11/2015 00:00:00,948
 02/11/2015 00:00:00,1005
 03/11/2015 00:00:00,2055
 04/11/2015 00:00:00,2104
 05/11/2015 00:00:00,2104
 06/11/2015 00:00:00,2078
 07/11/2015 00:00:00,1993
 08/11/2015 00:00:00,1316
 09/11/2015 00:00:00,1123
 10/11/2015 00:00:00,2184
 11/11/2015 00:00:00,2195
 12/11/2015 00:00:00,2160
 13/11/2015 00:00:00,2170
 14/11/2015 00:00:00,1996
 15/11/2015 00:00:00,1155
 16/11/2015 00:00:00,1013
 17/11/2015 00:00:00,2186
 18/11/2015 00:00:00,2207
 19/11/2015 00:00:00,2123
 20/11/2015 00:00:00,2128
 21/11/2015 00:00:00,2063
 22/11/2015 00:00:00,1498
 23/11/2015 00:00:00,1463
 24/11/2015 00:00:00,2316
 25/11/2015 00:00:00,2398
 26/11/2015 00:00:00,2396
 27/11/2015 00:00:00,2359
 28/11/2015 00:00:00,2133
 29/11/2015 00:00:00,1248
 30/11/2015 00:00:00,1197
 01/12/2015 00:00:00,2397
 02/12/2015 00:00:00,2481
 03/12/2015 00:00:00,2491
 04/12/2015 00:00:00,2427
 05/12/2015 00:00:00,2259
 06/12/2015 00:00:00,1191
 07/12/2015 00:00:00,1387
 08/12/2015 00:00:00,2396
 09/12/2015 00:00:00,2386
 10/12/2015 00:00:00,2415
 11/12/2015 00:00:00,2202
 12/12/2015 00:00:00,2160
 13/12/2015 00:00:00,1334
 14/12/2015 00:00:00,1481
 15/12/2015 00:00:00,2250
 16/12/2015 00:00:00,2242
 17/12/2015 00:00:00,2147
 18/12/2015 00:00:00,2068
 19/12/2015 00:00:00,1977
 20/12/2015 00:00:00,1194
 21/12/2015 00:00:00,1316
 22/12/2015 00:00:00,1657
 23/12/2015 00:00:00,1552
 24/12/2015 00:00:00,1382
 25/12/2015 00:00:00,1207
 26/12/2015 00:00:00,1251
 27/12/2015 00:00:00,1003
 28/12/2015 00:00:00,1124
 29/12/2015 00:00:00,1170
 30/12/2015 00:00:00,1188
 31/12/2015 00:00:00,1165
 01/01/2016 00:00:00,1234
 02/01/2016 00:00:00,1234
 03/01/2016 00:00:00,1065
 04/01/2016 00:00:00,1268
 05/01/2016 00:00:00,1761
 06/01/2016 00:00:00,1728
 07/01/2016 00:00:00,1836
 08/01/2016 00:00:00,1841
 09/01/2016 00:00:00,1881
 10/01/2016 00:00:00,1552
 11/01/2016 00:00:00,1299
 12/01/2016 00:00:00,2115
 13/01/2016 00:00:00,2417
 14/01/2016 00:00:00,2467
 15/01/2016 00:00:00,2445
 16/01/2016 00:00:00,2415
 17/01/2016 00:00:00,1784
 18/01/2016 00:00:00,1616
 19/01/2016 00:00:00,2566
 20/01/2016 00:00:00,2525
 21/01/2016 00:00:00,2620
 22/01/2016 00:00:00,2455
 23/01/2016 00:00:00,2185
 24/01/2016 00:00:00,1374
 25/01/2016 00:00:00,1337
 26/01/2016 00:00:00,2446
 27/01/2016 00:00:00,2453
 28/01/2016 00:00:00,2447
 29/01/2016 00:00:00,2435
 30/01/2016 00:00:00,2277
 31/01/2016 00:00:00,1953
 01/02/2016 00:00:00,1830
 02/02/2016 00:00:00,2404
 03/02/2016 00:00:00,2542
 04/02/2016 00:00:00,2332
 05/02/2016 00:00:00,2378
 06/02/2016 00:00:00,2206
 07/02/2016 00:00:00,1603
 08/02/2016 00:00:00,1415
 09/02/2016 00:00:00,2584
 10/02/2016 00:00:00,2635
 11/02/2016 00:00:00,2436
 12/02/2016 00:00:00,2211
 13/02/2016 00:00:00,2264
 14/02/2016 00:00:00,1602
 15/02/2016 00:00:00,1390
 16/02/2016 00:00:00,2244
 17/02/2016 00:00:00,2357
 18/02/2016 00:00:00,2353
 19/02/2016 00:00:00,2324
 20/02/2016 00:00:00,2187
 21/02/2016 00:00:00,1531
 22/02/2016 00:00:00,1564
 23/02/2016 00:00:00,2446
 24/02/2016 00:00:00,2554
 25/02/2016 00:00:00,2537
 26/02/2016 00:00:00,2526
 27/02/2016 00:00:00,2350
 28/02/2016 00:00:00,1418
 29/02/2016 00:00:00,1503
 01/03/2016 00:00:00,2567
 02/03/2016 00:00:00,2475
 03/03/2016 00:00:00,2533
 04/03/2016 00:00:00,2443
 05/03/2016 00:00:00,2507
 06/03/2016 00:00:00,1547
 07/03/2016 00:00:00,1617
 08/03/2016 00:00:00,2563
 09/03/2016 00:00:00,2593
 10/03/2016 00:00:00,2568
 11/03/2016 00:00:00,2447
 12/03/2016 00:00:00,2184
 13/03/2016 00:00:00,1316
 14/03/2016 00:00:00,1340
 15/03/2016 00:00:00,2231
 16/03/2016 00:00:00,2317
 17/03/2016 00:00:00,2306
 18/03/2016 00:00:00,1571
 19/03/2016 00:00:00,1968
 20/03/2016 00:00:00,1281
 21/03/2016 00:00:00,1379
 22/03/2016 00:00:00,1851
 23/03/2016 00:00:00,1892
 24/03/2016 00:00:00,1799
 25/03/2016 00:00:00,1763
 26/03/2016 00:00:00,1408
 27/03/2016 00:00:00,1274
 28/03/2016 00:00:00,1290
 29/03/2016 00:00:00,1433
 30/03/2016 00:00:00,1698
 31/03/2016 00:00:00,1740
 01/04/2016 00:00:00,1726
 02/04/2016 00:00:00,1787
 03/04/2016 00:00:00,1468
 04/04/2016 00:00:00,1431
 05/04/2016 00:00:00,2252
 06/04/2016 00:00:00,2238
 07/04/2016 00:00:00,2322
 08/04/2016 00:00:00,2305
 09/04/2016 00:00:00,2116
 10/04/2016 00:00:00,1396
 11/04/2016 00:00:00,1430
 12/04/2016 00:00:00,2313
 13/04/2016 00:00:00,2239
 14/04/2016 00:00:00,2272
 15/04/2016 00:00:00,2012
 16/04/2016 00:00:00,1931
 17/04/2016 00:00:00,1154
 18/04/2016 00:00:00,1237
 19/04/2016 00:00:00,2091
 20/04/2016 00:00:00,2036
 21/04/2016 00:00:00,2093
 22/04/2016 00:00:00,2015
 23/04/2016 00:00:00,1815
 24/04/2016 00:00:00,1475
 25/04/2016 00:00:00,1336
 26/04/2016 00:00:00,2059
 27/04/2016 00:00:00,2083
 28/04/2016 00:00:00,2075
 29/04/2016 00:00:00,2008
 30/04/2016 00:00:00,1843
 01/05/2016 00:00:00,1245
 02/05/2016 00:00:00,1204
 03/05/2016 00:00:00,1214
 04/05/2016 00:00:00,1782
 05/05/2016 00:00:00,1934
 06/05/2016 00:00:00,1862
 07/05/2016 00:00:00,1720
 08/05/2016 00:00:00,1428
 09/05/2016 00:00:00,1314
 10/05/2016 00:00:00,1769
 11/05/2016 00:00:00,1734
 12/05/2016 00:00:00,1743
 13/05/2016 00:00:00,1809
 14/05/2016 00:00:00,1533
 15/05/2016 00:00:00,1179
 16/05/2016 00:00:00,989
 17/05/2016 00:00:00,1574
 18/05/2016 00:00:00,1640
 19/05/2016 00:00:00,1658
 20/05/2016 00:00:00,1610
 21/05/2016 00:00:00,1616
 22/05/2016 00:00:00,1039
 23/05/2016 00:00:00,1048
 24/05/2016 00:00:00,1545
 25/05/2016 00:00:00,1454
 26/05/2016 00:00:00,1564
 27/05/2016 00:00:00,1525
 28/05/2016 00:00:00,1400
 29/05/2016 00:00:00,1084
 30/05/2016 00:00:00,1147
 31/05/2016 00:00:00,1407
 01/06/2016 00:00:00,1331
 02/06/2016 00:00:00,1390
 03/06/2016 00:00:00,1266
 04/06/2016 00:00:00,1240
 05/06/2016 00:00:00,807
 06/06/2016 00:00:00,835
 07/06/2016 00:00:00,853
 08/06/2016 00:00:00,1194
 09/06/2016 00:00:00,1283
 10/06/2016 00:00:00,1223
 11/06/2016 00:00:00,1043
 12/06/2016 00:00:00,770
 13/06/2016 00:00:00,779
 14/06/2016 00:00:00,1167
 15/06/2016 00:00:00,1148
 16/06/2016 00:00:00,1208
 17/06/2016 00:00:00,1257
 18/06/2016 00:00:00,1073
 19/06/2016 00:00:00,712
 20/06/2016 00:00:00,764
 21/06/2016 00:00:00,1056
 22/06/2016 00:00:00,1013
 23/06/2016 00:00:00,1004
 24/06/2016 00:00:00,983
 25/06/2016 00:00:00,917
 26/06/2016 00:00:00,697
 26/06/2016 09:25:52,0
 27/06/2016 00:00:00,591
 28/06/2016 00:00:00,911
 29/06/2016 00:00:00,1016
 30/06/2016 00:00:00,970
 01/07/2016 00:00:00,989
 02/07/2016 00:00:00,1039
 03/07/2016 00:00:00,974
 04/07/2016 00:00:00,879
 05/07/2016 00:00:00,1024
 06/07/2016 00:00:00,1005
 07/07/2016 00:00:00,958
 08/07/2016 00:00:00,957
 09/07/2016 00:00:00,893
 10/07/2016 00:00:00,915
 11/07/2016 00:00:00,850
 12/07/2016 00:00:00,970
 13/07/2016 00:00:00,913
 14/07/2016 00:00:00,940
 15/07/2016 00:00:00,921
 16/07/2016 00:00:00,931
 17/07/2016 00:00:00,763
 18/07/2016 00:00:00,766
 19/07/2016 00:00:00,951
 20/07/2016 00:00:00,882
 21/07/2016 00:00:00,906
 22/07/2016 00:00:00,908
 23/07/2016 00:00:00,847
 24/07/2016 00:00:00,682
 25/07/2016 00:00:00,706
 26/07/2016 00:00:00,901
 27/07/2016 00:00:00,872
 28/07/2016 00:00:00,885
 29/07/2016 00:00:00,885
 30/07/2016 00:00:00,859
 31/07/2016 00:00:00,670
 01/08/2016 00:00:00,741
 02/08/2016 00:00:00,737
 03/08/2016 00:00:00,863
 04/08/2016 00:00:00,866
 05/08/2016 00:00:00,845
 06/08/2016 00:00:00,865
 07/08/2016 00:00:00,848
 08/08/2016 00:00:00,754
 09/08/2016 00:00:00,887
 10/08/2016 00:00:00,932
 11/08/2016 00:00:00,1026
 12/08/2016 00:00:00,958
 13/08/2016 00:00:00,920
 14/08/2016 00:00:00,861
 15/08/2016 00:00:00,741
 16/08/2016 00:00:00,959
 17/08/2016 00:00:00,987
 18/08/2016 00:00:00,1042
 19/08/2016 00:00:00,916
 20/08/2016 00:00:00,923
 21/08/2016 00:00:00,777
 22/08/2016 00:00:00,774
 23/08/2016 00:00:00,1002
 24/08/2016 00:00:00,975
 25/08/2016 00:00:00,1080
 26/08/2016 00:00:00,1054
 27/08/2016 00:00:00,1019
 28/08/2016 00:00:00,782
 29/08/2016 00:00:00,761
 30/08/2016 00:00:00,1058
 31/08/2016 00:00:00,1140
 01/09/2016 00:00:00,1228
 02/09/2016 00:00:00,1187
 03/09/2016 00:00:00,1226
 04/09/2016 00:00:00,782
 05/09/2016 00:00:00,834
 06/09/2016 00:00:00,1464
 07/09/2016 00:00:00,1600
 08/09/2016 00:00:00,1739
 09/09/2016 00:00:00,1728
 10/09/2016 00:00:00,1461
 11/09/2016 00:00:00,781
 12/09/2016 00:00:00,788
 13/09/2016 00:00:00,1644
 14/09/2016 00:00:00,1799
 15/09/2016 00:00:00,1812
 16/09/2016 00:00:00,1818
 17/09/2016 00:00:00,1610
 18/09/2016 00:00:00,915
 19/09/2016 00:00:00,886
 20/09/2016 00:00:00,1835
 21/09/2016 00:00:00,2193
 22/09/2016 00:00:00,2233
 23/09/2016 00:00:00,2106
 24/09/2016 00:00:00,1993
 25/09/2016 00:00:00,1162
 26/09/2016 00:00:00,1178
 27/09/2016 00:00:00,2097
 28/09/2016 00:00:00,2164
 29/09/2016 00:00:00,2218
 30/09/2016 00:00:00,2005
 01/10/2016 00:00:00,1768
 02/10/2016 00:00:00,1002
 03/10/2016 00:00:00,1036
 04/10/2016 00:00:00,2048
 05/10/2016 00:00:00,2069
 06/10/2016 00:00:00,2085
 07/10/2016 00:00:00,2067
 08/10/2016 00:00:00,1900
 09/10/2016 00:00:00,1185
 10/10/2016 00:00:00,1096
 11/10/2016 00:00:00,1994
 12/10/2016 00:00:00,2136
 13/10/2016 00:00:00,2172
 14/10/2016 00:00:00,2116
 15/10/2016 00:00:00,1905
 16/10/2016 00:00:00,1121
 17/10/2016 00:00:00,1121
 18/10/2016 00:00:00,2117
 19/10/2016 00:00:00,2150
 20/10/2016 00:00:00,2154
 21/10/2016 00:00:00,2126
 22/10/2016 00:00:00,1901
 23/10/2016 00:00:00,1053
 24/10/2016 00:00:00,1090
 25/10/2016 00:00:00,2160
 26/10/2016 00:00:00,2237
 27/10/2016 00:00:00,2222
 28/10/2016 00:00:00,2136
 29/10/2016 00:00:00,1905
 30/10/2016 00:00:00,1055
 31/10/2016 00:00:00,1138
 01/11/2016 00:00:00,1193
 02/11/2016 00:00:00,1707
 03/11/2016 00:00:00,1823
 04/11/2016 00:00:00,1831
 05/11/2016 00:00:00,1817
 06/11/2016 00:00:00,1350
 07/11/2016 00:00:00,1239
 08/11/2016 00:00:00,2184
 09/11/2016 00:00:00,2290
 10/11/2016 00:00:00,2332
 11/11/2016 00:00:00,2253
 12/11/2016 00:00:00,2122
 13/11/2016 00:00:00,1305
 14/11/2016 00:00:00,1273
 15/11/2016 00:00:00,2245
 16/11/2016 00:00:00,2245
 17/11/2016 00:00:00,2282
 18/11/2016 00:00:00,2357
 19/11/2016 00:00:00,2305
 20/11/2016 00:00:00,1237
 21/11/2016 00:00:00,1371
 22/11/2016 00:00:00,2569
 23/11/2016 00:00:00,2599
 24/11/2016 00:00:00,2542
 25/11/2016 00:00:00,2555
 26/11/2016 00:00:00,2382
 27/11/2016 00:00:00,1493
 28/11/2016 00:00:00,1472
 29/11/2016 00:00:00,2597
 30/11/2016 00:00:00,2609
 01/12/2016 00:00:00,2606
 02/12/2016 00:00:00,2850
 03/12/2016 00:00:00,2460
 04/12/2016 00:00:00,1488
 05/12/2016 00:00:00,1615
 06/12/2016 00:00:00,2659
 07/12/2016 00:00:00,2633
 08/12/2016 00:00:00,2505
 09/12/2016 00:00:00,2524
 10/12/2016 00:00:00,2262
 11/12/2016 00:00:00,1460
 12/12/2016 00:00:00,1480
 13/12/2016 00:00:00,2360
 14/12/2016 00:00:00,2376
 15/12/2016 00:00:00,2413
 16/12/2016 00:00:00,2410
 17/12/2016 00:00:00,2179
 18/12/2016 00:00:00,1485
 19/12/2016 00:00:00,1548
 20/12/2016 00:00:00,2035
 21/12/2016 00:00:00,2027
 22/12/2016 00:00:00,1866
 23/12/2016 00:00:00,1957
 24/12/2016 00:00:00,1662
 25/12/2016 00:00:00,1308
 26/12/2016 00:00:00,1389
 27/12/2016 00:00:00,1554
 28/12/2016 00:00:00,1585
 29/12/2016 00:00:00,1552
 30/12/2016 00:00:00,1559
 31/12/2016 00:00:00,1526
 01/01/2017 00:00:00,1273
 02/01/2017 00:00:00,1445
 03/01/2017 00:00:00,1610
 04/01/2017 00:00:00,2008
 05/01/2017 00:00:00,1958
 06/01/2017 00:00:00,1997
 07/01/2017 00:00:00,2025
 08/01/2017 00:00:00,1490
 09/01/2017 00:00:00,1501
 10/01/2017 00:00:00,2096
 11/01/2017 00:00:00,2246
 12/01/2017 00:00:00,2185
 13/01/2017 00:00:00,2246
 14/01/2017 00:00:00,2282
 15/01/2017 00:00:00,1614
 16/01/2017 00:00:00,1580
 17/01/2017 00:00:00,2442
 18/01/2017 00:00:00,2479
 19/01/2017 00:00:00,2470
 20/01/2017 00:00:00,2458
 21/01/2017 00:00:00,2364
 22/01/2017 00:00:00,1732
 23/01/2017 00:00:00,1678
 24/01/2017 00:00:00,2521
 25/01/2017 00:00:00,2544
 26/01/2017 00:00:00,2483
 27/01/2017 00:00:00,2589
 28/01/2017 00:00:00,2304
 29/01/2017 00:00:00,1429
 30/01/2017 00:00:00,1492
 31/01/2017 00:00:00,2544
 01/02/2017 00:00:00,2514
 02/02/2017 00:00:00,2561
 03/02/2017 00:00:00,2523
 04/02/2017 00:00:00,2277
 05/02/2017 00:00:00,1536
 06/02/2017 00:00:00,1471
 07/02/2017 00:00:00,2507
 08/02/2017 00:00:00,2489
 09/02/2017 00:00:00,2541
 10/02/2017 00:00:00,2494
 11/02/2017 00:00:00,2354
 12/02/2017 00:00:00,1506
 13/02/2017 00:00:00,1587
 14/02/2017 00:00:00,2276
 15/02/2017 00:00:00,2366
 16/02/2017 00:00:00,2278
 17/02/2017 00:00:00,2268
 18/02/2017 00:00:00,2155
 19/02/2017 00:00:00,1323
 20/02/2017 00:00:00,1323
 21/02/2017 00:00:00,2298
 22/02/2017 00:00:00,2369
 23/02/2017 00:00:00,2330
 24/02/2017 00:00:00,2320
 25/02/2017 00:00:00,2167
 26/02/2017 00:00:00,1332
 27/02/2017 00:00:00,1412
 28/02/2017 00:00:00,2374
 01/03/2017 00:00:00,2449
 02/03/2017 00:00:00,2404
 03/03/2017 00:00:00,2380
 04/03/2017 00:00:00,2224
 05/03/2017 00:00:00,1451
 06/03/2017 00:00:00,1404
 07/03/2017 00:00:00,2415
 08/03/2017 00:00:00,2483
 09/03/2017 00:00:00,2308
 10/03/2017 00:00:00,2278
 11/03/2017 00:00:00,2129
 12/03/2017 00:00:00,1379
 13/03/2017 00:00:00,1366
 14/03/2017 00:00:00,2230
 15/03/2017 00:00:00,2285
 16/03/2017 00:00:00,2178
 17/03/2017 00:00:00,2149
 18/03/2017 00:00:00,1562
 19/03/2017 00:00:00,1239
 20/03/2017 00:00:00,1252
 21/03/2017 00:00:00,2199
 22/03/2017 00:00:00,2362
 23/03/2017 00:00:00,2362
 24/03/2017 00:00:00,2366
 25/03/2017 00:00:00,2047
 26/03/2017 00:00:00,1309
 27/03/2017 00:00:00,1197
 28/03/2017 00:00:00,2100
 29/03/2017 00:00:00,2144
 30/03/2017 00:00:00,2127
 31/03/2017 00:00:00,2094
 01/04/2017 00:00:00,1901
 02/04/2017 00:00:00,1213
 03/04/2017 00:00:00,1208
 04/04/2017 00:00:00,2166
 05/04/2017 00:00:00,2200
 06/04/2017 00:00:00,2142
 07/04/2017 00:00:00,2125
 08/04/2017 00:00:00,1876
 09/04/2017 00:00:00,1260
 10/04/2017 00:00:00,1240
 11/04/2017 00:00:00,1685
 12/04/2017 00:00:00,1715
 13/04/2017 00:00:00,1763
 14/04/2017 00:00:00,1681
 15/04/2017 00:00:00,1268
 16/04/2017 00:00:00,1076
 17/04/2017 00:00:00,1239
 18/04/2017 00:00:00,1286
 19/04/2017 00:00:00,1707
 20/04/2017 00:00:00,1666
 21/04/2017 00:00:00,1581
 22/04/2017 00:00:00,1555
 23/04/2017 00:00:00,1081
 24/04/2017 00:00:00,1084
 25/04/2017 00:00:00,1993
 26/04/2017 00:00:00,2060
 27/04/2017 00:00:00,2067
 28/04/2017 00:00:00,2028
 29/04/2017 00:00:00,1767
 30/04/2017 00:00:00,1173
 01/05/2017 00:00:00,1267
 02/05/2017 00:00:00,1193
 03/05/2017 00:00:00,1855
 04/05/2017 00:00:00,1857
 05/05/2017 00:00:00,1910
 06/05/2017 00:00:00,1761
 07/05/2017 00:00:00,1501
 08/05/2017 00:00:00,1184
 09/05/2017 00:00:00,1836
 10/05/2017 00:00:00,1738
 11/05/2017 00:00:00,1797
 12/05/2017 00:00:00,1691
 13/05/2017 00:00:00,1639
 14/05/2017 00:00:00,1150
 15/05/2017 00:00:00,1007
 16/05/2017 00:00:00,1795
 17/05/2017 00:00:00,1756
 18/05/2017 00:00:00,1681
 19/05/2017 00:00:00,1675
 20/05/2017 00:00:00,1483
 21/05/2017 00:00:00,993
 22/05/2017 00:00:00,998
 23/05/2017 00:00:00,1576
 24/05/2017 00:00:00,1585
 25/05/2017 00:00:00,1489
 26/05/2017 00:00:00,1433
 27/05/2017 00:00:00,1337
 28/05/2017 00:00:00,922
 29/05/2017 00:00:00,923
 30/05/2017 00:00:00,1410
 31/05/2017 00:00:00,1464
 01/06/2017 00:00:00,1535
 02/06/2017 00:00:00,1533
 03/06/2017 00:00:00,1264
 04/06/2017 00:00:00,868
 05/06/2017 00:00:00,880
 06/06/2017 00:00:00,936
 07/06/2017 00:00:00,1288
 08/06/2017 00:00:00,1314
 09/06/2017 00:00:00,1280
 10/06/2017 00:00:00,1262
 11/06/2017 00:00:00,963
 12/06/2017 00:00:00,924
 13/06/2017 00:00:00,1389
 14/06/2017 00:00:00,1346
 15/06/2017 00:00:00,1333
 16/06/2017 00:00:00,1275
 17/06/2017 00:00:00,1204
 18/06/2017 00:00:00,924
 19/06/2017 00:00:00,919
 20/06/2017 00:00:00,1180
 21/06/2017 00:00:00,1070
 22/06/2017 00:00:00,992
 23/06/2017 00:00:00,1041
 24/06/2017 00:00:00,1070
 25/06/2017 00:00:00,928
 26/06/2017 00:00:00,851
 27/06/2017 00:00:00,1083
 28/06/2017 00:00:00,980
 29/06/2017 00:00:00,1064
 30/06/2017 00:00:00,1056
 01/07/2017 00:00:00,1015
 02/07/2017 00:00:00,834
 03/07/2017 00:00:00,806
 04/07/2017 00:00:00,1025
 05/07/2017 00:00:00,1033
 06/07/2017 00:00:00,1036
 07/07/2017 00:00:00,1025
 08/07/2017 00:00:00,982
 09/07/2017 00:00:00,906
 10/07/2017 00:00:00,767
 11/07/2017 00:00:00,914
 12/07/2017 00:00:00,927
 13/07/2017 00:00:00,941
 14/07/2017 00:00:00,935
 15/07/2017 00:00:00,906
 16/07/2017 00:00:00,877
 17/07/2017 00:00:00,753
 18/07/2017 00:00:00,972
 19/07/2017 00:00:00,1091
 20/07/2017 00:00:00,1057
 21/07/2017 00:00:00,1035
 22/07/2017 00:00:00,920
 23/07/2017 00:00:00,797
 24/07/2017 00:00:00,794
 25/07/2017 00:00:00,1027
 26/07/2017 00:00:00,1073
 27/07/2017 00:00:00,1099
 28/07/2017 00:00:00,1061
 29/07/2017 00:00:00,1001
 30/07/2017 00:00:00,938
 31/07/2017 00:00:00,935
 01/08/2017 00:00:00,1073
 02/08/2017 00:00:00,1038
 03/08/2017 00:00:00,1011
 04/08/2017 00:00:00,996
 05/08/2017 00:00:00,963
 06/08/2017 00:00:00,766
 07/08/2017 00:00:00,782
 08/08/2017 00:00:00,766
 09/08/2017 00:00:00,941
 10/08/2017 00:00:00,923
 11/08/2017 00:00:00,935
 12/08/2017 00:00:00,959
 13/08/2017 00:00:00,904
 14/08/2017 00:00:00,798
 15/08/2017 00:00:00,1050
 16/08/2017 00:00:00,1005
 17/08/2017 00:00:00,1047
 18/08/2017 00:00:00,1050
 19/08/2017 00:00:00,982
 20/08/2017 00:00:00,967
 21/08/2017 00:00:00,837
 22/08/2017 00:00:00,1141
 23/08/2017 00:00:00,1060
 24/08/2017 00:00:00,1076
 25/08/2017 00:00:00,1134
 26/08/2017 00:00:00,1082
 27/08/2017 00:00:00,818
 28/08/2017 00:00:00,812
 29/08/2017 00:00:00,1165
 30/08/2017 00:00:00,1198
 31/08/2017 00:00:00,1153
 01/09/2017 00:00:00,1118
 02/09/2017 00:00:00,1219
 03/09/2017 00:00:00,985
 04/09/2017 00:00:00,928
 05/09/2017 00:00:00,1651
 06/09/2017 00:00:00,1628
 07/09/2017 00:00:00,1616
 08/09/2017 00:00:00,1678
 09/09/2017 00:00:00,1497
 10/09/2017 00:00:00,1072
 11/09/2017 00:00:00,976
 12/09/2017 00:00:00,1746
 13/09/2017 00:00:00,1731
 14/09/2017 00:00:00,1712
 15/09/2017 00:00:00,1731
 16/09/2017 00:00:00,1562
 17/09/2017 00:00:00,1010
 18/09/2017 00:00:00,1167
 19/09/2017 00:00:00,1921
 20/09/2017 00:00:00,1959
 21/09/2017 00:00:00,1962
 22/09/2017 00:00:00,1850
 23/09/2017 00:00:00,1517
 24/09/2017 00:00:00,1035
 25/09/2017 00:00:00,1087
 26/09/2017 00:00:00,1940
 27/09/2017 00:00:00,2007
 28/09/2017 00:00:00,2077
 29/09/2017 00:00:00,1997
 30/09/2017 00:00:00,1637
 01/10/2017 00:00:00,948
 02/10/2017 00:00:00,1091
 03/10/2017 00:00:00,1963
 04/10/2017 00:00:00,1988
 05/10/2017 00:00:00,1973
 06/10/2017 00:00:00,2032
 07/10/2017 00:00:00,1611
 08/10/2017 00:00:00,1092
 09/10/2017 00:00:00,1094
 10/10/2017 00:00:00,2019
 11/10/2017 00:00:00,1992
 12/10/2017 00:00:00,2017
 13/10/2017 00:00:00,1979
 14/10/2017 00:00:00,1557
 15/10/2017 00:00:00,1088
 16/10/2017 00:00:00,1104
 16/10/2017 14:53:02,0
 17/10/2017 00:00:00,990
 18/10/2017 00:00:00,1854
 19/10/2017 00:00:00,2129
 20/10/2017 00:00:00,1997
 21/10/2017 00:00:00,1606
 22/10/2017 00:00:00,1121
 23/10/2017 00:00:00,1192
 24/10/2017 00:00:00,2123
 25/10/2017 00:00:00,2162
 26/10/2017 00:00:00,2117
 27/10/2017 00:00:00,2083
 28/10/2017 00:00:00,1621
 29/10/2017 00:00:00,990
 30/10/2017 00:00:00,1165
 31/10/2017 00:00:00,1280
 01/11/2017 00:00:00,1774
 02/11/2017 00:00:00,1709
 03/11/2017 00:00:00,1801
 04/11/2017 00:00:00,1582
 05/11/2017 00:00:00,1226
 06/11/2017 00:00:00,1292
 07/11/2017 00:00:00,2271
 08/11/2017 00:00:00,2215
 09/11/2017 00:00:00,2262
 10/11/2017 00:00:00,2170
 11/11/2017 00:00:00,1816
 12/11/2017 00:00:00,1205
 13/11/2017 00:00:00,1348
 14/11/2017 00:00:00,2407
 15/11/2017 00:00:00,2318
 16/11/2017 00:00:00,2219
 17/11/2017 00:00:00,2190
 18/11/2017 00:00:00,1911
 19/11/2017 00:00:00,1190
 20/11/2017 00:00:00,1363
 21/11/2017 00:00:00,2303
 22/11/2017 00:00:00,2255
 23/11/2017 00:00:00,2333
 24/11/2017 00:00:00,2198
 25/11/2017 00:00:00,1910
 26/11/2017 00:00:00,1282
 27/11/2017 00:00:00,1349
 28/11/2017 00:00:00,2552
 29/11/2017 00:00:00,2581
 30/11/2017 00:00:00,2524
 01/12/2017 00:00:00,2516
 02/12/2017 00:00:00,2164
 03/12/2017 00:00:00,1395
 04/12/2017 00:00:00,1417
 05/12/2017 00:00:00,2548
 06/12/2017 00:00:00,2439
 07/12/2017 00:00:00,2477
 08/12/2017 00:00:00,2421
 09/12/2017 00:00:00,2264
 10/12/2017 00:00:00,1482
 11/12/2017 00:00:00,1552
 12/12/2017 00:00:00,2933
 13/12/2017 00:00:00,2762
 14/12/2017 00:00:00,2597
 15/12/2017 00:00:00,2602
 16/12/2017 00:00:00,2221
 17/12/2017 00:00:00,1532
 18/12/2017 00:00:00,1492
 19/12/2017 00:00:00,2277
 20/12/2017 00:00:00,2291
 21/12/2017 00:00:00,2249
 22/12/2017 00:00:00,2207
 23/12/2017 00:00:00,1632
 24/12/2017 00:00:00,1390
 25/12/2017 00:00:00,1502
 26/12/2017 00:00:00,1748
 27/12/2017 00:00:00,1711
 28/12/2017 00:00:00,1720
 29/12/2017 00:00:00,1755
 30/12/2017 00:00:00,1450
 31/12/2017 00:00:00,1332
 01/01/2018 00:00:00,1363
 02/01/2018 00:00:00,1715
 03/01/2018 00:00:00,2135
 04/01/2018 00:00:00,2251
 05/01/2018 00:00:00,2224
 06/01/2018 00:00:00,1923
 07/01/2018 00:00:00,1398
 08/01/2018 00:00:00,1492
 09/01/2018 00:00:00,2632
 10/01/2018 00:00:00,2668
 11/01/2018 00:00:00,2670
 12/01/2018 00:00:00,2597
 13/01/2018 00:00:00,2307
 14/01/2018 00:00:00,1590
 15/01/2018 00:00:00,1541
 16/01/2018 00:00:00,2802
 16/01/2018 14:52:54,0
 16/01/2018 14:59:00,0
 17/01/2018 00:00:00,2936
 18/01/2018 00:00:00,2886
 19/01/2018 00:00:00,2657
 20/01/2018 00:00:00,2224
 21/01/2018 00:00:00,1622
 22/01/2018 00:00:00,1435
 23/01/2018 00:00:00,2648
 24/01/2018 00:00:00,2570
 25/01/2018 00:00:00,2603
 26/01/2018 00:00:00,2583
 27/01/2018 00:00:00,2239
 28/01/2018 00:00:00,1725
 29/01/2018 00:00:00,1637
 30/01/2018 00:00:00,2645
 31/01/2018 00:00:00,2653
 01/02/2018 00:00:00,2770
 02/02/2018 00:00:00,2718
 03/02/2018 00:00:00,2333
 04/02/2018 00:00:00,1757
 05/02/2018 00:00:00,1625
 06/02/2018 00:00:00,2896
 07/02/2018 00:00:00,2823
 08/02/2018 00:00:00,2954
 09/02/2018 00:00:00,2787
 10/02/2018 00:00:00,2369
 11/02/2018 00:00:00,1764
 12/02/2018 00:00:00,1604
 13/02/2018 00:00:00,2676
 14/02/2018 00:00:00,133594
 14/02/2018 21:28:34,2567
 16/02/2018 00:00:00,2514
 17/02/2018 00:00:00,2392
 18/02/2018 00:00:00,1678
 19/02/2018 00:00:00,1650
 20/02/2018 00:00:00,2781
 21/02/2018 00:00:00,2741
 22/02/2018 00:00:00,2779
 23/02/2018 00:00:00,2755
 24/02/2018 00:00:00,2364
 25/02/2018 00:00:00,1727
 26/02/2018 00:00:00,1635
 27/02/2018 00:00:00,2918
 28/02/2018 00:00:00,2925
 01/03/2018 00:00:00,2535
 02/03/2018 00:00:00,2062
 03/03/2018 00:00:00,1678
 04/03/2018 00:00:00,1392
 05/03/2018 00:00:00,2020
 06/03/2018 00:00:00,2898
 07/03/2018 00:00:00,2753
 08/03/2018 00:00:00,2623
 09/03/2018 00:00:00,2532
 10/03/2018 00:00:00,2324
 11/03/2018 00:00:00,1395
 12/03/2018 00:00:00,1911
 13/03/2018 00:00:00,2439
 14/03/2018 00:00:00,2389
 15/03/2018 00:00:00,2450
 16/03/2018 00:00:00,2339
 17/03/2018 00:00:00,1925
 18/03/2018 00:00:00,1308
 19/03/2018 00:00:00,2028
 20/03/2018 00:00:00,1782
 21/03/2018 00:00:00,2401
 22/03/2018 00:00:00,2439
 23/03/2018 00:00:00,2271
 24/03/2018 00:00:00,1647
 25/03/2018 00:00:00,1039
 26/03/2018 00:00:00,1383
 27/03/2018 00:00:00,1795
 28/03/2018 00:00:00,1761
 29/03/2018 00:00:00,1722
 30/03/2018 00:00:00,1704
 31/03/2018 00:00:00,1177
 01/04/2018 00:00:00,1013
 02/04/2018 00:00:00,1485
 03/04/2018 00:00:00,1432
 04/04/2018 00:00:00,1769
 05/04/2018 00:00:00,1839
 06/04/2018 00:00:00,1861
 06/04/2018 06:18:33,0
 07/04/2018 00:00:00,1505
 08/04/2018 00:00:00,1087
 09/04/2018 00:00:00,1369
 10/04/2018 00:00:00,2164
 11/04/2018 00:00:00,2196
 12/04/2018 00:00:00,2227
 13/04/2018 00:00:00,2192
 14/04/2018 00:00:00,1718
 15/04/2018 00:00:00,1213
 16/04/2018 00:00:00,1432
 17/04/2018 00:00:00,2268
 18/04/2018 00:00:00,2235
 19/04/2018 00:00:00,2197
 20/04/2018 00:00:00,2165
 21/04/2018 00:00:00,1643
 22/04/2018 00:00:00,1308
 23/04/2018 00:00:00,1227
 24/04/2018 00:00:00,1943
 25/04/2018 00:00:00,1945
 26/04/2018 00:00:00,1897
 27/04/2018 00:00:00,1894
 28/04/2018 00:00:00,1747
 29/04/2018 00:00:00,1345
 30/04/2018 00:00:00,1215
 01/05/2018 00:00:00,1888
 02/05/2018 00:00:00,1937
 03/05/2018 00:00:00,1825
 04/05/2018 00:00:00,1863
 05/05/2018 00:00:00,1697
 06/05/2018 00:00:00,1079
 07/05/2018 00:00:00,1071
 08/05/2018 00:00:00,1207
 09/05/2018 00:00:00,1692
 10/05/2018 00:00:00,1780
 11/05/2018 00:00:00,1661
 12/05/2018 00:00:00,1569
 13/05/2018 00:00:00,1029
 14/05/2018 00:00:00,1055
 15/05/2018 00:00:00,1530
 16/05/2018 00:00:00,1474
 17/05/2018 00:00:00,1419
 18/05/2018 00:00:00,1396
 19/05/2018 00:00:00,1297
 20/05/2018 00:00:00,965
 21/05/2018 00:00:00,868
 22/05/2018 00:00:00,1347
 23/05/2018 00:00:00,1288
 24/05/2018 00:00:00,1315
 25/05/2018 00:00:00,1249
 26/05/2018 00:00:00,1115
 27/05/2018 00:00:00,805
 28/05/2018 00:00:00,833
 29/05/2018 00:00:00,1243
 30/05/2018 00:00:00,1239
 31/05/2018 00:00:00,1180
 01/06/2018 00:00:00,1250
 02/06/2018 00:00:00,1120
 03/06/2018 00:00:00,756
 04/06/2018 00:00:00,762
 05/06/2018 00:00:00,769
 06/06/2018 00:00:00,1047
 07/06/2018 00:00:00,1123
 08/06/2018 00:00:00,1170
 09/06/2018 00:00:00,1084
 10/06/2018 00:00:00,1001
 11/06/2018 00:00:00,835
 12/06/2018 00:00:00,1141
 13/06/2018 00:00:00,1076
 14/06/2018 00:00:00,1092
 15/06/2018 00:00:00,1151
 16/06/2018 00:00:00,1062
 17/06/2018 00:00:00,821
 18/06/2018 00:00:00,845
 19/06/2018 00:00:00,1131
 20/06/2018 00:00:00,1136
 21/06/2018 00:00:00,1148
 22/06/2018 00:00:00,1095
 23/06/2018 00:00:00,1053
 24/06/2018 00:00:00,826
 25/06/2018 00:00:00,843
 26/06/2018 00:00:00,986
 27/06/2018 00:00:00,976
 28/06/2018 00:00:00,870
 29/06/2018 00:00:00,880
 30/06/2018 00:00:00,833
 01/07/2018 00:00:00,677
 02/07/2018 00:00:00,689
 03/07/2018 00:00:00,853
 04/07/2018 00:00:00,859
 05/07/2018 00:00:00,862
 06/07/2018 00:00:00,864
 07/07/2018 00:00:00,762
 08/07/2018 00:00:00,760
 09/07/2018 00:00:00,691
 10/07/2018 00:00:00,851
 11/07/2018 00:00:00,869
 12/07/2018 00:00:00,824
 13/07/2018 00:00:00,839
 14/07/2018 00:00:00,780
 15/07/2018 00:00:00,758
 16/07/2018 00:00:00,657
 17/07/2018 00:00:00,828
 18/07/2018 00:00:00,832
 19/07/2018 00:00:00,796
 20/07/2018 00:00:00,761
 21/07/2018 00:00:00,763
 22/07/2018 00:00:00,648
 23/07/2018 00:00:00,662
 24/07/2018 00:00:00,848
 25/07/2018 00:00:00,878
 26/07/2018 00:00:00,834
 27/07/2018 00:00:00,904
 28/07/2018 00:00:00,922
 29/07/2018 00:00:00,768
 30/07/2018 00:00:00,658
 31/07/2018 00:00:00,805
 01/08/2018 00:00:00,844
 02/08/2018 00:00:00,884
 03/08/2018 00:00:00,792
 04/08/2018 00:00:00,768
 05/08/2018 00:00:00,648
 06/08/2018 00:00:00,666
 07/08/2018 00:00:00,660
 08/08/2018 00:00:00,787
 09/08/2018 00:00:00,824
 10/08/2018 00:00:00,816
 11/08/2018 00:00:00,790
 12/08/2018 00:00:00,773
 13/08/2018 00:00:00,672
 14/08/2018 00:00:00,809
 15/08/2018 00:00:00,825
 16/08/2018 00:00:00,847
 17/08/2018 00:00:00,830
 18/08/2018 00:00:00,848
 19/08/2018 00:00:00,777
 20/08/2018 00:00:00,663
 21/08/2018 00:00:00,904
 22/08/2018 00:00:00,1083
 23/08/2018 00:00:00,1060
 24/08/2018 00:00:00,1098
 25/08/2018 00:00:00,1119
 26/08/2018 00:00:00,876
 27/08/2018 00:00:00,934
 28/08/2018 00:00:00,1134
 29/08/2018 00:00:00,1183
 30/08/2018 00:00:00,1240
 31/08/2018 00:00:00,1265
 01/09/2018 00:00:00,1205
 02/09/2018 00:00:00,995
 03/09/2018 00:00:00,988
 04/09/2018 00:00:00,1354
 05/09/2018 00:00:00,1550
 06/09/2018 00:00:00,1594
 07/09/2018 00:00:00,1593
 08/09/2018 00:00:00,1474
 09/09/2018 00:00:00,1161
 10/09/2018 00:00:00,1027
 11/09/2018 00:00:00,1852
 12/09/2018 00:00:00,1786
 13/09/2018 00:00:00,1801
 14/09/2018 00:00:00,1811
 15/09/2018 00:00:00,1666
 16/09/2018 00:00:00,1105
 17/09/2018 00:00:00,1078
 18/09/2018 00:00:00,1948
 19/09/2018 00:00:00,1826
 19/09/2018 11:48:01,0
 20/09/2018 00:00:00,968
 21/09/2018 00:00:00,1741
 22/09/2018 00:00:00,1490
 23/09/2018 00:00:00,1006
 24/09/2018 00:00:00,990
 25/09/2018 00:00:00,1914
 26/09/2018 00:00:00,1979
 27/09/2018 00:00:00,1908
 28/09/2018 00:00:00,1805
 29/09/2018 00:00:00,1630
 30/09/2018 00:00:00,1149
 01/10/2018 00:00:00,1143
 02/10/2018 00:00:00,2036
 03/10/2018 00:00:00,2078
 04/10/2018 00:00:00,2011
 05/10/2018 00:00:00,1980
 06/10/2018 00:00:00,1740
 07/10/2018 00:00:00,1308
 08/10/2018 00:00:00,1172
 09/10/2018 00:00:00,2063
 10/10/2018 00:00:00,1993
 11/10/2018 00:00:00,1979
 12/10/2018 00:00:00,1969
 13/10/2018 00:00:00,1736
 14/10/2018 00:00:00,1246
 15/10/2018 00:00:00,1100
 16/10/2018 00:00:00,2048
 17/10/2018 00:00:00,2110
 18/10/2018 00:00:00,2046
 19/10/2018 00:00:00,2034
 20/10/2018 00:00:00,1832
 21/10/2018 00:00:00,1486
 22/10/2018 00:00:00,1375
 23/10/2018 00:00:00,2241
 24/10/2018 00:00:00,2177
 25/10/2018 00:00:00,2000
 26/10/2018 00:00:00,1994
 27/10/2018 00:00:00,1848
 28/10/2018 00:00:00,1636
 29/10/2018 00:00:00,1420
 30/10/2018 00:00:00,1597
 31/10/2018 00:00:00,2097
 01/11/2018 00:00:00,1801
 02/11/2018 00:00:00,1918
 03/11/2018 00:00:00,1825
 04/11/2018 00:00:00,1605
 05/11/2018 00:00:00,1513
 06/11/2018 00:00:00,2357
 07/11/2018 00:00:00,2380
 08/11/2018 00:00:00,2095
 09/11/2018 00:00:00,2166
 10/11/2018 00:00:00,2124
 11/11/2018 00:00:00,1639
 12/11/2018 00:00:00,1578
 13/11/2018 00:00:00,2382
 14/11/2018 00:00:00,2333
 15/11/2018 00:00:00,2360
 16/11/2018 00:00:00,2244
 17/11/2018 00:00:00,2104
 18/11/2018 00:00:00,1453
 19/11/2018 00:00:00,1414
 20/11/2018 00:00:00,2342
 21/11/2018 00:00:00,2379
 22/11/2018 00:00:00,2450
 23/11/2018 00:00:00,2394
 24/11/2018 00:00:00,2193
 25/11/2018 00:00:00,1623
 26/11/2018 00:00:00,1546
 27/11/2018 00:00:00,2461
 28/11/2018 00:00:00,2371
 29/11/2018 00:00:00,2310
 30/11/2018 00:00:00,2290
 01/12/2018 00:00:00,2110
 02/12/2018 00:00:00,1562
 03/12/2018 00:00:00,1441
 04/12/2018 00:00:00,2242
 05/12/2018 00:00:00,2352
 06/12/2018 00:00:00,2255
 07/12/2018 00:00:00,2232
 08/12/2018 00:00:00,2139
 09/12/2018 00:00:00,1449
 10/12/2018 00:00:00,1452
 11/12/2018 00:00:00,2393
 12/12/2018 00:00:00,2396
 13/12/2018 00:00:00,2310
 14/12/2018 00:00:00,2326
 15/12/2018 00:00:00,2173
 16/12/2018 00:00:00,1569
 17/12/2018 00:00:00,1588
 18/12/2018 00:00:00,2033
 19/12/2018 00:00:00,1908
 20/12/2018 00:00:00,1852
 21/12/2018 00:00:00,1799
 22/12/2018 00:00:00,1445
 23/12/2018 00:00:00,1261
 24/12/2018 00:00:00,1340
 25/12/2018 00:00:00,1394
 26/12/2018 00:00:00,1348
 27/12/2018 00:00:00,1347
 28/12/2018 00:00:00,1341
 29/12/2018 00:00:00,1322
 30/12/2018 00:00:00,1246
 31/12/2018 00:00:00,1292
 01/01/2019 00:00:00,1338
 02/01/2019 00:00:00,1334
 03/01/2019 00:00:00,1587
 04/01/2019 00:00:00,1658
 05/01/2019 00:00:00,1637
 06/01/2019 00:00:00,1317
 07/01/2019 00:00:00,1391
 08/01/2019 00:00:00,1998
 09/01/2019 00:00:00,1984
 10/01/2019 00:00:00,1969
 11/01/2019 00:00:00,2027
 12/01/2019 00:00:00,2061
 13/01/2019 00:00:00,1664
 14/01/2019 00:00:00,1570
 15/01/2019 00:00:00,2386
 16/01/2019 00:00:00,2341
 17/01/2019 00:00:00,2323
 18/01/2019 00:00:00,2367
 19/01/2019 00:00:00,2174
 20/01/2019 00:00:00,1635
 21/01/2019 00:00:00,1498
 22/01/2019 00:00:00,2483
 23/01/2019 00:00:00,2526
 24/01/2019 00:00:00,2501
 25/01/2019 00:00:00,2422
 26/01/2019 00:00:00,2159
 27/01/2019 00:00:00,1669
 28/01/2019 00:00:00,1572
 29/01/2019 00:00:00,2354
 30/01/2019 00:00:00,2340
 31/01/2019 00:00:00,2374
 01/02/2019 00:00:00,2488
 02/02/2019 00:00:00,2217
 03/02/2019 00:00:00,1494
 04/02/2019 00:00:00,1560
 05/02/2019 00:00:00,2340
 06/02/2019 00:00:00,2410
 07/02/2019 00:00:00,2306
 08/02/2019 00:00:00,2365
 09/02/2019 00:00:00,2112
 10/02/2019 00:00:00,1622
 11/02/2019 00:00:00,1538
 12/02/2019 00:00:00,2415
 13/02/2019 00:00:00,2425
 14/02/2019 00:00:00,2342
 15/02/2019 00:00:00,2286
 16/02/2019 00:00:00,2037
 17/02/2019 00:00:00,1409
 18/02/2019 00:00:00,1441
 19/02/2019 00:00:00,2192
 20/02/2019 00:00:00,2171
 21/02/2019 00:00:00,2126
 22/02/2019 00:00:00,2023
 23/02/2019 00:00:00,1948
 24/02/2019 00:00:00,1517
 25/02/2019 00:00:00,1481
 26/02/2019 00:00:00,2355
 27/02/2019 00:00:00,2240
 28/02/2019 00:00:00,2216
 01/03/2019 00:00:00,2155
 02/03/2019 00:00:00,1994
 03/03/2019 00:00:00,1399
 04/03/2019 00:00:00,1515
 05/03/2019 00:00:00,2445
 06/03/2019 00:00:00,2394
 07/03/2019 00:00:00,2340
 08/03/2019 00:00:00,2191
 09/03/2019 00:00:00,1993
 10/03/2019 00:00:00,1534
 11/03/2019 00:00:00,1539
 12/03/2019 00:00:00,2396
 13/03/2019 00:00:00,2388
 14/03/2019 00:00:00,2362
 15/03/2019 00:00:00,2274
 16/03/2019 00:00:00,1937
 17/03/2019 00:00:00,1355
 18/03/2019 00:00:00,1423
 19/03/2019 00:00:00,1477
 20/03/2019 00:00:00,2104
 21/03/2019 00:00:00,2099
 22/03/2019 00:00:00,2117
 23/03/2019 00:00:00,1906
 24/03/2019 00:00:00,1323
 25/03/2019 00:00:00,1372
 26/03/2019 00:00:00,2207
 27/03/2019 00:00:00,2201
 28/03/2019 00:00:00,2193
 29/03/2019 00:00:00,2177
 30/03/2019 00:00:00,1892
 31/03/2019 00:00:00,1275
 01/04/2019 00:00:00,1293
 02/04/2019 00:00:00,2049
 03/04/2019 00:00:00,2134
 04/04/2019 00:00:00,2185
 05/04/2019 00:00:00,2199
 06/04/2019 00:00:00,1981
 07/04/2019 00:00:00,1463
 08/04/2019 00:00:00,1355
 09/04/2019 00:00:00,2109
 10/04/2019 00:00:00,2189
 11/04/2019 00:00:00,2183
 12/04/2019 00:00:00,2029
 13/04/2019 00:00:00,1840
 14/04/2019 00:00:00,1417
 15/04/2019 00:00:00,1360
 16/04/2019 00:00:00,2100
 17/04/2019 00:00:00,1877
 18/04/2019 00:00:00,1782
 19/04/2019 00:00:00,1709
 20/04/2019 00:00:00,1226
 21/04/2019 00:00:00,1166
 22/04/2019 00:00:00,1147
 23/04/2019 00:00:00,1181
 24/04/2019 00:00:00,1648
 25/04/2019 00:00:00,1694
 26/04/2019 00:00:00,1650
 27/04/2019 00:00:00,1647
 28/04/2019 00:00:00,1308
 29/04/2019 00:00:00,1188
 30/04/2019 00:00:00,1969
 01/05/2019 00:00:00,1964
 02/05/2019 00:00:00,1899
 03/05/2019 00:00:00,1935
 04/05/2019 00:00:00,1755
 05/05/2019 00:00:00,1224
 06/05/2019 00:00:00,1211
 07/05/2019 00:00:00,1245
 08/05/2019 00:00:00,1923
 09/05/2019 00:00:00,1962
 10/05/2019 00:00:00,1902
 11/05/2019 00:00:00,1819
 12/05/2019 00:00:00,1430
 13/05/2019 00:00:00,1134
 14/05/2019 00:00:00,1810
 15/05/2019 00:00:00,1680
 16/05/2019 00:00:00,1465
 17/05/2019 00:00:00,1442
 18/05/2019 00:00:00,1380
 19/05/2019 00:00:00,1004
 20/05/2019 00:00:00,892
 21/05/2019 00:00:00,1393
 22/05/2019 00:00:00,1379
 23/05/2019 00:00:00,1297
 24/05/2019 00:00:00,1352
 25/05/2019 00:00:00,1218
 26/05/2019 00:00:00,946
 27/05/2019 00:00:00,962
 28/05/2019 00:00:00,1396
 29/05/2019 00:00:00,1307
 30/05/2019 00:00:00,1313
 31/05/2019 00:00:00,1350
 01/06/2019 00:00:00,1087
 02/06/2019 00:00:00,806
 03/06/2019 00:00:00,802
 04/06/2019 00:00:00,824
 05/06/2019 00:00:00,1231
 06/06/2019 00:00:00,1195
 07/06/2019 00:00:00,1240
 08/06/2019 00:00:00,1070
 09/06/2019 00:00:00,859
 10/06/2019 00:00:00,876
 11/06/2019 00:00:00,1190
 12/06/2019 00:00:00,1139
 13/06/2019 00:00:00,1229
 14/06/2019 00:00:00,1187
 15/06/2019 00:00:00,1164
 16/06/2019 00:00:00,881
 17/06/2019 00:00:00,904
 18/06/2019 00:00:00,1142
 19/06/2019 00:00:00,1147
 20/06/2019 00:00:00,1146
 21/06/2019 00:00:00,1162
 22/06/2019 00:00:00,1161
 23/06/2019 00:00:00,1033
 24/06/2019 00:00:00,960
 25/06/2019 00:00:00,1178
 26/06/2019 00:00:00,1150
 27/06/2019 00:00:00,1122
 28/06/2019 00:00:00,1120
 29/06/2019 00:00:00,1032
 30/06/2019 00:00:00,903
 01/07/2019 00:00:00,895
 02/07/2019 00:00:00,1093
 03/07/2019 00:00:00,1128
 04/07/2019 00:00:00,1071
 05/07/2019 00:00:00,1096
 06/07/2019 00:00:00,1022
 07/07/2019 00:00:00,969
 08/07/2019 00:00:00,854
 09/07/2019 00:00:00,1055
 10/07/2019 00:00:00,1007
 11/07/2019 00:00:00,1094
 12/07/2019 00:00:00,1024
 13/07/2019 00:00:00,984
 14/07/2019 00:00:00,929
 15/07/2019 00:00:00,829
 16/07/2019 00:00:00,1034
 17/07/2019 00:00:00,1047
 18/07/2019 00:00:00,1005
 19/07/2019 00:00:00,1015
 20/07/2019 00:00:00,1024
 21/07/2019 00:00:00,830
 22/07/2019 00:00:00,827
 23/07/2019 00:00:00,1030
 24/07/2019 00:00:00,1040
 25/07/2019 00:00:00,1012
 26/07/2019 00:00:00,1022
 27/07/2019 00:00:00,967
 28/07/2019 00:00:00,893
 29/07/2019 00:00:00,822
 30/07/2019 00:00:00,1001
 31/07/2019 00:00:00,981
 01/08/2019 00:00:00,959
 02/08/2019 00:00:00,948
 03/08/2019 00:00:00,901
 04/08/2019 00:00:00,752
 05/08/2019 00:00:00,743
 06/08/2019 00:00:00,745
 07/08/2019 00:00:00,894
 08/08/2019 00:00:00,887
 09/08/2019 00:00:00,881
 10/08/2019 00:00:00,822
 11/08/2019 00:00:00,787
 12/08/2019 00:00:00,656
 13/08/2019 00:00:00,956
 14/08/2019 00:00:00,905
 15/08/2019 00:00:00,885
 16/08/2019 00:00:00,910
 17/08/2019 00:00:00,815
 18/08/2019 00:00:00,786
 19/08/2019 00:00:00,709
 20/08/2019 00:00:00,861
 21/08/2019 00:00:00,962
 22/08/2019 00:00:00,1084
 23/08/2019 00:00:00,1073
 24/08/2019 00:00:00,974
 25/08/2019 00:00:00,824
 26/08/2019 00:00:00,819
 27/08/2019 00:00:00,956
 28/08/2019 00:00:00,960
 29/08/2019 00:00:00,921
 30/08/2019 00:00:00,1036
 31/08/2019 00:00:00,966
 01/09/2019 00:00:00,775
 02/09/2019 00:00:00,761
 03/09/2019 00:00:00,1221
 04/09/2019 00:00:00,1258
 05/09/2019 00:00:00,1457
 06/09/2019 00:00:00,1465
 07/09/2019 00:00:00,1385
 08/09/2019 00:00:00,988
 09/09/2019 00:00:00,881
 10/09/2019 00:00:00,1639
 11/09/2019 00:00:00,1687
 12/09/2019 00:00:00,1803
 13/09/2019 00:00:00,1783
 14/09/2019 00:00:00,1542
 15/09/2019 00:00:00,1047
 16/09/2019 00:00:00,1017
 17/09/2019 00:00:00,1804
 18/09/2019 00:00:00,1781
 19/09/2019 00:00:00,1743
 20/09/2019 00:00:00,1722
 21/09/2019 00:00:00,1516
 22/09/2019 00:00:00,1052
 23/09/2019 00:00:00,1033
 24/09/2019 00:00:00,1864
 25/09/2019 00:00:00,1888
 26/09/2019 00:00:00,1865
 27/09/2019 00:00:00,1800
 28/09/2019 00:00:00,1542
 29/09/2019 00:00:00,1016
 30/09/2019 00:00:00,1035
 01/10/2019 00:00:00,1877
 02/10/2019 00:00:00,1888
 03/10/2019 00:00:00,1847
 04/10/2019 00:00:00,1780
 05/10/2019 00:00:00,1568
 06/10/2019 00:00:00,1168
 07/10/2019 00:00:00,1042
 08/10/2019 00:00:00,1858
 09/10/2019 00:00:00,1830
 10/10/2019 00:00:00,1881
 11/10/2019 00:00:00,1787
 12/10/2019 00:00:00,1589
 13/10/2019 00:00:00,1165
 14/10/2019 00:00:00,1050
 15/10/2019 00:00:00,1925
 16/10/2019 00:00:00,1910
 17/10/2019 00:00:00,1850
 18/10/2019 00:00:00,1819
 19/10/2019 00:00:00,1798
 20/10/2019 00:00:00,1160
 21/10/2019 00:00:00,1159
 22/10/2019 00:00:00,2073
 23/10/2019 00:00:00,2079
 24/10/2019 00:00:00,1994
 25/10/2019 00:00:00,1905
 26/10/2019 00:00:00,1752
 27/10/2019 00:00:00,1186
 28/10/2019 00:00:00,1253
 29/10/2019 00:00:00,1276
 30/10/2019 00:00:00,1820
 31/10/2019 00:00:00,1767
 01/11/2019 00:00:00,1779
 02/11/2019 00:00:00,1675
 03/11/2019 00:00:00,1257
 04/11/2019 00:00:00,1295
 05/11/2019 00:00:00,2186
 06/11/2019 00:00:00,2211
 07/11/2019 00:00:00,2205
 08/11/2019 00:00:00,2200
 09/11/2019 00:00:00,1975
 10/11/2019 00:00:00,1486
 11/11/2019 00:00:00,1441
 12/11/2019 00:00:00,2274
 13/11/2019 00:00:00,2260
 14/11/2019 00:00:00,2289
 15/11/2019 00:00:00,2232
 16/11/2019 00:00:00,2081
 17/11/2019 00:00:00,1508
 18/11/2019 00:00:00,1364
 19/11/2019 00:00:00,2294
 20/11/2019 00:00:00,2207
 21/11/2019 00:00:00,2287
 22/11/2019 00:00:00,2251
 23/11/2019 00:00:00,1982
 24/11/2019 00:00:00,1300
 25/11/2019 00:00:00,1311
 26/11/2019 00:00:00,2133
 27/11/2019 00:00:00,2118
 28/11/2019 00:00:00,2065
 29/11/2019 00:00:00,2074
 30/11/2019 00:00:00,1951
 01/12/2019 00:00:00,1353
 02/12/2019 00:00:00,1425
 03/12/2019 00:00:00,2346
 04/12/2019 00:00:00,2257
 05/12/2019 00:00:00,2173
 06/12/2019 00:00:00,2110
 07/12/2019 00:00:00,1940
 08/12/2019 00:00:00,1428
 09/12/2019 00:00:00,1472
 10/12/2019 00:00:00,2141
 11/12/2019 00:00:00,2189
 12/12/2019 00:00:00,2272
 13/12/2019 00:00:00,2162
 14/12/2019 00:00:00,2062
 15/12/2019 00:00:00,1451
 16/12/2019 00:00:00,1565
 17/12/2019 00:00:00,1868
 18/12/2019 00:00:00,1864
 19/12/2019 00:00:00,1888
 20/12/2019 00:00:00,1835
 21/12/2019 00:00:00,1467
 22/12/2019 00:00:00,1278
 23/12/2019 00:00:00,1354
 24/12/2019 00:00:00,1355
 25/12/2019 00:00:00,1348
 26/12/2019 00:00:00,1385
 27/12/2019 00:00:00,1308
 28/12/2019 00:00:00,1352
 29/12/2019 00:00:00,1246
 30/12/2019 00:00:00,1326
 31/12/2019 00:00:00,1344
 01/01/2020 00:00:00,1356
 02/01/2020 00:00:00,1358
 03/01/2020 00:00:00,1624
 04/01/2020 00:00:00,1650
 05/01/2020 00:00:00,1327
 06/01/2020 00:00:00,1410
 07/01/2020 00:00:00,1974
 08/01/2020 00:00:00,1941
 09/01/2020 00:00:00,1939
 10/01/2020 00:00:00,1951
 11/01/2020 00:00:00,2033
 12/01/2020 00:00:00,1467
 13/01/2020 00:00:00,1501
 14/01/2020 00:00:00,2401
 15/01/2020 00:00:00,2395
 16/01/2020 00:00:00,2280
 17/01/2020 00:00:00,2222
 18/01/2020 00:00:00,2088
 19/01/2020 00:00:00,1589
 20/01/2020 00:00:00,1549
 21/01/2020 00:00:00,2425
 22/01/2020 00:00:00,2310
 23/01/2020 00:00:00,2176
 24/01/2020 00:00:00,2187
 25/01/2020 00:00:00,1981
 26/01/2020 00:00:00,1384
 27/01/2020 00:00:00,1451
 28/01/2020 00:00:00,2349
 29/01/2020 00:00:00,2464
 30/01/2020 00:00:00,2452
 31/01/2020 00:00:00,2176
 01/02/2020 00:00:00,1923
 02/02/2020 00:00:00,1401
 03/02/2020 00:00:00,1384
 04/02/2020 00:00:00,2168
 05/02/2020 00:00:00,1892
 06/02/2020 00:00:00,2270
 07/02/2020 00:00:00,2167
 08/02/2020 00:00:00,2074
 09/02/2020 00:00:00,1550
 10/02/2020 00:00:00,1435
 11/02/2020 00:00:00,2378
 12/02/2020 00:00:00,2407
 13/02/2020 00:00:00,2332
 14/02/2020 00:00:00,2188
 15/02/2020 00:00:00,1944
 16/02/2020 00:00:00,1327
 17/02/2020 00:00:00,1418
 18/02/2020 00:00:00,2217
 19/02/2020 00:00:00,2213
 20/02/2020 00:00:00,2198
 21/02/2020 00:00:00,2059
 22/02/2020 00:00:00,1929
 23/02/2020 00:00:00,1387
 24/02/2020 00:00:00,1398
 25/02/2020 00:00:00,2207
 26/02/2020 00:00:00,2327
 27/02/2020 00:00:00,2274
 28/02/2020 00:00:00,2090
 29/02/2020 00:00:00,1938
 01/03/2020 00:00:00,1382
 02/03/2020 00:00:00,1466
 03/03/2020 00:00:00,2263
 04/03/2020 00:00:00,2164
 05/03/2020 00:00:00,2097
 06/03/2020 00:00:00,1959
 07/03/2020 00:00:00,1831
 08/03/2020 00:00:00,1372
 09/03/2020 00:00:00,1306
 10/03/2020 00:00:00,2201
 11/03/2020 00:00:00,2065
 12/03/2020 00:00:00,2146
 13/03/2020 00:00:00,2059
 14/03/2020 00:00:00,1516
 15/03/2020 00:00:00,1208
 16/03/2020 00:00:00,1285
 17/03/2020 00:00:00,1448
 18/03/2020 00:00:00,1253
 19/03/2020 00:00:00,1365
 20/03/2020 00:00:00,1402
 21/03/2020 00:00:00,1364
 22/03/2020 00:00:00,1194
 23/03/2020 00:00:00,1232
 24/03/2020 00:00:00,1378
 25/03/2020 00:00:00,1333
 26/03/2020 00:00:00,1275
 27/03/2020 00:00:00,1284
 28/03/2020 00:00:00,1261
 29/03/2020 00:00:00,1134
 30/03/2020 00:00:00,1225
 31/03/2020 00:00:00,1024
 01/04/2020 00:00:00,735
 02/04/2020 00:00:00,676
 03/04/2020 00:00:00,729
 04/04/2020 00:00:00,701
 05/04/2020 00:00:00,701
 06/04/2020 00:00:00,705
 07/04/2020 00:00:00,730
 08/04/2020 00:00:00,715
 09/04/2020 00:00:00,717
 10/04/2020 00:00:00,715
 11/04/2020 00:00:00,709
 12/04/2020 00:00:00,710
 13/04/2020 00:00:00,708
 14/04/2020 00:00:00,711
 15/04/2020 00:00:00,691
 16/04/2020 00:00:00,684
 17/04/2020 00:00:00,678
 18/04/2020 00:00:00,711
 19/04/2020 00:00:00,704
 20/04/2020 00:00:00,729
 21/04/2020 00:00:00,700
 22/04/2020 00:00:00,703
 23/04/2020 00:00:00,699
 24/04/2020 00:00:00,698
 25/04/2020 00:00:00,726
 26/04/2020 00:00:00,708
 27/04/2020 00:00:00,709
 28/04/2020 00:00:00,713
 29/04/2020 00:00:00,720
 30/04/2020 00:00:00,719
 01/05/2020 00:00:00,750
 02/05/2020 00:00:00,744
 03/05/2020 00:00:00,701
 04/05/2020 00:00:00,704
 05/05/2020 00:00:00,708
 06/05/2020 00:00:00,714
 07/05/2020 00:00:00,705
 08/05/2020 00:00:00,704
 09/05/2020 00:00:00,721
 10/05/2020 00:00:00,712
 11/05/2020 00:00:00,711
 12/05/2020 00:00:00,717
 13/05/2020 00:00:00,707
 14/05/2020 00:00:00,706
 15/05/2020 00:00:00,695
 16/05/2020 00:00:00,752
 17/05/2020 00:00:00,730
 18/05/2020 00:00:00,713
 19/05/2020 00:00:00,734
 20/05/2020 00:00:00,770
 21/05/2020 00:00:00,720
 22/05/2020 00:00:00,749
 23/05/2020 00:00:00,795
 24/05/2020 00:00:00,759
 25/05/2020 00:00:00,747
 26/05/2020 00:00:00,745
 27/05/2020 00:00:00,743
 28/05/2020 00:00:00,752
 29/05/2020 00:00:00,731
 30/05/2020 00:00:00,716
 31/05/2020 00:00:00,704
 01/06/2020 00:00:00,707
 02/06/2020 00:00:00,706
 03/06/2020 00:00:00,726
 04/06/2020 00:00:00,725
 05/06/2020 00:00:00,706
 06/06/2020 00:00:00,699
 07/06/2020 00:00:00,658
 08/06/2020 00:00:00,660
 09/06/2020 00:00:00,682
 09/06/2020 08:06:34,0
 10/06/2020 00:00:00,724
 11/06/2020 00:00:00,766
 12/06/2020 00:00:00,789
 13/06/2020 00:00:00,808
 14/06/2020 00:00:00,772
 15/06/2020 00:00:00,768
 16/06/2020 00:00:00,811
 17/06/2020 00:00:00,854
 18/06/2020 00:00:00,802
 19/06/2020 00:00:00,775
 20/06/2020 00:00:00,803
 21/06/2020 00:00:00,727
 22/06/2020 00:00:00,727
 23/06/2020 00:00:00,779
 24/06/2020 00:00:00,806
 25/06/2020 00:00:00,766
 26/06/2020 00:00:00,802
 27/06/2020 00:00:00,829
 28/06/2020 00:00:00,791
 29/06/2020 00:00:00,787
 30/06/2020 00:00:00,824
 01/07/2020 00:00:00,857
 02/07/2020 00:00:00,831
 03/07/2020 00:00:00,845
 04/07/2020 00:00:00,790
 05/07/2020 00:00:00,723
 06/07/2020 00:00:00,715
 07/07/2020 00:00:00,764
 08/07/2020 00:00:00,789
 09/07/2020 00:00:00,786
 10/07/2020 00:00:00,769
 11/07/2020 00:00:00,761
 12/07/2020 00:00:00,726
 13/07/2020 00:00:00,731
 14/07/2020 00:00:00,765
 15/07/2020 00:00:00,794
 16/07/2020 00:00:00,774
 17/07/2020 00:00:00,751
 18/07/2020 00:00:00,728
 19/07/2020 00:00:00,701
 20/07/2020 00:00:00,698
 21/07/2020 00:00:00,761
 22/07/2020 00:00:00,738
 23/07/2020 00:00:00,754
 24/07/2020 00:00:00,751
 25/07/2020 00:00:00,759
 26/07/2020 00:00:00,709
 27/07/2020 00:00:00,721
 28/07/2020 00:00:00,752
 29/07/2020 00:00:00,752
 30/07/2020 00:00:00,747
 31/07/2020 00:00:00,748
 01/08/2020 00:00:00,735
 02/08/2020 00:00:00,719
 03/08/2020 00:00:00,706
 04/08/2020 00:00:00,697
 05/08/2020 00:00:00,731
 06/08/2020 00:00:00,747
 07/08/2020 00:00:00,751
 08/08/2020 00:00:00,744
 09/08/2020 00:00:00,684
 10/08/2020 00:00:00,690
 11/08/2020 00:00:00,718
 12/08/2020 00:00:00,714
 13/08/2020 00:00:00,714
 14/08/2020 00:00:00,780
 15/08/2020 00:00:00,785
 16/08/2020 00:00:00,777
 17/08/2020 00:00:00,757
 18/08/2020 00:00:00,873
 19/08/2020 00:00:00,810
 20/08/2020 00:00:00,856
 21/08/2020 00:00:00,809
 22/08/2020 00:00:00,792
 23/08/2020 00:00:00,730
 24/08/2020 00:00:00,749
 25/08/2020 00:00:00,806
 26/08/2020 00:00:00,869
 27/08/2020 00:00:00,824
 28/08/2020 00:00:00,860
 29/08/2020 00:00:00,806
 30/08/2020 00:00:00,799
 31/08/2020 00:00:00,798
 01/09/2020 00:00:00,946
 02/09/2020 00:00:00,1110
 03/09/2020 00:00:00,1176
 04/09/2020 00:00:00,1007
 05/09/2020 00:00:00,1039
 06/09/2020 00:00:00,761
 07/09/2020 00:00:00,768
 08/09/2020 00:00:00,994
 09/09/2020 00:00:00,1020
 10/09/2020 00:00:00,1082
 11/09/2020 00:00:00,1079
 12/09/2020 00:00:00,1051
 13/09/2020 00:00:00,792
 14/09/2020 00:00:00,803
 15/09/2020 00:00:00,1386
 16/09/2020 00:00:00,1454
 17/09/2020 00:00:00,1480
 18/09/2020 00:00:00,1457
 19/09/2020 00:00:00,1384
 20/09/2020 00:00:00,916
 21/09/2020 00:00:00,931
 22/09/2020 00:00:00,1482
 23/09/2020 00:00:00,1482
 24/09/2020 00:00:00,1436
 25/09/2020 00:00:00,1485
 26/09/2020 00:00:00,1899
 27/09/2020 00:00:00,1432
 28/09/2020 00:00:00,1415
 29/09/2020 00:00:00,1911
 30/09/2020 00:00:00,1823
 01/10/2020 00:00:00,1832
 02/10/2020 00:00:00,1821
 03/10/2020 00:00:00,1592
 04/10/2020 00:00:00,1183
 05/10/2020 00:00:00,1249
 06/10/2020 00:00:00,1823
 07/10/2020 00:00:00,1825
 08/10/2020 00:00:00,1754
 09/10/2020 00:00:00,1696
 10/10/2020 00:00:00,1668
 11/10/2020 00:00:00,1265
 12/10/2020 00:00:00,1253
 13/10/2020 00:00:00,1855
 14/10/2020 00:00:00,1908
 15/10/2020 00:00:00,1866
 16/10/2020 00:00:00,1798
 17/10/2020 00:00:00,1690
 18/10/2020 00:00:00,1253
 19/10/2020 00:00:00,1243
 20/10/2020 00:00:00,1909
 21/10/2020 00:00:00,1817
 21/10/2020 08:38:16,0
 22/10/2020 00:00:00,1624
 23/10/2020 00:00:00,1718
 24/10/2020 00:00:00,1581
 25/10/2020 00:00:00,1210
 26/10/2020 00:00:00,1259
 27/10/2020 00:00:00,1291
 28/10/2020 00:00:00,1634
 29/10/2020 00:00:00,1671
 30/10/2020 00:00:00,1599
 31/10/2020 00:00:00,1536
 01/11/2020 00:00:00,1257
 02/11/2020 00:00:00,1271
 03/11/2020 00:00:00,1874
 04/11/2020 00:00:00,1898
 05/11/2020 00:00:00,1910
 06/11/2020 00:00:00,1862
 07/11/2020 00:00:00,1714
 08/11/2020 00:00:00,1294
 09/11/2020 00:00:00,1300
 10/11/2020 00:00:00,1874
 11/11/2020 00:00:00,1905
 12/11/2020 00:00:00,1879
 13/11/2020 00:00:00,1742
 14/11/2020 00:00:00,1716
 15/11/2020 00:00:00,1308
 16/11/2020 00:00:00,1323
 17/11/2020 00:00:00,1880
 18/11/2020 00:00:00,1788
 19/11/2020 00:00:00,1915
 20/11/2020 00:00:00,1909
 21/11/2020 00:00:00,1686
 22/11/2020 00:00:00,1274
 23/11/2020 00:00:00,1308
 24/11/2020 00:00:00,1838
 25/11/2020 00:00:00,1847
 26/11/2020 00:00:00,1844
 27/11/2020 00:00:00,1874
 28/11/2020 00:00:00,1780
 29/11/2020 00:00:00,1414
 30/11/2020 00:00:00,1393
 01/12/2020 00:00:00,1940
 02/12/2020 00:00:00,1883
 03/12/2020 00:00:00,1909
 04/12/2020 00:00:00,1916
 05/12/2020 00:00:00,1897
 06/12/2020 00:00:00,1475
 07/12/2020 00:00:00,1510
 08/12/2020 00:00:00,2062
 09/12/2020 00:00:00,2101
 10/12/2020 00:00:00,2137
 11/12/2020 00:00:00,1966
 12/12/2020 00:00:00,1859
 13/12/2020 00:00:00,1533
 14/12/2020 00:00:00,1509
 15/12/2020 00:00:00,1799
 16/12/2020 00:00:00,1785
 17/12/2020 00:00:00,1762
 18/12/2020 00:00:00,1833
 19/12/2020 00:00:00,1740
 20/12/2020 00:00:00,1508
 21/12/2020 00:00:00,1556
 22/12/2020 00:00:00,1809
 23/12/2020 00:00:00,1748
 24/12/2020 00:00:00,1705
 25/12/2020 00:00:00,1619
 26/12/2020 00:00:00,1613
 27/12/2020 00:00:00,1517
 28/12/2020 00:00:00,1535
 29/12/2020 00:00:00,1598
 30/12/2020 00:00:00,1609
 31/12/2020 00:00:00,1616
 01/01/2021 00:00:00,1698
 02/01/2021 00:00:00,1647
 03/01/2021 00:00:00,1628
 04/01/2021 00:00:00,1661
 05/01/2021 00:00:00,1917
 06/01/2021 00:00:00,1858
 07/01/2021 00:00:00,1822
 08/01/2021 00:00:00,1831
 09/01/2021 00:00:00,1765
 10/01/2021 00:00:00,1625
 11/01/2021 00:00:00,1514
 12/01/2021 00:00:00,1922
 13/01/2021 00:00:00,2008
 14/01/2021 00:00:00,1788
 15/01/2021 00:00:00,1717
 16/01/2021 00:00:00,1828
 17/01/2021 00:00:00,1517
 18/01/2021 00:00:00,1547
 19/01/2021 00:00:00,1796
 20/01/2021 00:00:00,1705
 21/01/2021 00:00:00,1748
 22/01/2021 00:00:00,1818
 23/01/2021 00:00:00,1880
 24/01/2021 00:00:00,1584
 25/01/2021 00:00:00,1638
 26/01/2021 00:00:00,1898
 27/01/2021 00:00:00,1903
 28/01/2021 00:00:00,1751
 29/01/2021 00:00:00,1768
 30/01/2021 00:00:00,1763
 31/01/2021 00:00:00,1527
 01/02/2021 00:00:00,1576
 02/02/2021 00:00:00,1848
 03/02/2021 00:00:00,1790
 04/02/2021 00:00:00,1770
 05/02/2021 00:00:00,1719
 06/02/2021 00:00:00,1739
 07/02/2021 00:00:00,1427
 08/02/2021 00:00:00,1536
 09/02/2021 00:00:00,1937
 10/02/2021 00:00:00,1933
 11/02/2021 00:00:00,1879
 12/02/2021 00:00:00,1931
 13/02/2021 00:00:00,1872
 14/02/2021 00:00:00,1498
 15/02/2021 00:00:00,1453
 16/02/2021 00:00:00,1678
 17/02/2021 00:00:00,1644
 18/02/2021 00:00:00,1669
 19/02/2021 00:00:00,1667
 20/02/2021 00:00:00,1579
 21/02/2021 00:00:00,1363
 22/02/2021 00:00:00,1443
 23/02/2021 00:00:00,1599
 24/02/2021 00:00:00,1635
 25/02/2021 00:00:00,1616
 26/02/2021 00:00:00,1595
 27/02/2021 00:00:00,1546
 28/02/2021 00:00:00,1372
 01/03/2021 00:00:00,1404
 01/03/2021 16:28:03,0
 02/03/2021 00:00:00,1523
 03/03/2021 00:00:00,1532
 04/03/2021 00:00:00,1596
 05/03/2021 00:00:00,1571
 06/03/2021 00:00:00,1621
 07/03/2021 00:00:00,1358
 08/03/2021 00:00:00,1396
 09/03/2021 00:00:00,1569
 10/03/2021 00:00:00,1798
 11/03/2021 00:00:00,1721
 12/03/2021 00:00:00,1754
 13/03/2021 00:00:00,1602
 14/03/2021 00:00:00,1392
 15/03/2021 00:00:00,1414
 16/03/2021 00:00:00,1564
 17/03/2021 00:00:00,1656
 18/03/2021 00:00:00,1423
 19/03/2021 00:00:00,1671
 20/03/2021 00:00:00,1459
 21/03/2021 00:00:00,1244
 22/03/2021 00:00:00,1263
 23/03/2021 00:00:00,1643
 24/03/2021 00:00:00,1705
 25/03/2021 00:00:00,1725
 26/03/2021 00:00:00,1763
 27/03/2021 00:00:00,1599
 28/03/2021 00:00:00,1372
 29/03/2021 00:00:00,1326
 30/03/2021 00:00:00,1388
 31/03/2021 00:00:00,1307
 01/04/2021 00:00:00,1413
 02/04/2021 00:00:00,1476
 03/04/2021 00:00:00,1424
 04/04/2021 00:00:00,1322
 05/04/2021 00:00:00,1400
 06/04/2021 00:00:00,1386
 07/04/2021 00:00:00,1519
 08/04/2021 00:00:00,1533
 09/04/2021 00:00:00,1539
 10/04/2021 00:00:00,1477
 11/04/2021 00:00:00,1316
 12/04/2021 00:00:00,1353
 13/04/2021 00:00:00,1701
 14/04/2021 00:00:00,1697
 15/04/2021 00:00:00,1580
 16/04/2021 00:00:00,1599
 17/04/2021 00:00:00,1438
 18/04/2021 00:00:00,1218
 19/04/2021 00:00:00,1238
 20/04/2021 00:00:00,1616
 21/04/2021 00:00:00,1601
 22/04/2021 00:00:00,1468
 23/04/2021 00:00:00,1456
 24/04/2021 00:00:00,1400
 25/04/2021 00:00:00,1136
 26/04/2021 00:00:00,1198
 27/04/2021 00:00:00,1393
 28/04/2021 00:00:00,1417
 29/04/2021 00:00:00,1402
 30/04/2021 00:00:00,1510
 01/05/2021 00:00:00,1399
 02/05/2021 00:00:00,1194
 03/05/2021 00:00:00,1149
 04/05/2021 00:00:00,1211
 05/05/2021 00:00:00,1504
 06/05/2021 00:00:00,1409
 07/05/2021 00:00:00,1332
 08/05/2021 00:00:00,1412
 09/05/2021 00:00:00,1231
 10/05/2021 00:00:00,1243
 11/05/2021 00:00:00,1349
 12/05/2021 00:00:00,1258
 13/05/2021 00:00:00,1233
 14/05/2021 00:00:00,1271
 15/05/2021 00:00:00,1151
 16/05/2021 00:00:00,991
 17/05/2021 00:00:00,981
 18/05/2021 00:00:00,1256
 19/05/2021 00:00:00,1227
 20/05/2021 00:00:00,1241
 21/05/2021 00:00:00,1299
 22/05/2021 00:00:00,1360
 23/05/2021 00:00:00,1080
 24/05/2021 00:00:00,1135
 25/05/2021 00:00:00,1221
 26/05/2021 00:00:00,1186
 27/05/2021 00:00:00,1149
 28/05/2021 00:00:00,1077
 29/05/2021 00:00:00,1118
 30/05/2021 00:00:00,892
 31/05/2021 00:00:00,927
 01/06/2021 00:00:00,1061
 02/06/2021 00:00:00,1003
 03/06/2021 00:00:00,890
 04/06/2021 00:00:00,945
 05/06/2021 00:00:00,858
 06/06/2021 00:00:00,785
 07/06/2021 00:00:00,767
 08/06/2021 00:00:00,794
 09/06/2021 00:00:00,882
 10/06/2021 00:00:00,857
 11/06/2021 00:00:00,862
 12/06/2021 00:00:00,842
 13/06/2021 00:00:00,732
 14/06/2021 00:00:00,748
 15/06/2021 00:00:00,798
 16/06/2021 00:00:00,857
 17/06/2021 00:00:00,823
 18/06/2021 00:00:00,777
 19/06/2021 00:00:00,851
 20/06/2021 00:00:00,688
 21/06/2021 00:00:00,685
 22/06/2021 00:00:00,781
 23/06/2021 00:00:00,790
 24/06/2021 00:00:00,842
 25/06/2021 00:00:00,786
 26/06/2021 00:00:00,777
 27/06/2021 00:00:00,701
 28/06/2021 00:00:00,692
 29/06/2021 00:00:00,808
 30/06/2021 00:00:00,791
 01/07/2021 00:00:00,787
 02/07/2021 00:00:00,752
 03/07/2021 00:00:00,770
 04/07/2021 00:00:00,680
 05/07/2021 00:00:00,681
 06/07/2021 00:00:00,752
 07/07/2021 00:00:00,804
 08/07/2021 00:00:00,761
 09/07/2021 00:00:00,780
 10/07/2021 00:00:00,771
 11/07/2021 00:00:00,685
 12/07/2021 00:00:00,665
 13/07/2021 00:00:00,763
 14/07/2021 00:00:00,797
 15/07/2021 00:00:00,763
 16/07/2021 00:00:00,746
 17/07/2021 00:00:00,763
 18/07/2021 00:00:00,675
 19/07/2021 00:00:00,692
 20/07/2021 00:00:00,733
 21/07/2021 00:00:00,750
 22/07/2021 00:00:00,738
 23/07/2021 00:00:00,758
 24/07/2021 00:00:00,776
 25/07/2021 00:00:00,676
 26/07/2021 00:00:00,668
 27/07/2021 00:00:00,724
 28/07/2021 00:00:00,717
 29/07/2021 00:00:00,701
 30/07/2021 00:00:00,664
 31/07/2021 00:00:00,691
 01/08/2021 00:00:00,581
 02/08/2021 00:00:00,582
 03/08/2021 00:00:00,599
 04/08/2021 00:00:00,640
 05/08/2021 00:00:00,659
 06/08/2021 00:00:00,667
 07/08/2021 00:00:00,666
 08/08/2021 00:00:00,584
 09/08/2021 00:00:00,583
 10/08/2021 00:00:00,656
 11/08/2021 00:00:00,688
 12/08/2021 00:00:00,640
 13/08/2021 00:00:00,640
 14/08/2021 00:00:00,664
 15/08/2021 00:00:00,622
 16/08/2021 00:00:00,617
 17/08/2021 00:00:00,674
 18/08/2021 00:00:00,705
 19/08/2021 00:00:00,688
 20/08/2021 00:00:00,670
 21/08/2021 00:00:00,688
 22/08/2021 00:00:00,657
 23/08/2021 00:00:00,628
 24/08/2021 00:00:00,734
 25/08/2021 00:00:00,730
 26/08/2021 00:00:00,706
 27/08/2021 00:00:00,708
 28/08/2021 00:00:00,673
 29/08/2021 00:00:00,610
 30/08/2021 00:00:00,614
 31/08/2021 00:00:00,733
 01/09/2021 00:00:00,818
 02/09/2021 00:00:00,828
 03/09/2021 00:00:00,829
 04/09/2021 00:00:00,811
 05/09/2021 00:00:00,707
 06/09/2021 00:00:00,715
 07/09/2021 00:00:00,807
 08/09/2021 00:00:00,875
 09/09/2021 00:00:00,956
 10/09/2021 00:00:00,1012
 11/09/2021 00:00:00,996
 12/09/2021 00:00:00,836
 13/09/2021 00:00:00,812
 14/09/2021 00:00:00,1481
 15/09/2021 00:00:00,1465
 16/09/2021 00:00:00,1485
 17/09/2021 00:00:00,1361
 18/09/2021 00:00:00,1149
 19/09/2021 00:00:00,848
 20/09/2021 00:00:00,852
 21/09/2021 00:00:00,1541
 22/09/2021 00:00:00,1603
 23/09/2021 00:00:00,1535
 24/09/2021 00:00:00,1500
 25/09/2021 00:00:00,1275
 26/09/2021 00:00:00,897
 27/09/2021 00:00:00,839
 28/09/2021 00:00:00,1523
 29/09/2021 00:00:00,1528
 30/09/2021 00:00:00,1607
 01/10/2021 00:00:00,1610
 02/10/2021 00:00:00,1449
 03/10/2021 00:00:00,1026
 04/10/2021 00:00:00,1076
 05/10/2021 00:00:00,1751
 06/10/2021 00:00:00,1664
 07/10/2021 00:00:00,1762
 08/10/2021 00:00:00,1686
 09/10/2021 00:00:00,1398
 10/10/2021 00:00:00,1044
 11/10/2021 00:00:00,998
 12/10/2021 00:00:00,1696
 13/10/2021 00:00:00,1707
 14/10/2021 00:00:00,1717
 15/10/2021 00:00:00,1779
 16/10/2021 00:00:00,1459
 17/10/2021 00:00:00,1096
 18/10/2021 00:00:00,1087
 19/10/2021 00:00:00,1753
 20/10/2021 00:00:00,1783
 21/10/2021 00:00:00,1836
 22/10/2021 00:00:00,1873
 23/10/2021 00:00:00,1498
 24/10/2021 00:00:00,1111
 25/10/2021 00:00:00,1115
 26/10/2021 00:00:00,1150
 27/10/2021 00:00:00,1610
 28/10/2021 00:00:00,1576
 29/10/2021 00:00:00,1496
 30/10/2021 00:00:00,1351
 31/10/2021 00:00:00,1152
 01/11/2021 00:00:00,1181
 02/11/2021 00:00:00,1831
 03/11/2021 00:00:00,1938
 04/11/2021 00:00:00,1917
 05/11/2021 00:00:00,2019
 06/11/2021 00:00:00,1623
 07/11/2021 00:00:00,1286
 08/11/2021 00:00:00,1258
 09/11/2021 00:00:00,1851
 10/11/2021 00:00:00,1710
 11/11/2021 00:00:00,1811
 12/11/2021 00:00:00,1860
 13/11/2021 00:00:00,1492
 14/11/2021 00:00:00,1113
 15/11/2021 00:00:00,1131
 16/11/2021 00:00:00,1754
 17/11/2021 00:00:00,1822
 18/11/2021 00:00:00,1861
 19/11/2021 00:00:00,1856
 20/11/2021 00:00:00,1574
 21/11/2021 00:00:00,1159
 22/11/2021 00:00:00,1274
 23/11/2021 00:00:00,2065
 24/11/2021 00:00:00,2129
 25/11/2021 00:00:00,2113
 26/11/2021 00:00:00,2214
 27/11/2021 00:00:00,1864
 28/11/2021 00:00:00,1545
 29/11/2021 00:00:00,1548
 30/11/2021 00:00:00,2129
 01/12/2021 00:00:00,2023
 02/12/2021 00:00:00,2081
 03/12/2021 00:00:00,2115
 04/12/2021 00:00:00,1751
 05/12/2021 00:00:00,1494
 06/12/2021 00:00:00,1503
 07/12/2021 00:00:00,2089
 08/12/2021 00:00:00,2024
 09/12/2021 00:00:00,2003
 10/12/2021 00:00:00,1985
 11/12/2021 00:00:00,1674
 12/12/2021 00:00:00,1376
 13/12/2021 00:00:00,1319
 14/12/2021 00:00:00,1953
 15/12/2021 00:00:00,1902
 16/12/2021 00:00:00,1852
 17/12/2021 00:00:00,1918
 18/12/2021 00:00:00,1759
 19/12/2021 00:00:00,1358
 20/12/2021 00:00:00,1385
 21/12/2021 00:00:00,1595
 22/12/2021 00:00:00,1502
 23/12/2021 00:00:00,1454
 24/12/2021 00:00:00,1255
 25/12/2021 00:00:00,1190
 26/12/2021 00:00:00,1159
 27/12/2021 00:00:00,1194
 28/12/2021 00:00:00,1218
 29/12/2021 00:00:00,1201
 30/12/2021 00:00:00,1198
 31/12/2021 00:00:00,1169
 01/01/2022 00:00:00,1184
 02/01/2022 00:00:00,1149
 03/01/2022 00:00:00,1202
 04/01/2022 00:00:00,1280
 05/01/2022 00:00:00,1429
 06/01/2022 00:00:00,1587
 07/01/2022 00:00:00,1606
 08/01/2022 00:00:00,1536
 09/01/2022 00:00:00,1331
 10/01/2022 00:00:00,1371
 11/01/2022 00:00:00,1688
 12/01/2022 00:00:00,1661
 13/01/2022 00:00:00,1650
 14/01/2022 00:00:00,1656
 15/01/2022 00:00:00,1632
 16/01/2022 00:00:00,1267
 17/01/2022 00:00:00,1330
 18/01/2022 00:00:00,2077
 19/01/2022 00:00:00,2044
 20/01/2022 00:00:00,1932
 21/01/2022 00:00:00,2008
 22/01/2022 00:00:00,1713
 23/01/2022 00:00:00,1372
 24/01/2022 00:00:00,1347
 25/01/2022 00:00:00,2100
 26/01/2022 00:00:00,2034
 27/01/2022 00:00:00,2005
 28/01/2022 00:00:00,1966
 29/01/2022 00:00:00,1630
 30/01/2022 00:00:00,1175
 31/01/2022 00:00:00,1308
 01/02/2022 00:00:00,1990
 02/02/2022 00:00:00,1910
 03/02/2022 00:00:00,1905
 04/02/2022 00:00:00,1860
 05/02/2022 00:00:00,1591
 06/02/2022 00:00:00,1250
 07/02/2022 00:00:00,1255
 08/02/2022 00:00:00,1928
 09/02/2022 00:00:00,1937
 10/02/2022 00:00:00,2008
 11/02/2022 00:00:00,2159
 12/02/2022 00:00:00,1732
 13/02/2022 00:00:00,1283
 14/02/2022 00:00:00,1297
 15/02/2022 00:00:00,1985
 16/02/2022 00:00:00,2039
 17/02/2022 00:00:00,1847
 18/02/2022 00:00:00,2046
 19/02/2022 00:00:00,1586
 20/02/2022 00:00:00,1366
 21/02/2022 00:00:00,1318
 22/02/2022 00:00:00,1831
 23/02/2022 00:00:00,1752
 24/02/2022 00:00:00,1783
 25/02/2022 00:00:00,1720
 26/02/2022 00:00:00,1654
 27/02/2022 00:00:00,1411
 28/02/2022 00:00:00,1281
 01/03/2022 00:00:00,1895
 02/03/2022 00:00:00,2012
 03/03/2022 00:00:00,1919
 04/03/2022 00:00:00,1950
 05/03/2022 00:00:00,1698
 06/03/2022 00:00:00,1251
 07/03/2022 00:00:00,1284
 08/03/2022 00:00:00,2014
 09/03/2022 00:00:00,2044
 10/03/2022 00:00:00,1951
 11/03/2022 00:00:00,1987
 12/03/2022 00:00:00,1565
 13/03/2022 00:00:00,1379
 14/03/2022 00:00:00,1272
 15/03/2022 00:00:00,1914
 16/03/2022 00:00:00,1933
 17/03/2022 00:00:00,1786
 18/03/2022 00:00:00,1185
 19/03/2022 00:00:00,1229
 20/03/2022 00:00:00,1114
 21/03/2022 00:00:00,1209
 22/03/2022 00:00:00,1732
 23/03/2022 00:00:00,1763
 24/03/2022 00:00:00,1586
 25/03/2022 00:00:00,1612
 26/03/2022 00:00:00,1192
 27/03/2022 00:00:00,1005
 28/03/2022 00:00:00,979
 29/03/2022 00:00:00,1578
 30/03/2022 00:00:00,1557
 31/03/2022 00:00:00,1683
 01/04/2022 00:00:00,1757
 02/04/2022 00:00:00,1434
 03/04/2022 00:00:00,1193
 04/04/2022 00:00:00,1162
 05/04/2022 00:00:00,1713
 06/04/2022 00:00:00,1687
 07/04/2022 00:00:00,1665
 08/04/2022 00:00:00,1700
 09/04/2022 00:00:00,1389
 10/04/2022 00:00:00,1091
 11/04/2022 00:00:00,1133
 12/04/2022 00:00:00,1353
 13/04/2022 00:00:00,1345
 14/04/2022 00:00:00,1249
 15/04/2022 00:00:00,1143
 16/04/2022 00:00:00,876
 17/04/2022 00:00:00,871
 18/04/2022 00:00:00,902
 19/04/2022 00:00:00,912
 20/04/2022 00:00:00,1398
 21/04/2022 00:00:00,1358
 22/04/2022 00:00:00,1290
 23/04/2022 00:00:00,1216
 24/04/2022 00:00:00,1000
 25/04/2022 00:00:00,1019
 26/04/2022 00:00:00,1438
 27/04/2022 00:00:00,1537
 28/04/2022 00:00:00,1499
 29/04/2022 00:00:00,1441
 30/04/2022 00:00:00,1125
 01/05/2022 00:00:00,860
 02/05/2022 00:00:00,859
 03/05/2022 00:00:00,876
 04/05/2022 00:00:00,1319
 05/05/2022 00:00:00,1178
 06/05/2022 00:00:00,1199
 07/05/2022 00:00:00,998
 08/05/2022 00:00:00,769
 09/05/2022 00:00:00,761
 10/05/2022 00:00:00,1162
 11/05/2022 00:00:00,1144
 12/05/2022 00:00:00,1064
 13/05/2022 00:00:00,1022
 14/05/2022 00:00:00,1000
 15/05/2022 00:00:00,867
 16/05/2022 00:00:00,740
 17/05/2022 00:00:00,953
 18/05/2022 00:00:00,993
 19/05/2022 00:00:00,1037
 20/05/2022 00:00:00,910
 21/05/2022 00:00:00,893
 22/05/2022 00:00:00,706
 23/05/2022 00:00:00,740
 24/05/2022 00:00:00,971
 25/05/2022 00:00:00,943
 26/05/2022 00:00:00,1009
 27/05/2022 00:00:00,1060
 28/05/2022 00:00:00,897
 29/05/2022 00:00:00,728
 30/05/2022 00:00:00,707
 31/05/2022 00:00:00,997
 01/06/2022 00:00:00,1039
 02/06/2022 00:00:00,1000
 03/06/2022 00:00:00,932
 04/06/2022 00:00:00,857
 05/06/2022 00:00:00,698
 06/06/2022 00:00:00,717
 07/06/2022 00:00:00,726
 08/06/2022 00:00:00,864
 09/06/2022 00:00:00,823
 10/06/2022 00:00:00,874
 11/06/2022 00:00:00,782
 12/06/2022 00:00:00,719
 13/06/2022 00:00:00,733
 14/06/2022 00:00:00,839
 15/06/2022 00:00:00,854
 16/06/2022 00:00:00,876
 17/06/2022 00:00:00,848
 18/06/2022 00:00:00,828
 19/06/2022 00:00:00,684
 20/06/2022 00:00:00,704
 21/06/2022 00:00:00,802
 22/06/2022 00:00:00,782
 23/06/2022 00:00:00,778
 24/06/2022 00:00:00,844
 25/06/2022 00:00:00,759
 26/06/2022 00:00:00,702
 27/06/2022 00:00:00,684
 28/06/2022 00:00:00,860
 29/06/2022 00:00:00,849
 30/06/2022 00:00:00,786
 01/07/2022 00:00:00,784
 02/07/2022 00:00:00,776
 03/07/2022 00:00:00,654
 04/07/2022 00:00:00,661
 05/07/2022 00:00:00,778
 06/07/2022 00:00:00,774
 07/07/2022 00:00:00,787
 08/07/2022 00:00:00,775
 09/07/2022 00:00:00,745
 10/07/2022 00:00:00,656
 11/07/2022 00:00:00,659
 12/07/2022 00:00:00,745
 13/07/2022 00:00:00,783
 14/07/2022 00:00:00,739
 15/07/2022 00:00:00,733
 16/07/2022 00:00:00,704
 17/07/2022 00:00:00,680
 18/07/2022 00:00:00,662
 19/07/2022 00:00:00,769
 20/07/2022 00:00:00,744
 21/07/2022 00:00:00,741
 22/07/2022 00:00:00,746
 23/07/2022 00:00:00,700
 24/07/2022 00:00:00,616
 25/07/2022 00:00:00,619
 26/07/2022 00:00:00,689
 27/07/2022 00:00:00,784
 28/07/2022 00:00:00,808
 29/07/2022 00:00:00,837
 30/07/2022 00:00:00,703
 31/07/2022 00:00:00,625
 01/08/2022 00:00:00,608
 02/08/2022 00:00:00,631
 03/08/2022 00:00:00,777
 04/08/2022 00:00:00,749
 05/08/2022 00:00:00,680
 06/08/2022 00:00:00,699
 07/08/2022 00:00:00,612
 08/08/2022 00:00:00,638
 09/08/2022 00:00:00,682
 10/08/2022 00:00:00,712
 11/08/2022 00:00:00,704
 12/08/2022 00:00:00,717
 13/08/2022 00:00:00,665
 14/08/2022 00:00:00,637
 15/08/2022 00:00:00,626
 16/08/2022 00:00:00,790
 17/08/2022 00:00:00,766
 18/08/2022 00:00:00,766
 19/08/2022 00:00:00,729
 20/08/2022 00:00:00,684
 21/08/2022 00:00:00,619
 22/08/2022 00:00:00,613
 23/08/2022 00:00:00,763
 24/08/2022 00:00:00,714
 25/08/2022 00:00:00,794
 26/08/2022 00:00:00,739
 27/08/2022 00:00:00,685
 28/08/2022 00:00:00,603
 29/08/2022 00:00:00,617
 30/08/2022 00:00:00,752
 31/08/2022 00:00:00,765
 01/09/2022 00:00:00,744
 02/09/2022 00:00:00,858
 03/09/2022 00:00:00,784
 04/09/2022 00:00:00,610
 05/09/2022 00:00:00,611
 06/09/2022 00:00:00,978
 07/09/2022 00:00:00,873
 08/09/2022 00:00:00,900
 09/09/2022 00:00:00,849
 10/09/2022 00:00:00,863
 11/09/2022 00:00:00,711
 12/09/2022 00:00:00,715
 13/09/2022 00:00:00,1306
 14/09/2022 00:00:00,1221
 15/09/2022 00:00:00,1244
 16/09/2022 00:00:00,1205
 17/09/2022 00:00:00,981
 18/09/2022 00:00:00,743
 19/09/2022 00:00:00,747
 20/09/2022 00:00:00,1235
 21/09/2022 00:00:00,1262
 22/09/2022 00:00:00,1208
 23/09/2022 00:00:00,1326
 24/09/2022 00:00:00,1062
 25/09/2022 00:00:00,766
 26/09/2022 00:00:00,769
 27/09/2022 00:00:00,1602
 28/09/2022 00:00:00,1655
