 21/10/2013 00:00:00,97
 22/10/2013 00:00:00,228
 23/10/2013 00:00:00,211
 24/10/2013 00:00:00,219
 25/10/2013 00:00:00,196
 26/10/2013 00:00:00,149
 27/10/2013 00:00:00,98
 28/10/2013 00:00:00,72
 29/10/2013 00:00:00,87
 30/10/2013 00:00:00,107
 31/10/2013 00:00:00,150
 01/11/2013 00:00:00,117
 02/11/2013 00:00:00,122
 03/11/2013 00:00:00,100
 04/11/2013 00:00:00,83
 05/11/2013 00:00:00,235
 06/11/2013 00:00:00,222
 07/11/2013 00:00:00,226
 08/11/2013 00:00:00,227
 09/11/2013 00:00:00,210
 10/11/2013 00:00:00,112
 11/11/2013 00:00:00,123
 12/11/2013 00:00:00,243
 13/11/2013 00:00:00,220
 14/11/2013 00:00:00,228
 15/11/2013 00:00:00,220
 16/11/2013 00:00:00,173
 17/11/2013 00:00:00,100
 18/11/2013 00:00:00,94
 19/11/2013 00:00:00,233
 20/11/2013 00:00:00,213
 21/11/2013 00:00:00,215
 22/11/2013 00:00:00,205
 23/11/2013 00:00:00,189
 24/11/2013 00:00:00,243
 25/11/2013 00:00:00,271
 26/11/2013 00:00:00,289
 27/11/2013 00:00:00,206
 28/11/2013 00:00:00,211
 29/11/2013 00:00:00,207
 30/11/2013 00:00:00,168
 01/12/2013 00:00:00,187
 02/12/2013 00:00:00,310
 03/12/2013 00:00:00,360
 04/12/2013 00:00:00,239
 05/12/2013 00:00:00,204
 06/12/2013 00:00:00,210
 07/12/2013 00:00:00,162
 08/12/2013 00:00:00,83
 09/12/2013 00:00:00,95
 10/12/2013 00:00:00,219
 11/12/2013 00:00:00,194
 12/12/2013 00:00:00,200
 13/12/2013 00:00:00,190
 14/12/2013 00:00:00,158
 15/12/2013 00:00:00,97
 16/12/2013 00:00:00,106
 17/12/2013 00:00:00,158
 18/12/2013 00:00:00,164
 19/12/2013 00:00:00,115
 19/12/2013 10:42:48,0
 19/12/2013 11:07:59,0
 20/12/2013 00:00:00,109
 21/12/2013 00:00:00,111
 22/12/2013 00:00:00,85
 23/12/2013 00:00:00,89
 24/12/2013 00:00:00,92
 25/12/2013 00:00:00,95
 26/12/2013 00:00:00,88
 27/12/2013 00:00:00,98
 28/12/2013 00:00:00,92
 29/12/2013 00:00:00,96
 30/12/2013 00:00:00,90
 31/12/2013 00:00:00,99
 01/01/2014 00:00:00,88
 02/01/2014 00:00:00,99
 03/01/2014 00:00:00,170
 04/01/2014 00:00:00,95
 05/01/2014 00:00:00,103
 06/01/2014 00:00:00,90
 07/01/2014 00:00:00,150
 08/01/2014 00:00:00,161
 09/01/2014 00:00:00,163
 10/01/2014 00:00:00,155
 11/01/2014 00:00:00,152
 12/01/2014 00:00:00,151
 13/01/2014 00:00:00,113
 14/01/2014 00:00:00,198
 15/01/2014 00:00:00,185
 16/01/2014 00:00:00,183
 17/01/2014 00:00:00,162
 18/01/2014 00:00:00,138
 19/01/2014 00:00:00,161
 20/01/2014 00:00:00,109
 21/01/2014 00:00:00,220
 22/01/2014 00:00:00,219
 23/01/2014 00:00:00,230
 24/01/2014 00:00:00,208
 25/01/2014 00:00:00,168
 26/01/2014 00:00:00,126
 27/01/2014 00:00:00,109
 28/01/2014 00:00:00,207
 29/01/2014 00:00:00,208
 30/01/2014 00:00:00,211
 31/01/2014 00:00:00,204
 01/02/2014 00:00:00,151
 02/02/2014 00:00:00,125
 03/02/2014 00:00:00,104
 04/02/2014 00:00:00,232
 05/02/2014 00:00:00,222
 06/02/2014 00:00:00,216
 07/02/2014 00:00:00,219
 08/02/2014 00:00:00,155
 09/02/2014 00:00:00,118
 10/02/2014 00:00:00,97
 11/02/2014 00:00:00,223
 12/02/2014 00:00:00,254
 12/02/2014 19:36:12,0
 13/02/2014 00:00:00,210
 14/02/2014 00:00:00,138
 15/02/2014 00:00:00,150
 16/02/2014 00:00:00,110
 17/02/2014 00:00:00,103
 18/02/2014 00:00:00,216
 19/02/2014 00:00:00,213
 20/02/2014 00:00:00,205
 21/02/2014 00:00:00,182
 22/02/2014 00:00:00,181
 23/02/2014 00:00:00,283
 24/02/2014 00:00:00,94
 25/02/2014 00:00:00,224
 26/02/2014 00:00:00,191
 27/02/2014 00:00:00,234
 28/02/2014 00:00:00,179
 01/03/2014 00:00:00,140
 02/03/2014 00:00:00,75
 03/03/2014 00:00:00,79
 04/03/2014 00:00:00,243
 05/03/2014 00:00:00,200
 06/03/2014 00:00:00,237
 07/03/2014 00:00:00,216
 08/03/2014 00:00:00,199
 09/03/2014 00:00:00,119
 10/03/2014 00:00:00,112
 11/03/2014 00:00:00,230
 12/03/2014 00:00:00,228
 13/03/2014 00:00:00,256
 14/03/2014 00:00:00,199
 15/03/2014 00:00:00,150
 16/03/2014 00:00:00,27
 17/03/2014 00:00:00,15
 18/03/2014 00:00:00,10
 19/03/2014 00:00:00,103
 20/03/2014 00:00:00,117
 21/03/2014 00:00:00,108
 22/03/2014 00:00:00,82
 23/03/2014 00:00:00,218
 24/03/2014 00:00:00,362
 25/03/2014 00:00:00,326
 26/03/2014 00:00:00,197
 27/03/2014 00:00:00,209
 28/03/2014 00:00:00,186
 29/03/2014 00:00:00,119
 30/03/2014 00:00:00,74
 31/03/2014 00:00:00,49
 01/04/2014 00:00:00,175
 02/04/2014 00:00:00,192
 03/04/2014 00:00:00,172
 04/04/2014 00:00:00,186
 05/04/2014 00:00:00,138
 06/04/2014 00:00:00,142
 07/04/2014 00:00:00,124
 08/04/2014 00:00:00,240
 09/04/2014 00:00:00,186
 10/04/2014 00:00:00,175
 11/04/2014 00:00:00,163
 12/04/2014 00:00:00,123
 13/04/2014 00:00:00,103
 14/04/2014 00:00:00,72
 15/04/2014 00:00:00,128
 16/04/2014 00:00:00,110
 17/04/2014 00:00:00,105
 18/04/2014 00:00:00,95
 19/04/2014 00:00:00,75
 20/04/2014 00:00:00,62
 21/04/2014 00:00:00,63
 22/04/2014 00:00:00,65
 23/04/2014 00:00:00,105
 24/04/2014 00:00:00,115
 25/04/2014 00:00:00,115
 26/04/2014 00:00:00,108
 27/04/2014 00:00:00,78
 28/04/2014 00:00:00,70
 29/04/2014 00:00:00,219
 30/04/2014 00:00:00,200
 01/05/2014 00:00:00,204
 02/05/2014 00:00:00,192
 03/05/2014 00:00:00,142
 04/05/2014 00:00:00,82
 05/05/2014 00:00:00,65
 06/05/2014 00:00:00,64
 07/05/2014 00:00:00,158
 08/05/2014 00:00:00,189
 09/05/2014 00:00:00,180
 10/05/2014 00:00:00,185
 11/05/2014 00:00:00,193
 12/05/2014 00:00:00,87
 13/05/2014 00:00:00,205
 14/05/2014 00:00:00,184
 15/05/2014 00:00:00,154
 16/05/2014 00:00:00,192
 17/05/2014 00:00:00,106
 18/05/2014 00:00:00,73
 19/05/2014 00:00:00,68
 20/05/2014 00:00:00,134
 21/05/2014 00:00:00,111
 22/05/2014 00:00:00,116
 23/05/2014 00:00:00,112
 24/05/2014 00:00:00,95
 25/05/2014 00:00:00,71
 26/05/2014 00:00:00,87
 27/05/2014 00:00:00,163
 28/05/2014 00:00:00,148
 29/05/2014 00:00:00,110
 30/05/2014 00:00:00,92
 31/05/2014 00:00:00,97
 01/06/2014 00:00:00,69
 02/06/2014 00:00:00,72
 03/06/2014 00:00:00,75
 04/06/2014 00:00:00,104
 05/06/2014 00:00:00,125
 06/06/2014 00:00:00,115
 07/06/2014 00:00:00,126
 08/06/2014 00:00:00,99
 09/06/2014 00:00:00,99
 10/06/2014 00:00:00,139
 11/06/2014 00:00:00,109
 12/06/2014 00:00:00,101
 13/06/2014 00:00:00,113
 14/06/2014 00:00:00,147
 15/06/2014 00:00:00,94
 16/06/2014 00:00:00,153
 17/06/2014 00:00:00,127
 18/06/2014 00:00:00,133
 19/06/2014 00:00:00,111
 20/06/2014 00:00:00,105
 21/06/2014 00:00:00,104
 22/06/2014 00:00:00,84
 23/06/2014 00:00:00,79
 24/06/2014 00:00:00,94
 25/06/2014 00:00:00,103
 26/06/2014 00:00:00,88
 27/06/2014 00:00:00,87
 28/06/2014 00:00:00,80
 29/06/2014 00:00:00,90
 30/06/2014 00:00:00,82
 01/07/2014 00:00:00,102
 02/07/2014 00:00:00,109
 03/07/2014 00:00:00,92
 04/07/2014 00:00:00,103
 05/07/2014 00:00:00,225
 06/07/2014 00:00:00,94
 07/07/2014 00:00:00,81
 08/07/2014 00:00:00,100
 09/07/2014 00:00:00,105
 10/07/2014 00:00:00,102
 11/07/2014 00:00:00,115
 12/07/2014 00:00:00,116
 13/07/2014 00:00:00,145
 14/07/2014 00:00:00,104
 15/07/2014 00:00:00,102
 16/07/2014 00:00:00,110
 17/07/2014 00:00:00,113
 18/07/2014 00:00:00,130
 19/07/2014 00:00:00,119
 20/07/2014 00:00:00,99
 21/07/2014 00:00:00,101
 22/07/2014 00:00:00,107
 23/07/2014 00:00:00,104
 23/07/2014 17:19:29,0
 24/07/2014 00:00:00,98
 25/07/2014 00:00:00,113
 26/07/2014 00:00:00,115
 27/07/2014 00:00:00,99
 28/07/2014 00:00:00,103
 29/07/2014 00:00:00,100
 30/07/2014 00:00:00,109
 31/07/2014 00:00:00,109
 01/08/2014 00:00:00,117
 02/08/2014 00:00:00,111
 03/08/2014 00:00:00,104
 04/08/2014 00:00:00,108
 05/08/2014 00:00:00,106
 06/08/2014 00:00:00,125
 07/08/2014 00:00:00,108
 08/08/2014 00:00:00,127
 09/08/2014 00:00:00,118
 10/08/2014 00:00:00,106
 11/08/2014 00:00:00,105
 12/08/2014 00:00:00,132
 13/08/2014 00:00:00,362
 14/08/2014 00:00:00,752
 15/08/2014 00:00:00,113
 16/08/2014 00:00:00,95
 17/08/2014 00:00:00,112
 18/08/2014 00:00:00,84
 19/08/2014 00:00:00,116
 20/08/2014 00:00:00,110
 21/08/2014 00:00:00,118
 22/08/2014 00:00:00,116
 23/08/2014 00:00:00,117
 24/08/2014 00:00:00,108
 25/08/2014 00:00:00,102
 26/08/2014 00:00:00,223
 27/08/2014 00:00:00,253
 28/08/2014 00:00:00,127
 29/08/2014 00:00:00,148
 30/08/2014 00:00:00,145
 31/08/2014 00:00:00,175
 01/09/2014 00:00:00,252
 02/09/2014 00:00:00,220
 03/09/2014 00:00:00,136
 04/09/2014 00:00:00,207
 05/09/2014 00:00:00,124
 06/09/2014 00:00:00,108
 07/09/2014 00:00:00,135
 08/09/2014 00:00:00,183
 09/09/2014 00:00:00,304
 10/09/2014 00:00:00,293
 11/09/2014 00:00:00,317
 12/09/2014 00:00:00,285
 13/09/2014 00:00:00,246
 14/09/2014 00:00:00,225
 15/09/2014 00:00:00,190
 16/09/2014 00:00:00,457
 17/09/2014 00:00:00,756
 18/09/2014 00:00:00,592
 19/09/2014 00:00:00,316
 20/09/2014 00:00:00,280
 21/09/2014 00:00:00,205
 22/09/2014 00:00:00,204
 23/09/2014 00:00:00,363
 24/09/2014 00:00:00,358
 25/09/2014 00:00:00,333
 26/09/2014 00:00:00,333
 27/09/2014 00:00:00,287
 28/09/2014 00:00:00,226
 29/09/2014 00:00:00,338
 30/09/2014 00:00:00,344
 01/10/2014 00:00:00,353
 02/10/2014 00:00:00,336
 03/10/2014 00:00:00,342
 04/10/2014 00:00:00,286
 05/10/2014 00:00:00,234
 06/10/2014 00:00:00,205
 07/10/2014 00:00:00,337
 08/10/2014 00:00:00,339
 09/10/2014 00:00:00,352
 10/10/2014 00:00:00,328
 11/10/2014 00:00:00,286
 12/10/2014 00:00:00,237
 13/10/2014 00:00:00,215
 14/10/2014 00:00:00,358
 15/10/2014 00:00:00,457
 16/10/2014 00:00:00,517
 17/10/2014 00:00:00,345
 18/10/2014 00:00:00,289
 19/10/2014 00:00:00,249
 20/10/2014 00:00:00,216
 21/10/2014 00:00:00,344
 22/10/2014 00:00:00,356
 23/10/2014 00:00:00,339
 24/10/2014 00:00:00,321
 25/10/2014 00:00:00,275
 26/10/2014 00:00:00,210
 27/10/2014 00:00:00,211
 28/10/2014 00:00:00,209
 29/10/2014 00:00:00,272
 30/10/2014 00:00:00,274
 31/10/2014 00:00:00,279
 01/11/2014 00:00:00,259
 02/11/2014 00:00:00,228
 03/11/2014 00:00:00,205
 04/11/2014 00:00:00,343
 05/11/2014 00:00:00,348
 06/11/2014 00:00:00,355
 07/11/2014 00:00:00,345
 08/11/2014 00:00:00,354
 09/11/2014 00:00:00,254
 10/11/2014 00:00:00,229
 11/11/2014 00:00:00,384
 12/11/2014 00:00:00,344
 13/11/2014 00:00:00,359
 14/11/2014 00:00:00,321
 15/11/2014 00:00:00,340
 16/11/2014 00:00:00,308
 17/11/2014 00:00:00,224
 18/11/2014 00:00:00,365
 19/11/2014 00:00:00,400
 20/11/2014 00:00:00,367
 21/11/2014 00:00:00,342
 22/11/2014 00:00:00,296
 23/11/2014 00:00:00,301
 24/11/2014 00:00:00,231
 25/11/2014 00:00:00,353
 26/11/2014 00:00:00,354
 27/11/2014 00:00:00,347
 28/11/2014 00:00:00,339
 29/11/2014 00:00:00,298
 30/11/2014 00:00:00,235
 01/12/2014 00:00:00,233
 02/12/2014 00:00:00,391
 03/12/2014 00:00:00,345
 04/12/2014 00:00:00,358
 05/12/2014 00:00:00,334
 06/12/2014 00:00:00,292
 07/12/2014 00:00:00,270
 08/12/2014 00:00:00,243
 09/12/2014 00:00:00,350
 10/12/2014 00:00:00,338
 11/12/2014 00:00:00,341
 12/12/2014 00:00:00,318
 13/12/2014 00:00:00,300
 14/12/2014 00:00:00,262
 15/12/2014 00:00:00,231
 16/12/2014 00:00:00,250
 16/12/2014 11:42:05,0
 17/12/2014 00:00:00,251
 18/12/2014 00:00:00,254
 19/12/2014 00:00:00,252
 20/12/2014 00:00:00,238
 21/12/2014 00:00:00,228
 22/12/2014 00:00:00,226
 23/12/2014 00:00:00,234
 24/12/2014 00:00:00,234
 25/12/2014 00:00:00,228
 26/12/2014 00:00:00,238
 27/12/2014 00:00:00,231
 28/12/2014 00:00:00,237
 29/12/2014 00:00:00,239
 30/12/2014 00:00:00,240
 31/12/2014 00:00:00,246
 01/01/2015 00:00:00,242
 02/01/2015 00:00:00,243
 03/01/2015 00:00:00,242
 04/01/2015 00:00:00,246
 05/01/2015 00:00:00,244
 06/01/2015 00:00:00,324
 07/01/2015 00:00:00,295
 08/01/2015 00:00:00,310
 09/01/2015 00:00:00,294
 10/01/2015 00:00:00,283
 11/01/2015 00:00:00,252
 12/01/2015 00:00:00,242
 13/01/2015 00:00:00,331
 14/01/2015 00:00:00,322
 15/01/2015 00:00:00,307
 16/01/2015 00:00:00,300
 17/01/2015 00:00:00,289
 18/01/2015 00:00:00,287
 19/01/2015 00:00:00,252
 20/01/2015 00:00:00,357
 21/01/2015 00:00:00,335
 22/01/2015 00:00:00,357
 23/01/2015 00:00:00,330
 24/01/2015 00:00:00,297
 25/01/2015 00:00:00,293
 26/01/2015 00:00:00,258
 27/01/2015 00:00:00,392
 28/01/2015 00:00:00,350
 29/01/2015 00:00:00,361
 30/01/2015 00:00:00,351
 31/01/2015 00:00:00,329
 01/02/2015 00:00:00,319
 02/02/2015 00:00:00,278
 03/02/2015 00:00:00,382
 04/02/2015 00:00:00,363
 05/02/2015 00:00:00,382
 06/02/2015 00:00:00,388
 07/02/2015 00:00:00,358
 08/02/2015 00:00:00,312
 09/02/2015 00:00:00,277
 10/02/2015 00:00:00,368
 11/02/2015 00:00:00,382
 12/02/2015 00:00:00,392
 13/02/2015 00:00:00,346
 14/02/2015 00:00:00,350
 15/02/2015 00:00:00,294
 16/02/2015 00:00:00,284
 17/02/2015 00:00:00,385
 18/02/2015 00:00:00,375
 19/02/2015 00:00:00,382
 20/02/2015 00:00:00,399
 21/02/2015 00:00:00,342
 22/02/2015 00:00:00,338
 23/02/2015 00:00:00,291
 24/02/2015 00:00:00,398
 25/02/2015 00:00:00,393
 26/02/2015 00:00:00,415
 27/02/2015 00:00:00,390
 28/02/2015 00:00:00,346
 01/03/2015 00:00:00,305
 02/03/2015 00:00:00,288
 03/03/2015 00:00:00,407
 04/03/2015 00:00:00,410
 05/03/2015 00:00:00,422
 06/03/2015 00:00:00,413
 07/03/2015 00:00:00,409
 08/03/2015 00:00:00,323
 09/03/2015 00:00:00,295
 10/03/2015 00:00:00,437
 11/03/2015 00:00:00,503
 12/03/2015 00:00:00,437
 13/03/2015 00:00:00,399
 14/03/2015 00:00:00,357
 15/03/2015 00:00:00,320
 16/03/2015 00:00:00,305
 17/03/2015 00:00:00,385
 18/03/2015 00:00:00,295
 19/03/2015 00:00:00,394
 20/03/2015 00:00:00,426
 21/03/2015 00:00:00,355
 22/03/2015 00:00:00,322
 23/03/2015 00:00:00,302
 24/03/2015 00:00:00,411
 25/03/2015 00:00:00,408
 26/03/2015 00:00:00,430
 27/03/2015 00:00:00,414
 28/03/2015 00:00:00,365
 29/03/2015 00:00:00,311
 30/03/2015 00:00:00,321
 31/03/2015 00:00:00,340
 01/04/2015 00:00:00,342
 02/04/2015 00:00:00,336
 03/04/2015 00:00:00,340
 04/04/2015 00:00:00,312
 05/04/2015 00:00:00,314
 06/04/2015 00:00:00,311
 07/04/2015 00:00:00,314
 08/04/2015 00:00:00,358
 09/04/2015 00:00:00,377
 10/04/2015 00:00:00,347
 11/04/2015 00:00:00,347
 12/04/2015 00:00:00,343
 13/04/2015 00:00:00,326
 14/04/2015 00:00:00,427
 15/04/2015 00:00:00,424
 16/04/2015 00:00:00,426
 17/04/2015 00:00:00,439
 18/04/2015 00:00:00,384
 19/04/2015 00:00:00,364
 20/04/2015 00:00:00,377
 21/04/2015 00:00:00,470
 22/04/2015 00:00:00,445
 23/04/2015 00:00:00,477
 24/04/2015 00:00:00,449
 25/04/2015 00:00:00,398
 26/04/2015 00:00:00,422
 27/04/2015 00:00:00,347
 28/04/2015 00:00:00,430
 29/04/2015 00:00:00,437
 30/04/2015 00:00:00,427
 01/05/2015 00:00:00,453
 02/05/2015 00:00:00,397
 03/05/2015 00:00:00,359
 04/05/2015 00:00:00,340
 05/05/2015 00:00:00,348
 06/05/2015 00:00:00,442
 07/05/2015 00:00:00,451
 08/05/2015 00:00:00,456
 09/05/2015 00:00:00,429
 10/05/2015 00:00:00,393
 11/05/2015 00:00:00,358
 12/05/2015 00:00:00,465
 13/05/2015 00:00:00,445
 14/05/2015 00:00:00,440
 15/05/2015 00:00:00,418
 16/05/2015 00:00:00,410
 17/05/2015 00:00:00,353
 18/05/2015 00:00:00,357
 19/05/2015 00:00:00,370
 20/05/2015 00:00:00,387
 21/05/2015 00:00:00,411
 22/05/2015 00:00:00,400
 23/05/2015 00:00:00,401
 24/05/2015 00:00:00,396
 25/05/2015 00:00:00,391
 26/05/2015 00:00:00,414
 27/05/2015 00:00:00,409
 28/05/2015 00:00:00,384
 29/05/2015 00:00:00,389
 30/05/2015 00:00:00,373
 31/05/2015 00:00:00,351
 01/06/2015 00:00:00,357
 02/06/2015 00:00:00,353
 03/06/2015 00:00:00,413
 04/06/2015 00:00:00,388
 05/06/2015 00:00:00,397
 06/06/2015 00:00:00,382
 07/06/2015 00:00:00,372
 08/06/2015 00:00:00,376
 09/06/2015 00:00:00,401
 10/06/2015 00:00:00,390
 11/06/2015 00:00:00,397
 12/06/2015 00:00:00,395
 13/06/2015 00:00:00,401
 14/06/2015 00:00:00,364
 15/06/2015 00:00:00,370
 16/06/2015 00:00:00,388
 17/06/2015 00:00:00,307
 18/06/2015 00:00:00,160
 19/06/2015 00:00:00,188
 20/06/2015 00:00:00,175
 21/06/2015 00:00:00,150
 22/06/2015 00:00:00,142
 23/06/2015 00:00:00,182
 24/06/2015 00:00:00,242
 25/06/2015 00:00:00,199
 26/06/2015 00:00:00,173
 27/06/2015 00:00:00,163
 28/06/2015 00:00:00,135
 29/06/2015 00:00:00,127
 30/06/2015 00:00:00,132
 01/07/2015 00:00:00,130
 02/07/2015 00:00:00,160
 03/07/2015 00:00:00,235
 04/07/2015 00:00:00,182
 05/07/2015 00:00:00,193
 06/07/2015 00:00:00,170
 07/07/2015 00:00:00,188
 08/07/2015 00:00:00,183
 09/07/2015 00:00:00,188
 10/07/2015 00:00:00,191
 11/07/2015 00:00:00,168
 12/07/2015 00:00:00,182
 13/07/2015 00:00:00,194
 14/07/2015 00:00:00,204
 15/07/2015 00:00:00,178
 16/07/2015 00:00:00,156
 17/07/2015 00:00:00,150
 18/07/2015 00:00:00,139
 19/07/2015 00:00:00,106
 20/07/2015 00:00:00,114
 21/07/2015 00:00:00,113
 22/07/2015 00:00:00,126
 23/07/2015 00:00:00,162
 24/07/2015 00:00:00,156
 25/07/2015 00:00:00,122
 26/07/2015 00:00:00,113
 27/07/2015 00:00:00,112
 28/07/2015 00:00:00,113
 29/07/2015 00:00:00,117
 30/07/2015 00:00:00,115
 31/07/2015 00:00:00,520
 01/08/2015 00:00:00,122
 02/08/2015 00:00:00,99
 03/08/2015 00:00:00,91
 04/08/2015 00:00:00,89
 05/08/2015 00:00:00,112
 06/08/2015 00:00:00,112
 07/08/2015 00:00:00,118
 08/08/2015 00:00:00,128
 09/08/2015 00:00:00,172
 10/08/2015 00:00:00,171
 11/08/2015 00:00:00,142
 12/08/2015 00:00:00,124
 13/08/2015 00:00:00,131
 14/08/2015 00:00:00,184
 15/08/2015 00:00:00,212
 16/08/2015 00:00:00,140
 17/08/2015 00:00:00,122
 18/08/2015 00:00:00,137
 19/08/2015 00:00:00,141
 20/08/2015 00:00:00,139
 21/08/2015 00:00:00,139
 22/08/2015 00:00:00,137
 23/08/2015 00:00:00,124
 23/08/2015 12:55:37,0
 24/08/2015 00:00:00,121
 25/08/2015 00:00:00,168
 26/08/2015 00:00:00,117
 27/08/2015 00:00:00,42
 28/08/2015 00:00:00,41
 29/08/2015 00:00:00,37
 30/08/2015 00:00:00,22
 31/08/2015 00:00:00,9
 01/09/2015 00:00:00,39
 02/09/2015 00:00:00,46
 03/09/2015 00:00:00,93
 04/09/2015 00:00:00,77
 05/09/2015 00:00:00,57
 06/09/2015 00:00:00,12
 07/09/2015 00:00:00,0
 08/09/2015 00:00:00,105
 09/09/2015 00:00:00,129
 10/09/2015 00:00:00,85
 11/09/2015 00:00:00,72
 12/09/2015 00:00:00,32
 13/09/2015 00:00:00,33
 14/09/2015 00:00:00,49
 15/09/2015 00:00:00,168
 16/09/2015 00:00:00,161
 17/09/2015 00:00:00,234
 18/09/2015 00:00:00,172
 19/09/2015 00:00:00,63
 20/09/2015 00:00:00,13
 21/09/2015 00:00:00,6
 22/09/2015 00:00:00,186
 23/09/2015 00:00:00,145
 24/09/2015 00:00:00,168
 25/09/2015 00:00:00,165
 26/09/2015 00:00:00,68
 27/09/2015 00:00:00,13
 28/09/2015 00:00:00,1
 29/09/2015 00:00:00,194
 30/09/2015 00:00:00,148
 01/10/2015 00:00:00,218
 02/10/2015 00:00:00,187
 03/10/2015 00:00:00,74
 04/10/2015 00:00:00,10
 05/10/2015 00:00:00,5
 06/10/2015 00:00:00,159
 07/10/2015 00:00:00,175
 08/10/2015 00:00:00,158
 09/10/2015 00:00:00,175
 10/10/2015 00:00:00,80
 11/10/2015 00:00:00,50
 12/10/2015 00:00:00,4
 13/10/2015 00:00:00,163
 14/10/2015 00:00:00,180
 15/10/2015 00:00:00,176
 16/10/2015 00:00:00,154
 17/10/2015 00:00:00,90
 18/10/2015 00:00:00,55
 19/10/2015 00:00:00,10
 20/10/2015 00:00:00,211
 21/10/2015 00:00:00,221
 22/10/2015 00:00:00,218
 23/10/2015 00:00:00,183
 24/10/2015 00:00:00,148
 25/10/2015 00:00:00,81
 26/10/2015 00:00:00,4
 27/10/2015 00:00:00,3
 28/10/2015 00:00:00,84
 29/10/2015 00:00:00,134
 30/10/2015 00:00:00,108
 31/10/2015 00:00:00,73
 01/11/2015 00:00:00,31
 02/11/2015 00:00:00,4
 03/11/2015 00:00:00,168
 04/11/2015 00:00:00,202
 05/11/2015 00:00:00,194
 06/11/2015 00:00:00,211
 07/11/2015 00:00:00,149
 08/11/2015 00:00:00,90
 09/11/2015 00:00:00,21
 10/11/2015 00:00:00,183
 11/11/2015 00:00:00,161
 12/11/2015 00:00:00,186
 13/11/2015 00:00:00,159
 14/11/2015 00:00:00,144
 15/11/2015 00:00:00,83
 16/11/2015 00:00:00,45
 17/11/2015 00:00:00,214
 18/11/2015 00:00:00,213
 19/11/2015 00:00:00,192
 20/11/2015 00:00:00,177
 21/11/2015 00:00:00,168
 22/11/2015 00:00:00,120
 23/11/2015 00:00:00,138
 24/11/2015 00:00:00,240
 25/11/2015 00:00:00,172
 26/11/2015 00:00:00,175
 27/11/2015 00:00:00,131
 28/11/2015 00:00:00,83
 29/11/2015 00:00:00,93
 30/11/2015 00:00:00,9
 01/12/2015 00:00:00,153
 02/12/2015 00:00:00,175
 03/12/2015 00:00:00,172
 04/12/2015 00:00:00,125
 05/12/2015 00:00:00,118
 06/12/2015 00:00:00,193
 07/12/2015 00:00:00,22
 08/12/2015 00:00:00,132
 09/12/2015 00:00:00,128
 10/12/2015 00:00:00,126
 11/12/2015 00:00:00,110
 12/12/2015 00:00:00,89
 13/12/2015 00:00:00,28
 14/12/2015 00:00:00,4
 15/12/2015 00:00:00,101
 16/12/2015 00:00:00,112
 17/12/2015 00:00:00,109
 18/12/2015 00:00:00,87
 19/12/2015 00:00:00,71
 20/12/2015 00:00:00,18
 21/12/2015 00:00:00,6
 22/12/2015 00:00:00,25
 23/12/2015 00:00:00,18
 24/12/2015 00:00:00,29
 25/12/2015 00:00:00,5
 26/12/2015 00:00:00,2
 27/12/2015 00:00:00,1
 28/12/2015 00:00:00,6
 29/12/2015 00:00:00,4
 30/12/2015 00:00:00,4
 31/12/2015 00:00:00,5
 01/01/2016 00:00:00,5
 02/01/2016 00:00:00,5
 03/01/2016 00:00:00,0
 04/01/2016 00:00:00,0
 05/01/2016 00:00:00,32
 06/01/2016 00:00:00,32
 07/01/2016 00:00:00,37
 08/01/2016 00:00:00,30
 09/01/2016 00:00:00,30
 10/01/2016 00:00:00,42
 11/01/2016 00:00:00,2
 12/01/2016 00:00:00,74
 13/01/2016 00:00:00,55
 14/01/2016 00:00:00,69
 15/01/2016 00:00:00,58
 16/01/2016 00:00:00,36
 17/01/2016 00:00:00,30
 18/01/2016 00:00:00,10
 19/01/2016 00:00:00,138
 20/01/2016 00:00:00,143
 21/01/2016 00:00:00,163
 22/01/2016 00:00:00,110
 23/01/2016 00:00:00,81
 24/01/2016 00:00:00,20
 25/01/2016 00:00:00,14
 26/01/2016 00:00:00,182
 27/01/2016 00:00:00,224
 28/01/2016 00:00:00,147
 29/01/2016 00:00:00,180
 30/01/2016 00:00:00,114
 31/01/2016 00:00:00,96
 01/02/2016 00:00:00,46
 02/02/2016 00:00:00,152
 03/02/2016 00:00:00,149
 04/02/2016 00:00:00,84
 05/02/2016 00:00:00,135
 06/02/2016 00:00:00,71
 07/02/2016 00:00:00,51
 08/02/2016 00:00:00,9
 09/02/2016 00:00:00,154
 10/02/2016 00:00:00,164
 11/02/2016 00:00:00,150
 12/02/2016 00:00:00,69
 13/02/2016 00:00:00,51
 14/02/2016 00:00:00,56
 15/02/2016 00:00:00,0
 16/02/2016 00:00:00,78
 17/02/2016 00:00:00,72
 18/02/2016 00:00:00,105
 19/02/2016 00:00:00,48
 20/02/2016 00:00:00,44
 21/02/2016 00:00:00,3
 22/02/2016 00:00:00,5
 23/02/2016 00:00:00,152
 24/02/2016 00:00:00,140
 25/02/2016 00:00:00,137
 26/02/2016 00:00:00,148
 27/02/2016 00:00:00,57
 28/02/2016 00:00:00,12
 29/02/2016 00:00:00,3
 01/03/2016 00:00:00,158
 02/03/2016 00:00:00,144
 03/03/2016 00:00:00,144
 04/03/2016 00:00:00,152
 05/03/2016 00:00:00,191
 06/03/2016 00:00:00,11
 07/03/2016 00:00:00,0
 08/03/2016 00:00:00,149
 09/03/2016 00:00:00,150
 10/03/2016 00:00:00,216
 11/03/2016 00:00:00,153
 12/03/2016 00:00:00,78
 13/03/2016 00:00:00,8
 14/03/2016 00:00:00,4
 15/03/2016 00:00:00,158
 16/03/2016 00:00:00,165
 17/03/2016 00:00:00,136
 18/03/2016 00:00:00,4
 19/03/2016 00:00:00,46
 20/03/2016 00:00:00,99
 21/03/2016 00:00:00,175
 22/03/2016 00:00:00,109
 23/03/2016 00:00:00,48
 24/03/2016 00:00:00,42
 25/03/2016 00:00:00,55
 26/03/2016 00:00:00,9
 27/03/2016 00:00:00,6
 28/03/2016 00:00:00,7
 29/03/2016 00:00:00,9
 30/03/2016 00:00:00,33
 31/03/2016 00:00:00,39
 01/04/2016 00:00:00,50
 02/04/2016 00:00:00,59
 03/04/2016 00:00:00,42
 04/04/2016 00:00:00,4
 05/04/2016 00:00:00,136
 06/04/2016 00:00:00,181
 07/04/2016 00:00:00,145
 08/04/2016 00:00:00,134
 09/04/2016 00:00:00,62
 10/04/2016 00:00:00,6
 11/04/2016 00:00:00,0
 12/04/2016 00:00:00,117
 13/04/2016 00:00:00,116
 14/04/2016 00:00:00,107
 15/04/2016 00:00:00,101
 16/04/2016 00:00:00,53
 17/04/2016 00:00:00,0
 18/04/2016 00:00:00,2
 19/04/2016 00:00:00,109
 20/04/2016 00:00:00,94
 21/04/2016 00:00:00,115
 22/04/2016 00:00:00,97
 23/04/2016 00:00:00,47
 24/04/2016 00:00:00,88
 25/04/2016 00:00:00,0
 26/04/2016 00:00:00,90
 27/04/2016 00:00:00,112
 28/04/2016 00:00:00,85
 29/04/2016 00:00:00,86
 30/04/2016 00:00:00,37
 01/05/2016 00:00:00,1
 02/05/2016 00:00:00,0
 03/05/2016 00:00:00,0
 04/05/2016 00:00:00,106
 05/05/2016 00:00:00,104
 06/05/2016 00:00:00,57
 07/05/2016 00:00:00,61
 08/05/2016 00:00:00,13
 09/05/2016 00:00:00,0
 10/05/2016 00:00:00,83
 11/05/2016 00:00:00,70
 12/05/2016 00:00:00,81
 13/05/2016 00:00:00,67
 14/05/2016 00:00:00,51
 15/05/2016 00:00:00,26
 16/05/2016 00:00:00,3
 17/05/2016 00:00:00,96
 18/05/2016 00:00:00,66
 19/05/2016 00:00:00,50
 20/05/2016 00:00:00,22
 21/05/2016 00:00:00,23
 22/05/2016 00:00:00,13
 23/05/2016 00:00:00,0
 24/05/2016 00:00:00,49
 25/05/2016 00:00:00,101
 26/05/2016 00:00:00,27
 27/05/2016 00:00:00,12
 28/05/2016 00:00:00,10
 29/05/2016 00:00:00,0
 30/05/2016 00:00:00,0
 31/05/2016 00:00:00,13
 01/06/2016 00:00:00,13
 02/06/2016 00:00:00,17
 03/06/2016 00:00:00,17
 04/06/2016 00:00:00,8
 05/06/2016 00:00:00,0
 06/06/2016 00:00:00,0
 07/06/2016 00:00:00,0
 08/06/2016 00:00:00,4
 09/06/2016 00:00:00,10
 10/06/2016 00:00:00,7
 11/06/2016 00:00:00,7
 12/06/2016 00:00:00,1
 13/06/2016 00:00:00,0
 14/06/2016 00:00:00,9
 15/06/2016 00:00:00,13
 16/06/2016 00:00:00,14
 17/06/2016 00:00:00,8
 18/06/2016 00:00:00,22
 19/06/2016 00:00:00,0
 20/06/2016 00:00:00,1
 21/06/2016 00:00:00,10
 22/06/2016 00:00:00,10
 23/06/2016 00:00:00,4
 24/06/2016 00:00:00,3
 25/06/2016 00:00:00,4
 26/06/2016 00:00:00,0
 26/06/2016 09:25:52,0
 27/06/2016 00:00:00,1
 28/06/2016 00:00:00,1
 29/06/2016 00:00:00,13
 30/06/2016 00:00:00,6
 01/07/2016 00:00:00,0
 02/07/2016 00:00:00,1
 03/07/2016 00:00:00,13
 04/07/2016 00:00:00,3
 05/07/2016 00:00:00,21
 06/07/2016 00:00:00,24
 07/07/2016 00:00:00,13
 08/07/2016 00:00:00,509
 09/07/2016 00:00:00,165
 10/07/2016 00:00:00,172
 11/07/2016 00:00:00,153
 12/07/2016 00:00:00,154
 13/07/2016 00:00:00,150
 14/07/2016 00:00:00,146
 15/07/2016 00:00:00,49
 16/07/2016 00:00:00,1
 17/07/2016 00:00:00,0
 18/07/2016 00:00:00,0
 19/07/2016 00:00:00,9
 20/07/2016 00:00:00,4
 21/07/2016 00:00:00,42
 22/07/2016 00:00:00,60
 23/07/2016 00:00:00,12
 24/07/2016 00:00:00,0
 25/07/2016 00:00:00,0
 26/07/2016 00:00:00,0
 27/07/2016 00:00:00,7
 28/07/2016 00:00:00,10
 29/07/2016 00:00:00,14
 30/07/2016 00:00:00,0
 31/07/2016 00:00:00,2
 01/08/2016 00:00:00,0
 02/08/2016 00:00:00,0
 03/08/2016 00:00:00,0
 04/08/2016 00:00:00,4
 05/08/2016 00:00:00,0
 06/08/2016 00:00:00,0
 07/08/2016 00:00:00,0
 08/08/2016 00:00:00,2
 09/08/2016 00:00:00,0
 10/08/2016 00:00:00,1
 11/08/2016 00:00:00,1
 12/08/2016 00:00:00,3
 13/08/2016 00:00:00,2
 14/08/2016 00:00:00,26
 15/08/2016 00:00:00,0
 16/08/2016 00:00:00,4
 17/08/2016 00:00:00,2
 18/08/2016 00:00:00,2
 19/08/2016 00:00:00,14
 20/08/2016 00:00:00,3
 21/08/2016 00:00:00,0
 22/08/2016 00:00:00,0
 23/08/2016 00:00:00,12
 24/08/2016 00:00:00,47
 25/08/2016 00:00:00,25
 26/08/2016 00:00:00,52
 27/08/2016 00:00:00,47
 28/08/2016 00:00:00,1
 29/08/2016 00:00:00,0
 30/08/2016 00:00:00,193
 31/08/2016 00:00:00,99
 01/09/2016 00:00:00,10
 02/09/2016 00:00:00,23
 03/09/2016 00:00:00,34
 04/09/2016 00:00:00,4
 05/09/2016 00:00:00,2
 06/09/2016 00:00:00,61
 07/09/2016 00:00:00,76
 08/09/2016 00:00:00,118
 09/09/2016 00:00:00,96
 10/09/2016 00:00:00,58
 11/09/2016 00:00:00,1
 12/09/2016 00:00:00,1
 13/09/2016 00:00:00,157
 14/09/2016 00:00:00,157
 15/09/2016 00:00:00,174
 16/09/2016 00:00:00,195
 17/09/2016 00:00:00,156
 18/09/2016 00:00:00,105
 19/09/2016 00:00:00,114
 20/09/2016 00:00:00,317
 21/09/2016 00:00:00,320
 22/09/2016 00:00:00,212
 23/09/2016 00:00:00,229
 24/09/2016 00:00:00,193
 25/09/2016 00:00:00,162
 26/09/2016 00:00:00,439
 27/09/2016 00:00:00,417
 28/09/2016 00:00:00,355
 29/09/2016 00:00:00,349
 30/09/2016 00:00:00,340
 01/10/2016 00:00:00,295
 02/10/2016 00:00:00,280
 03/10/2016 00:00:00,291
 04/10/2016 00:00:00,400
 05/10/2016 00:00:00,432
 06/10/2016 00:00:00,467
 07/10/2016 00:00:00,450
 08/10/2016 00:00:00,415
 09/10/2016 00:00:00,386
 10/10/2016 00:00:00,361
 11/10/2016 00:00:00,496
 12/10/2016 00:00:00,529
 13/10/2016 00:00:00,527
 14/10/2016 00:00:00,539
 15/10/2016 00:00:00,487
 16/10/2016 00:00:00,443
 17/10/2016 00:00:00,437
 18/10/2016 00:00:00,321
 19/10/2016 00:00:00,183
 20/10/2016 00:00:00,130
 21/10/2016 00:00:00,127
 22/10/2016 00:00:00,60
 23/10/2016 00:00:00,12
 24/10/2016 00:00:00,3
 25/10/2016 00:00:00,142
 26/10/2016 00:00:00,164
 27/10/2016 00:00:00,185
 28/10/2016 00:00:00,132
 29/10/2016 00:00:00,52
 30/10/2016 00:00:00,2
 31/10/2016 00:00:00,3
 01/11/2016 00:00:00,1
 02/11/2016 00:00:00,34
 03/11/2016 00:00:00,44
 04/11/2016 00:00:00,55
 05/11/2016 00:00:00,46
 06/11/2016 00:00:00,46
 07/11/2016 00:00:00,4
 08/11/2016 00:00:00,152
 09/11/2016 00:00:00,148
 10/11/2016 00:00:00,169
 11/11/2016 00:00:00,139
 12/11/2016 00:00:00,113
 13/11/2016 00:00:00,28
 14/11/2016 00:00:00,7
 15/11/2016 00:00:00,158
 16/11/2016 00:00:00,157
 17/11/2016 00:00:00,169
 18/11/2016 00:00:00,144
 19/11/2016 00:00:00,141
 20/11/2016 00:00:00,14
 21/11/2016 00:00:00,6
 22/11/2016 00:00:00,139
 23/11/2016 00:00:00,149
 24/11/2016 00:00:00,174
 25/11/2016 00:00:00,173
 26/11/2016 00:00:00,87
 27/11/2016 00:00:00,81
 28/11/2016 00:00:00,11
 29/11/2016 00:00:00,148
 30/11/2016 00:00:00,140
 01/12/2016 00:00:00,109
 02/12/2016 00:00:00,175
 03/12/2016 00:00:00,61
 04/12/2016 00:00:00,7
 05/12/2016 00:00:00,31
 06/12/2016 00:00:00,154
 07/12/2016 00:00:00,161
 08/12/2016 00:00:00,226
 09/12/2016 00:00:00,105
 10/12/2016 00:00:00,49
 11/12/2016 00:00:00,17
 12/12/2016 00:00:00,12
 13/12/2016 00:00:00,110
 14/12/2016 00:00:00,82
 15/12/2016 00:00:00,77
 16/12/2016 00:00:00,41
 17/12/2016 00:00:00,20
 18/12/2016 00:00:00,2
 19/12/2016 00:00:00,0
 20/12/2016 00:00:00,6
 21/12/2016 00:00:00,4
 22/12/2016 00:00:00,34
 23/12/2016 00:00:00,6
 24/12/2016 00:00:00,6
 25/12/2016 00:00:00,2
 26/12/2016 00:00:00,1
 27/12/2016 00:00:00,1
 28/12/2016 00:00:00,2
 29/12/2016 00:00:00,0
 30/12/2016 00:00:00,2
 31/12/2016 00:00:00,0
 01/01/2017 00:00:00,2
 02/01/2017 00:00:00,0
 03/01/2017 00:00:00,2
 04/01/2017 00:00:00,8
 05/01/2017 00:00:00,12
 06/01/2017 00:00:00,52
 07/01/2017 00:00:00,54
 08/01/2017 00:00:00,33
 09/01/2017 00:00:00,8
 10/01/2017 00:00:00,46
 11/01/2017 00:00:00,28
 12/01/2017 00:00:00,33
 13/01/2017 00:00:00,29
 14/01/2017 00:00:00,24
 15/01/2017 00:00:00,47
 16/01/2017 00:00:00,2
 17/01/2017 00:00:00,137
 18/01/2017 00:00:00,105
 19/01/2017 00:00:00,113
 20/01/2017 00:00:00,106
 21/01/2017 00:00:00,74
 22/01/2017 00:00:00,92
 23/01/2017 00:00:00,20
 24/01/2017 00:00:00,137
 25/01/2017 00:00:00,136
 26/01/2017 00:00:00,141
 27/01/2017 00:00:00,130
 28/01/2017 00:00:00,67
 29/01/2017 00:00:00,4
 30/01/2017 00:00:00,4
 31/01/2017 00:00:00,138
 01/02/2017 00:00:00,139
 02/02/2017 00:00:00,129
 03/02/2017 00:00:00,119
 04/02/2017 00:00:00,41
 05/02/2017 00:00:00,24
 06/02/2017 00:00:00,1
 07/02/2017 00:00:00,147
 08/02/2017 00:00:00,131
 09/02/2017 00:00:00,153
 10/02/2017 00:00:00,117
 11/02/2017 00:00:00,59
 12/02/2017 00:00:00,7
 13/02/2017 00:00:00,8
 14/02/2017 00:00:00,76
 15/02/2017 00:00:00,102
 16/02/2017 00:00:00,51
 17/02/2017 00:00:00,52
 18/02/2017 00:00:00,83
 19/02/2017 00:00:00,33
 20/02/2017 00:00:00,9
 21/02/2017 00:00:00,163
 22/02/2017 00:00:00,136
 23/02/2017 00:00:00,133
 24/02/2017 00:00:00,120
 25/02/2017 00:00:00,79
 26/02/2017 00:00:00,7
 27/02/2017 00:00:00,6
 28/02/2017 00:00:00,151
 01/03/2017 00:00:00,154
 02/03/2017 00:00:00,149
 03/03/2017 00:00:00,164
 04/03/2017 00:00:00,104
 05/03/2017 00:00:00,32
 06/03/2017 00:00:00,12
 07/03/2017 00:00:00,172
 08/03/2017 00:00:00,178
 09/03/2017 00:00:00,226
 10/03/2017 00:00:00,159
 11/03/2017 00:00:00,167
 12/03/2017 00:00:00,49
 13/03/2017 00:00:00,20
 14/03/2017 00:00:00,174
 15/03/2017 00:00:00,183
 16/03/2017 00:00:00,218
 17/03/2017 00:00:00,312
 18/03/2017 00:00:00,11
 19/03/2017 00:00:00,18
 20/03/2017 00:00:00,12
 21/03/2017 00:00:00,173
 22/03/2017 00:00:00,172
 23/03/2017 00:00:00,162
 24/03/2017 00:00:00,174
 25/03/2017 00:00:00,134
 26/03/2017 00:00:00,63
 27/03/2017 00:00:00,33
 28/03/2017 00:00:00,172
 29/03/2017 00:00:00,167
 30/03/2017 00:00:00,139
 31/03/2017 00:00:00,141
 01/04/2017 00:00:00,78
 02/04/2017 00:00:00,61
 03/04/2017 00:00:00,26
 04/04/2017 00:00:00,175
 05/04/2017 00:00:00,150
 06/04/2017 00:00:00,151
 07/04/2017 00:00:00,147
 08/04/2017 00:00:00,74
 09/04/2017 00:00:00,45
 10/04/2017 00:00:00,29
 11/04/2017 00:00:00,70
 12/04/2017 00:00:00,77
 13/04/2017 00:00:00,81
 14/04/2017 00:00:00,83
 15/04/2017 00:00:00,20
 16/04/2017 00:00:00,19
 17/04/2017 00:00:00,22
 18/04/2017 00:00:00,18
 19/04/2017 00:00:00,69
 20/04/2017 00:00:00,93
 21/04/2017 00:00:00,92
 22/04/2017 00:00:00,88
 23/04/2017 00:00:00,44
 24/04/2017 00:00:00,26
 25/04/2017 00:00:00,170
 26/04/2017 00:00:00,184
 27/04/2017 00:00:00,146
 28/04/2017 00:00:00,164
 29/04/2017 00:00:00,104
 30/04/2017 00:00:00,66
 01/05/2017 00:00:00,35
 02/05/2017 00:00:00,36
 03/05/2017 00:00:00,179
 04/05/2017 00:00:00,200
 05/05/2017 00:00:00,184
 06/05/2017 00:00:00,154
 07/05/2017 00:00:00,193
 08/05/2017 00:00:00,190
 09/05/2017 00:00:00,208
 10/05/2017 00:00:00,153
 11/05/2017 00:00:00,162
 12/05/2017 00:00:00,152
 13/05/2017 00:00:00,144
 14/05/2017 00:00:00,107
 15/05/2017 00:00:00,101
 16/05/2017 00:00:00,180
 17/05/2017 00:00:00,120
 18/05/2017 00:00:00,118
 19/05/2017 00:00:00,123
 20/05/2017 00:00:00,123
 21/05/2017 00:00:00,78
 22/05/2017 00:00:00,69
 23/05/2017 00:00:00,131
 24/05/2017 00:00:00,117
 25/05/2017 00:00:00,122
 26/05/2017 00:00:00,167
 27/05/2017 00:00:00,114
 28/05/2017 00:00:00,76
 29/05/2017 00:00:00,69
 30/05/2017 00:00:00,138
 31/05/2017 00:00:00,114
 01/06/2017 00:00:00,140
 02/06/2017 00:00:00,129
 03/06/2017 00:00:00,141
 04/06/2017 00:00:00,89
 05/06/2017 00:00:00,107
 06/06/2017 00:00:00,98
 07/06/2017 00:00:00,121
 08/06/2017 00:00:00,121
 09/06/2017 00:00:00,115
 10/06/2017 00:00:00,114
 11/06/2017 00:00:00,91
 12/06/2017 00:00:00,92
 13/06/2017 00:00:00,104
 14/06/2017 00:00:00,108
 15/06/2017 00:00:00,109
 16/06/2017 00:00:00,116
 17/06/2017 00:00:00,122
 18/06/2017 00:00:00,104
 19/06/2017 00:00:00,104
 20/06/2017 00:00:00,108
 21/06/2017 00:00:00,117
 22/06/2017 00:00:00,116
 23/06/2017 00:00:00,117
 24/06/2017 00:00:00,123
 25/06/2017 00:00:00,111
 26/06/2017 00:00:00,110
 27/06/2017 00:00:00,131
 28/06/2017 00:00:00,139
 29/06/2017 00:00:00,138
 30/06/2017 00:00:00,126
 01/07/2017 00:00:00,131
 02/07/2017 00:00:00,120
 03/07/2017 00:00:00,117
 04/07/2017 00:00:00,144
 05/07/2017 00:00:00,152
 06/07/2017 00:00:00,153
 07/07/2017 00:00:00,152
 08/07/2017 00:00:00,158
 09/07/2017 00:00:00,140
 10/07/2017 00:00:00,136
 11/07/2017 00:00:00,156
 12/07/2017 00:00:00,153
 13/07/2017 00:00:00,136
 14/07/2017 00:00:00,152
 15/07/2017 00:00:00,150
 16/07/2017 00:00:00,148
 17/07/2017 00:00:00,136
 18/07/2017 00:00:00,150
 19/07/2017 00:00:00,175
 20/07/2017 00:00:00,152
 21/07/2017 00:00:00,169
 22/07/2017 00:00:00,173
 23/07/2017 00:00:00,152
 24/07/2017 00:00:00,150
 25/07/2017 00:00:00,161
 26/07/2017 00:00:00,176
 27/07/2017 00:00:00,185
 28/07/2017 00:00:00,192
 29/07/2017 00:00:00,176
 30/07/2017 00:00:00,149
 31/07/2017 00:00:00,152
 01/08/2017 00:00:00,249
 02/08/2017 00:00:00,262
 03/08/2017 00:00:00,201
 04/08/2017 00:00:00,234
 05/08/2017 00:00:00,226
 06/08/2017 00:00:00,185
 07/08/2017 00:00:00,182
 08/08/2017 00:00:00,185
 09/08/2017 00:00:00,198
 10/08/2017 00:00:00,197
 11/08/2017 00:00:00,197
 12/08/2017 00:00:00,181
 13/08/2017 00:00:00,177
 14/08/2017 00:00:00,170
 15/08/2017 00:00:00,174
 16/08/2017 00:00:00,186
 17/08/2017 00:00:00,183
 18/08/2017 00:00:00,214
 19/08/2017 00:00:00,269
 20/08/2017 00:00:00,300
 21/08/2017 00:00:00,283
 22/08/2017 00:00:00,266
 23/08/2017 00:00:00,247
 24/08/2017 00:00:00,274
 25/08/2017 00:00:00,469
 26/08/2017 00:00:00,432
 27/08/2017 00:00:00,264
 28/08/2017 00:00:00,262
 29/08/2017 00:00:00,191
 30/08/2017 00:00:00,39
 31/08/2017 00:00:00,84
 01/09/2017 00:00:00,78
 02/09/2017 00:00:00,75
 03/09/2017 00:00:00,82
 04/09/2017 00:00:00,25
 05/09/2017 00:00:00,129
 06/09/2017 00:00:00,130
 07/09/2017 00:00:00,144
 08/09/2017 00:00:00,131
 09/09/2017 00:00:00,73
 10/09/2017 00:00:00,161
 11/09/2017 00:00:00,318
 12/09/2017 00:00:00,296
 13/09/2017 00:00:00,220
 14/09/2017 00:00:00,214
 15/09/2017 00:00:00,178
 16/09/2017 00:00:00,88
 17/09/2017 00:00:00,52
 18/09/2017 00:00:00,48
 19/09/2017 00:00:00,194
 20/09/2017 00:00:00,186
 21/09/2017 00:00:00,201
 22/09/2017 00:00:00,197
 23/09/2017 00:00:00,86
 24/09/2017 00:00:00,42
 25/09/2017 00:00:00,30
 26/09/2017 00:00:00,229
 27/09/2017 00:00:00,248
 28/09/2017 00:00:00,204
 29/09/2017 00:00:00,193
 30/09/2017 00:00:00,153
 01/10/2017 00:00:00,135
 02/10/2017 00:00:00,54
 03/10/2017 00:00:00,236
 04/10/2017 00:00:00,201
 05/10/2017 00:00:00,170
 06/10/2017 00:00:00,205
 07/10/2017 00:00:00,131
 08/10/2017 00:00:00,91
 09/10/2017 00:00:00,48
 10/10/2017 00:00:00,196
 11/10/2017 00:00:00,186
 12/10/2017 00:00:00,198
 13/10/2017 00:00:00,202
 14/10/2017 00:00:00,108
 15/10/2017 00:00:00,78
 16/10/2017 00:00:00,69
 16/10/2017 14:53:02,0
 17/10/2017 00:00:00,44
 18/10/2017 00:00:00,144
 19/10/2017 00:00:00,214
 20/10/2017 00:00:00,179
 21/10/2017 00:00:00,66
 22/10/2017 00:00:00,9
 23/10/2017 00:00:00,9
 24/10/2017 00:00:00,175
 25/10/2017 00:00:00,222
 26/10/2017 00:00:00,180
 27/10/2017 00:00:00,160
 28/10/2017 00:00:00,84
 29/10/2017 00:00:00,40
 30/10/2017 00:00:00,43
 31/10/2017 00:00:00,29
 01/11/2017 00:00:00,122
 02/11/2017 00:00:00,92
 03/11/2017 00:00:00,120
 04/11/2017 00:00:00,70
 05/11/2017 00:00:00,50
 06/11/2017 00:00:00,29
 07/11/2017 00:00:00,232
 08/11/2017 00:00:00,218
 09/11/2017 00:00:00,170
 10/11/2017 00:00:00,177
 11/11/2017 00:00:00,105
 12/11/2017 00:00:00,36
 13/11/2017 00:00:00,9
 14/11/2017 00:00:00,183
 15/11/2017 00:00:00,165
 16/11/2017 00:00:00,176
 17/11/2017 00:00:00,194
 18/11/2017 00:00:00,216
 19/11/2017 00:00:00,92
 20/11/2017 00:00:00,94
 21/11/2017 00:00:00,244
 22/11/2017 00:00:00,209
 23/11/2017 00:00:00,184
 24/11/2017 00:00:00,156
 25/11/2017 00:00:00,79
 26/11/2017 00:00:00,75
 27/11/2017 00:00:00,2
 28/11/2017 00:00:00,185
 29/11/2017 00:00:00,185
 30/11/2017 00:00:00,150
 01/12/2017 00:00:00,172
 02/12/2017 00:00:00,187
 03/12/2017 00:00:00,283
 04/12/2017 00:00:00,15
 05/12/2017 00:00:00,215
 06/12/2017 00:00:00,198
 07/12/2017 00:00:00,173
 08/12/2017 00:00:00,156
 09/12/2017 00:00:00,122
 10/12/2017 00:00:00,38
 11/12/2017 00:00:00,23
 12/12/2017 00:00:00,131
 13/12/2017 00:00:00,154
 14/12/2017 00:00:00,112
 15/12/2017 00:00:00,144
 16/12/2017 00:00:00,88
 17/12/2017 00:00:00,29
 18/12/2017 00:00:00,42
 19/12/2017 00:00:00,57
 20/12/2017 00:00:00,62
 21/12/2017 00:00:00,57
 22/12/2017 00:00:00,48
 23/12/2017 00:00:00,57
 24/12/2017 00:00:00,51
 25/12/2017 00:00:00,48
 26/12/2017 00:00:00,50
 27/12/2017 00:00:00,55
 28/12/2017 00:00:00,51
 29/12/2017 00:00:00,39
 30/12/2017 00:00:00,26
 31/12/2017 00:00:00,23
 01/01/2018 00:00:00,21
 02/01/2018 00:00:00,22
 03/01/2018 00:00:00,43
 04/01/2018 00:00:00,74
 05/01/2018 00:00:00,77
 06/01/2018 00:00:00,47
 07/01/2018 00:00:00,32
 08/01/2018 00:00:00,16
 09/01/2018 00:00:00,50
 10/01/2018 00:00:00,32
 11/01/2018 00:00:00,0
 12/01/2018 00:00:00,0
 13/01/2018 00:00:00,0
 14/01/2018 00:00:00,0
 15/01/2018 00:00:00,0
 16/01/2018 00:00:00,0
 16/01/2018 14:52:54,0
 16/01/2018 14:59:00,0
 17/01/2018 00:00:00,0
 18/01/2018 00:00:00,0
 19/01/2018 00:00:00,0
 20/01/2018 00:00:00,0
 21/01/2018 00:00:00,0
 22/01/2018 00:00:00,0
 23/01/2018 00:00:00,0
 24/01/2018 00:00:00,0
 25/01/2018 00:00:00,0
 26/01/2018 00:00:00,0
 27/01/2018 00:00:00,0
 28/01/2018 00:00:00,0
 29/01/2018 00:00:00,0
 30/01/2018 00:00:00,0
 31/01/2018 00:00:00,0
 01/02/2018 00:00:00,0
 02/02/2018 00:00:00,219
 03/02/2018 00:00:00,128
 04/02/2018 00:00:00,78
 05/02/2018 00:00:00,86
 06/02/2018 00:00:00,207
 07/02/2018 00:00:00,225
 08/02/2018 00:00:00,191
 09/02/2018 00:00:00,158
 10/02/2018 00:00:00,91
 11/02/2018 00:00:00,128
 12/02/2018 00:00:00,86
 13/02/2018 00:00:00,117
 14/02/2018 00:00:00,83
 15/02/2018 00:00:00,91
 16/02/2018 00:00:00,64
 17/02/2018 00:00:00,61
 18/02/2018 00:00:00,13
 19/02/2018 00:00:00,8
 20/02/2018 00:00:00,153
 21/02/2018 00:00:00,210
 22/02/2018 00:00:00,193
 23/02/2018 00:00:00,180
 24/02/2018 00:00:00,88
 25/02/2018 00:00:00,350
 26/02/2018 00:00:00,492
 27/02/2018 00:00:00,461
 28/02/2018 00:00:00,282
 01/03/2018 00:00:00,240
 02/03/2018 00:00:00,58
 03/03/2018 00:00:00,48
 04/03/2018 00:00:00,50
 05/03/2018 00:00:00,54
 06/03/2018 00:00:00,198
 07/03/2018 00:00:00,196
 08/03/2018 00:00:00,209
 09/03/2018 00:00:00,202
 10/03/2018 00:00:00,197
 11/03/2018 00:00:00,92
 12/03/2018 00:00:00,86
 13/03/2018 00:00:00,225
 14/03/2018 00:00:00,243
 15/03/2018 00:00:00,210
 16/03/2018 00:00:00,214
 17/03/2018 00:00:00,174
 18/03/2018 00:00:00,84
 19/03/2018 00:00:00,67
 20/03/2018 00:00:00,85
 21/03/2018 00:00:00,219
 22/03/2018 00:00:00,226
 23/03/2018 00:00:00,267
 24/03/2018 00:00:00,133
 25/03/2018 00:00:00,68
 26/03/2018 00:00:00,66
 27/03/2018 00:00:00,152
 28/03/2018 00:00:00,158
 29/03/2018 00:00:00,104
 30/03/2018 00:00:00,97
 31/03/2018 00:00:00,39
 01/04/2018 00:00:00,40
 02/04/2018 00:00:00,35
 03/04/2018 00:00:00,32
 04/04/2018 00:00:00,124
 05/04/2018 00:00:00,114
 06/04/2018 00:00:00,154
 06/04/2018 06:18:33,0
 07/04/2018 00:00:00,118
 08/04/2018 00:00:00,76
 09/04/2018 00:00:00,61
 10/04/2018 00:00:00,233
 11/04/2018 00:00:00,450
 12/04/2018 00:00:00,375
 13/04/2018 00:00:00,394
 14/04/2018 00:00:00,299
 15/04/2018 00:00:00,264
 16/04/2018 00:00:00,252
 17/04/2018 00:00:00,370
 18/04/2018 00:00:00,376
 19/04/2018 00:00:00,376
 20/04/2018 00:00:00,331
 21/04/2018 00:00:00,298
 22/04/2018 00:00:00,317
 23/04/2018 00:00:00,216
 24/04/2018 00:00:00,336
 25/04/2018 00:00:00,342
 26/04/2018 00:00:00,350
 27/04/2018 00:00:00,323
 28/04/2018 00:00:00,315
 29/04/2018 00:00:00,289
 30/04/2018 00:00:00,229
 01/05/2018 00:00:00,338
 02/05/2018 00:00:00,348
 03/05/2018 00:00:00,348
 04/05/2018 00:00:00,413
 05/05/2018 00:00:00,335
 06/05/2018 00:00:00,231
 07/05/2018 00:00:00,216
 08/05/2018 00:00:00,208
 09/05/2018 00:00:00,324
 10/05/2018 00:00:00,320
 11/05/2018 00:00:00,331
 12/05/2018 00:00:00,253
 13/05/2018 00:00:00,216
 14/05/2018 00:00:00,206
 15/05/2018 00:00:00,253
 16/05/2018 00:00:00,253
 17/05/2018 00:00:00,254
 18/05/2018 00:00:00,263
 19/05/2018 00:00:00,254
 20/05/2018 00:00:00,212
 21/05/2018 00:00:00,209
 22/05/2018 00:00:00,237
 23/05/2018 00:00:00,260
 24/05/2018 00:00:00,236
 25/05/2018 00:00:00,236
 26/05/2018 00:00:00,227
 27/05/2018 00:00:00,206
 28/05/2018 00:00:00,196
 29/05/2018 00:00:00,281
 30/05/2018 00:00:00,268
 31/05/2018 00:00:00,349
 01/06/2018 00:00:00,308
 02/06/2018 00:00:00,231
 03/06/2018 00:00:00,205
 04/06/2018 00:00:00,194
 05/06/2018 00:00:00,202
 06/06/2018 00:00:00,272
 07/06/2018 00:00:00,331
 08/06/2018 00:00:00,271
 09/06/2018 00:00:00,292
 10/06/2018 00:00:00,355
 11/06/2018 00:00:00,212
 12/06/2018 00:00:00,280
 13/06/2018 00:00:00,307
 14/06/2018 00:00:00,283
 15/06/2018 00:00:00,226
 16/06/2018 00:00:00,215
 17/06/2018 00:00:00,190
 18/06/2018 00:00:00,191
 19/06/2018 00:00:00,211
 20/06/2018 00:00:00,220
 21/06/2018 00:00:00,216
 22/06/2018 00:00:00,212
 23/06/2018 00:00:00,210
 24/06/2018 00:00:00,184
 25/06/2018 00:00:00,182
 26/06/2018 00:00:00,196
 27/06/2018 00:00:00,203
 28/06/2018 00:00:00,202
 29/06/2018 00:00:00,207
 30/06/2018 00:00:00,266
 01/07/2018 00:00:00,361
 02/07/2018 00:00:00,296
 03/07/2018 00:00:00,284
 04/07/2018 00:00:00,277
 05/07/2018 00:00:00,262
 06/07/2018 00:00:00,246
 07/07/2018 00:00:00,251
 08/07/2018 00:00:00,289
 09/07/2018 00:00:00,259
 10/07/2018 00:00:00,255
 11/07/2018 00:00:00,224
 12/07/2018 00:00:00,202
 13/07/2018 00:00:00,208
 14/07/2018 00:00:00,205
 15/07/2018 00:00:00,187
 16/07/2018 00:00:00,176
 17/07/2018 00:00:00,190
 18/07/2018 00:00:00,188
 19/07/2018 00:00:00,198
 20/07/2018 00:00:00,186
 21/07/2018 00:00:00,179
 22/07/2018 00:00:00,171
 23/07/2018 00:00:00,174
 24/07/2018 00:00:00,194
 25/07/2018 00:00:00,190
 26/07/2018 00:00:00,237
 27/07/2018 00:00:00,235
 28/07/2018 00:00:00,369
 29/07/2018 00:00:00,531
 30/07/2018 00:00:00,540
 31/07/2018 00:00:00,554
 01/08/2018 00:00:00,548
 02/08/2018 00:00:00,547
 03/08/2018 00:00:00,442
 04/08/2018 00:00:00,204
 05/08/2018 00:00:00,195
 06/08/2018 00:00:00,193
 07/08/2018 00:00:00,185
 08/08/2018 00:00:00,197
 09/08/2018 00:00:00,194
 10/08/2018 00:00:00,198
 11/08/2018 00:00:00,209
 12/08/2018 00:00:00,204
 13/08/2018 00:00:00,196
 14/08/2018 00:00:00,199
 15/08/2018 00:00:00,259
 16/08/2018 00:00:00,211
 17/08/2018 00:00:00,206
 18/08/2018 00:00:00,212
 19/08/2018 00:00:00,205
 20/08/2018 00:00:00,193
 21/08/2018 00:00:00,207
 22/08/2018 00:00:00,212
 23/08/2018 00:00:00,203
 24/08/2018 00:00:00,220
 25/08/2018 00:00:00,233
 26/08/2018 00:00:00,196
 27/08/2018 00:00:00,192
 28/08/2018 00:00:00,175
 29/08/2018 00:00:00,35
 30/08/2018 00:00:00,175
 31/08/2018 00:00:00,249
 01/09/2018 00:00:00,215
 02/09/2018 00:00:00,456
 03/09/2018 00:00:00,199
 04/09/2018 00:00:00,108
 05/09/2018 00:00:00,60
 06/09/2018 00:00:00,81
 07/09/2018 00:00:00,65
 08/09/2018 00:00:00,44
 09/09/2018 00:00:00,96
 10/09/2018 00:00:00,41
 11/09/2018 00:00:00,301
 12/09/2018 00:00:00,148
 13/09/2018 00:00:00,154
 14/09/2018 00:00:00,143
 15/09/2018 00:00:00,118
 16/09/2018 00:00:00,3
 17/09/2018 00:00:00,0
 18/09/2018 00:00:00,196
 19/09/2018 00:00:00,134
 19/09/2018 11:48:01,0
 20/09/2018 00:00:00,7
 21/09/2018 00:00:00,150
 22/09/2018 00:00:00,71
 23/09/2018 00:00:00,8
 24/09/2018 00:00:00,4
 25/09/2018 00:00:00,222
 26/09/2018 00:00:00,202
 27/09/2018 00:00:00,155
 28/09/2018 00:00:00,168
 29/09/2018 00:00:00,172
 30/09/2018 00:00:00,395
 01/10/2018 00:00:00,311
 02/10/2018 00:00:00,257
 03/10/2018 00:00:00,186
 04/10/2018 00:00:00,189
 05/10/2018 00:00:00,193
 06/10/2018 00:00:00,92
 07/10/2018 00:00:00,60
 08/10/2018 00:00:00,39
 09/10/2018 00:00:00,233
 10/10/2018 00:00:00,211
 11/10/2018 00:00:00,192
 12/10/2018 00:00:00,193
 13/10/2018 00:00:00,124
 14/10/2018 00:00:00,99
 15/10/2018 00:00:00,64
 16/10/2018 00:00:00,203
 17/10/2018 00:00:00,199
 18/10/2018 00:00:00,182
 19/10/2018 00:00:00,199
 20/10/2018 00:00:00,71
 21/10/2018 00:00:00,11
 22/10/2018 00:00:00,30
 23/10/2018 00:00:00,176
 24/10/2018 00:00:00,196
 25/10/2018 00:00:00,162
 26/10/2018 00:00:00,187
 27/10/2018 00:00:00,193
 28/10/2018 00:00:00,475
 29/10/2018 00:00:00,214
 30/10/2018 00:00:00,209
 31/10/2018 00:00:00,188
 01/11/2018 00:00:00,108
 02/11/2018 00:00:00,222
 03/11/2018 00:00:00,358
 04/11/2018 00:00:00,710
 05/11/2018 00:00:00,440
 06/11/2018 00:00:00,554
 07/11/2018 00:00:00,514
 08/11/2018 00:00:00,358
 09/11/2018 00:00:00,355
 10/11/2018 00:00:00,283
 11/11/2018 00:00:00,250
 12/11/2018 00:00:00,245
 13/11/2018 00:00:00,373
 14/11/2018 00:00:00,386
 15/11/2018 00:00:00,361
 16/11/2018 00:00:00,367
 17/11/2018 00:00:00,360
 18/11/2018 00:00:00,234
 19/11/2018 00:00:00,233
 20/11/2018 00:00:00,388
 21/11/2018 00:00:00,387
 22/11/2018 00:00:00,385
 23/11/2018 00:00:00,374
 24/11/2018 00:00:00,293
 25/11/2018 00:00:00,228
 26/11/2018 00:00:00,51
 27/11/2018 00:00:00,204
 28/11/2018 00:00:00,401
 29/11/2018 00:00:00,352
 30/11/2018 00:00:00,352
 01/12/2018 00:00:00,379
 02/12/2018 00:00:00,663
 03/12/2018 00:00:00,382
 04/12/2018 00:00:00,446
 05/12/2018 00:00:00,380
 06/12/2018 00:00:00,347
 07/12/2018 00:00:00,372
 08/12/2018 00:00:00,315
 09/12/2018 00:00:00,241
 10/12/2018 00:00:00,234
 11/12/2018 00:00:00,374
 12/12/2018 00:00:00,341
 13/12/2018 00:00:00,311
 14/12/2018 00:00:00,312
 15/12/2018 00:00:00,291
 16/12/2018 00:00:00,289
 17/12/2018 00:00:00,238
 18/12/2018 00:00:00,313
 19/12/2018 00:00:00,318
 20/12/2018 00:00:00,246
 21/12/2018 00:00:00,246
 22/12/2018 00:00:00,232
 23/12/2018 00:00:00,230
 24/12/2018 00:00:00,237
 25/12/2018 00:00:00,222
 26/12/2018 00:00:00,215
 27/12/2018 00:00:00,199
 28/12/2018 00:00:00,197
 29/12/2018 00:00:00,193
 30/12/2018 00:00:00,188
 31/12/2018 00:00:00,188
 01/01/2019 00:00:00,192
 02/01/2019 00:00:00,192
 03/01/2019 00:00:00,203
 04/01/2019 00:00:00,226
 05/01/2019 00:00:00,211
 06/01/2019 00:00:00,212
 07/01/2019 00:00:00,209
 08/01/2019 00:00:00,329
 09/01/2019 00:00:00,439
 10/01/2019 00:00:00,388
 11/01/2019 00:00:00,280
 12/01/2019 00:00:00,323
 13/01/2019 00:00:00,382
 14/01/2019 00:00:00,221
 15/01/2019 00:00:00,360
 16/01/2019 00:00:00,456
 17/01/2019 00:00:00,323
 18/01/2019 00:00:00,427
 19/01/2019 00:00:00,394
 20/01/2019 00:00:00,239
 21/01/2019 00:00:00,225
 22/01/2019 00:00:00,384
 23/01/2019 00:00:00,356
 24/01/2019 00:00:00,357
 25/01/2019 00:00:00,382
 26/01/2019 00:00:00,311
 27/01/2019 00:00:00,271
 28/01/2019 00:00:00,266
 29/01/2019 00:00:00,375
 30/01/2019 00:00:00,392
 31/01/2019 00:00:00,414
 01/02/2019 00:00:00,539
 02/02/2019 00:00:00,486
 03/02/2019 00:00:00,673
 04/02/2019 00:00:00,433
 05/02/2019 00:00:00,477
 06/02/2019 00:00:00,399
 07/02/2019 00:00:00,394
 08/02/2019 00:00:00,396
 09/02/2019 00:00:00,290
 10/02/2019 00:00:00,470
 11/02/2019 00:00:00,261
 12/02/2019 00:00:00,317
 13/02/2019 00:00:00,235
 14/02/2019 00:00:00,247
 15/02/2019 00:00:00,278
 16/02/2019 00:00:00,119
 17/02/2019 00:00:00,54
 18/02/2019 00:00:00,54
 19/02/2019 00:00:00,121
 20/02/2019 00:00:00,163
 21/02/2019 00:00:00,211
 22/02/2019 00:00:00,199
 23/02/2019 00:00:00,337
 24/02/2019 00:00:00,617
 25/02/2019 00:00:00,280
 26/02/2019 00:00:00,340
 27/02/2019 00:00:00,228
 28/02/2019 00:00:00,201
 01/03/2019 00:00:00,180
 02/03/2019 00:00:00,147
 03/03/2019 00:00:00,49
 04/03/2019 00:00:00,23
 05/03/2019 00:00:00,166
 06/03/2019 00:00:00,182
 07/03/2019 00:00:00,270
 08/03/2019 00:00:00,297
 09/03/2019 00:00:00,188
 10/03/2019 00:00:00,373
 11/03/2019 00:00:00,29
 12/03/2019 00:00:00,201
 13/03/2019 00:00:00,210
 14/03/2019 00:00:00,194
 15/03/2019 00:00:00,170
 16/03/2019 00:00:00,145
 17/03/2019 00:00:00,307
 18/03/2019 00:00:00,149
 19/03/2019 00:00:00,128
 20/03/2019 00:00:00,239
 21/03/2019 00:00:00,179
 22/03/2019 00:00:00,180
 23/03/2019 00:00:00,86
 24/03/2019 00:00:00,11
 25/03/2019 00:00:00,11
 26/03/2019 00:00:00,179
 27/03/2019 00:00:00,170
 28/03/2019 00:00:00,178
 29/03/2019 00:00:00,246
 30/03/2019 00:00:00,105
 31/03/2019 00:00:00,43
 01/04/2019 00:00:00,18
 02/04/2019 00:00:00,174
 03/04/2019 00:00:00,229
 04/04/2019 00:00:00,167
 05/04/2019 00:00:00,162
 06/04/2019 00:00:00,179
 07/04/2019 00:00:00,474
 08/04/2019 00:00:00,204
 09/04/2019 00:00:00,235
 10/04/2019 00:00:00,161
 11/04/2019 00:00:00,142
 12/04/2019 00:00:00,137
 13/04/2019 00:00:00,143
 14/04/2019 00:00:00,370
 15/04/2019 00:00:00,159
 16/04/2019 00:00:00,136
 17/04/2019 00:00:00,72
 18/04/2019 00:00:00,62
 19/04/2019 00:00:00,75
 20/04/2019 00:00:00,1
 21/04/2019 00:00:00,0
 22/04/2019 00:00:00,1
 23/04/2019 00:00:00,2
 24/04/2019 00:00:00,73
 25/04/2019 00:00:00,55
 26/04/2019 00:00:00,48
 27/04/2019 00:00:00,49
 28/04/2019 00:00:00,97
 29/04/2019 00:00:00,170
 30/04/2019 00:00:00,203
 01/05/2019 00:00:00,139
 02/05/2019 00:00:00,138
 03/05/2019 00:00:00,169
 04/05/2019 00:00:00,94
 05/05/2019 00:00:00,9
 06/05/2019 00:00:00,2
 07/05/2019 00:00:00,0
 08/05/2019 00:00:00,137
 09/05/2019 00:00:00,119
 10/05/2019 00:00:00,118
 11/05/2019 00:00:00,227
 12/05/2019 00:00:00,335
 13/05/2019 00:00:00,4
 14/05/2019 00:00:00,107
 15/05/2019 00:00:00,76
 16/05/2019 00:00:00,82
 17/05/2019 00:00:00,75
 18/05/2019 00:00:00,54
 19/05/2019 00:00:00,1
 20/05/2019 00:00:00,0
 21/05/2019 00:00:00,64
 22/05/2019 00:00:00,75
 23/05/2019 00:00:00,83
 24/05/2019 00:00:00,126
 25/05/2019 00:00:00,94
 26/05/2019 00:00:00,223
 27/05/2019 00:00:00,96
 28/05/2019 00:00:00,114
 29/05/2019 00:00:00,48
 30/05/2019 00:00:00,90
 31/05/2019 00:00:00,118
 01/06/2019 00:00:00,112
 02/06/2019 00:00:00,364
 03/06/2019 00:00:00,149
 04/06/2019 00:00:00,154
 05/06/2019 00:00:00,102
 06/06/2019 00:00:00,42
 07/06/2019 00:00:00,121
 08/06/2019 00:00:00,101
 09/06/2019 00:00:00,46
 10/06/2019 00:00:00,7
 11/06/2019 00:00:00,121
 12/06/2019 00:00:00,109
 13/06/2019 00:00:00,54
 14/06/2019 00:00:00,75
 15/06/2019 00:00:00,68
 16/06/2019 00:00:00,2
 17/06/2019 00:00:00,0
 18/06/2019 00:00:00,130
 19/06/2019 00:00:00,239
 20/06/2019 00:00:00,266
 21/06/2019 00:00:00,247
 22/06/2019 00:00:00,134
 23/06/2019 00:00:00,3
 24/06/2019 00:00:00,4
 25/06/2019 00:00:00,31
 26/06/2019 00:00:00,202
 27/06/2019 00:00:00,362
 28/06/2019 00:00:00,285
 29/06/2019 00:00:00,239
 30/06/2019 00:00:00,281
 01/07/2019 00:00:00,236
 02/07/2019 00:00:00,275
 03/07/2019 00:00:00,309
 04/07/2019 00:00:00,321
 05/07/2019 00:00:00,423
 06/07/2019 00:00:00,317
 07/07/2019 00:00:00,392
 08/07/2019 00:00:00,272
 09/07/2019 00:00:00,273
 10/07/2019 00:00:00,282
 11/07/2019 00:00:00,278
 12/07/2019 00:00:00,276
 13/07/2019 00:00:00,256
 14/07/2019 00:00:00,272
 15/07/2019 00:00:00,231
 16/07/2019 00:00:00,262
 17/07/2019 00:00:00,266
 18/07/2019 00:00:00,258
 19/07/2019 00:00:00,251
 20/07/2019 00:00:00,232
 21/07/2019 00:00:00,232
 22/07/2019 00:00:00,218
 23/07/2019 00:00:00,225
 24/07/2019 00:00:00,310
 25/07/2019 00:00:00,366
 26/07/2019 00:00:00,295
 27/07/2019 00:00:00,223
 28/07/2019 00:00:00,207
 29/07/2019 00:00:00,208
 30/07/2019 00:00:00,211
 31/07/2019 00:00:00,228
 01/08/2019 00:00:00,307
 02/08/2019 00:00:00,232
 03/08/2019 00:00:00,41
 04/08/2019 00:00:00,16
 05/08/2019 00:00:00,10
 06/08/2019 00:00:00,8
 07/08/2019 00:00:00,132
 08/08/2019 00:00:00,117
 09/08/2019 00:00:00,195
 10/08/2019 00:00:00,216
 11/08/2019 00:00:00,422
 12/08/2019 00:00:00,186
 13/08/2019 00:00:00,194
 14/08/2019 00:00:00,641
 15/08/2019 00:00:00,289
 16/08/2019 00:00:00,273
 17/08/2019 00:00:00,244
 18/08/2019 00:00:00,487
 19/08/2019 00:00:00,201
 20/08/2019 00:00:00,204
 21/08/2019 00:00:00,242
 22/08/2019 00:00:00,274
 23/08/2019 00:00:00,445
 24/08/2019 00:00:00,427
 25/08/2019 00:00:00,535
 26/08/2019 00:00:00,255
 27/08/2019 00:00:00,452
 28/08/2019 00:00:00,442
 29/08/2019 00:00:00,618
 30/08/2019 00:00:00,341
 31/08/2019 00:00:00,88
 01/09/2019 00:00:00,76
 02/09/2019 00:00:00,53
 03/09/2019 00:00:00,165
 04/09/2019 00:00:00,246
 05/09/2019 00:00:00,103
 06/09/2019 00:00:00,103
 07/09/2019 00:00:00,151
 08/09/2019 00:00:00,255
 09/09/2019 00:00:00,226
 10/09/2019 00:00:00,248
 11/09/2019 00:00:00,160
 12/09/2019 00:00:00,243
 13/09/2019 00:00:00,282
 14/09/2019 00:00:00,92
 15/09/2019 00:00:00,25
 16/09/2019 00:00:00,13
 17/09/2019 00:00:00,176
 18/09/2019 00:00:00,162
 19/09/2019 00:00:00,150
 20/09/2019 00:00:00,139
 21/09/2019 00:00:00,160
 22/09/2019 00:00:00,243
 23/09/2019 00:00:00,187
 24/09/2019 00:00:00,328
 25/09/2019 00:00:00,358
 26/09/2019 00:00:00,365
 27/09/2019 00:00:00,345
 28/09/2019 00:00:00,272
 29/09/2019 00:00:00,247
 30/09/2019 00:00:00,246
 01/10/2019 00:00:00,371
 02/10/2019 00:00:00,368
 03/10/2019 00:00:00,380
 04/10/2019 00:00:00,369
 05/10/2019 00:00:00,291
 06/10/2019 00:00:00,256
 07/10/2019 00:00:00,258
 08/10/2019 00:00:00,373
 09/10/2019 00:00:00,382
 10/10/2019 00:00:00,413
 11/10/2019 00:00:00,356
 12/10/2019 00:00:00,306
 13/10/2019 00:00:00,278
 14/10/2019 00:00:00,267
 15/10/2019 00:00:00,410
 16/10/2019 00:00:00,392
 17/10/2019 00:00:00,365
 18/10/2019 00:00:00,335
 19/10/2019 00:00:00,298
 20/10/2019 00:00:00,244
 21/10/2019 00:00:00,235
 22/10/2019 00:00:00,343
 23/10/2019 00:00:00,381
 24/10/2019 00:00:00,350
 25/10/2019 00:00:00,334
 26/10/2019 00:00:00,282
 27/10/2019 00:00:00,252
 28/10/2019 00:00:00,241
 29/10/2019 00:00:00,242
 30/10/2019 00:00:00,300
 31/10/2019 00:00:00,288
 01/11/2019 00:00:00,278
 02/11/2019 00:00:00,258
 03/11/2019 00:00:00,238
 04/11/2019 00:00:00,227
 05/11/2019 00:00:00,365
 06/11/2019 00:00:00,368
 07/11/2019 00:00:00,365
 08/11/2019 00:00:00,367
 09/11/2019 00:00:00,329
 10/11/2019 00:00:00,315
 11/11/2019 00:00:00,241
 12/11/2019 00:00:00,383
 13/11/2019 00:00:00,382
 14/11/2019 00:00:00,419
 15/11/2019 00:00:00,403
 16/11/2019 00:00:00,387
 17/11/2019 00:00:00,284
 18/11/2019 00:00:00,243
 19/11/2019 00:00:00,367
 20/11/2019 00:00:00,404
 21/11/2019 00:00:00,429
 22/11/2019 00:00:00,354
 23/11/2019 00:00:00,358
 24/11/2019 00:00:00,334
 25/11/2019 00:00:00,250
 26/11/2019 00:00:00,403
 27/11/2019 00:00:00,446
 28/11/2019 00:00:00,374
 29/11/2019 00:00:00,405
 30/11/2019 00:00:00,357
 01/12/2019 00:00:00,364
 02/12/2019 00:00:00,391
 03/12/2019 00:00:00,423
 04/12/2019 00:00:00,363
 05/12/2019 00:00:00,386
 06/12/2019 00:00:00,390
 07/12/2019 00:00:00,314
 08/12/2019 00:00:00,265
 09/12/2019 00:00:00,259
 10/12/2019 00:00:00,359
 11/12/2019 00:00:00,367
 12/12/2019 00:00:00,424
 13/12/2019 00:00:00,436
 14/12/2019 00:00:00,430
 15/12/2019 00:00:00,394
 16/12/2019 00:00:00,389
 17/12/2019 00:00:00,415
 18/12/2019 00:00:00,424
 19/12/2019 00:00:00,418
 20/12/2019 00:00:00,417
 21/12/2019 00:00:00,426
 22/12/2019 00:00:00,419
 23/12/2019 00:00:00,413
 24/12/2019 00:00:00,412
 25/12/2019 00:00:00,415
 26/12/2019 00:00:00,425
 27/12/2019 00:00:00,415
 28/12/2019 00:00:00,418
 29/12/2019 00:00:00,421
 30/12/2019 00:00:00,415
 31/12/2019 00:00:00,416
 01/01/2020 00:00:00,409
 02/01/2020 00:00:00,425
 03/01/2020 00:00:00,426
 04/01/2020 00:00:00,416
 05/01/2020 00:00:00,388
 06/01/2020 00:00:00,387
 07/01/2020 00:00:00,436
 08/01/2020 00:00:00,420
 09/01/2020 00:00:00,439
 10/01/2020 00:00:00,428
 11/01/2020 00:00:00,401
 12/01/2020 00:00:00,346
 13/01/2020 00:00:00,342
 14/01/2020 00:00:00,443
 15/01/2020 00:00:00,456
 16/01/2020 00:00:00,449
 17/01/2020 00:00:00,437
 18/01/2020 00:00:00,387
 19/01/2020 00:00:00,360
 20/01/2020 00:00:00,341
 21/01/2020 00:00:00,453
 22/01/2020 00:00:00,479
 23/01/2020 00:00:00,521
 24/01/2020 00:00:00,511
 25/01/2020 00:00:00,457
 26/01/2020 00:00:00,415
 27/01/2020 00:00:00,404
 28/01/2020 00:00:00,355
 29/01/2020 00:00:00,166
 30/01/2020 00:00:00,154
 31/01/2020 00:00:00,125
 01/02/2020 00:00:00,90
 02/02/2020 00:00:00,59
 03/02/2020 00:00:00,314
 04/02/2020 00:00:00,392
 05/02/2020 00:00:00,96
 06/02/2020 00:00:00,161
 07/02/2020 00:00:00,124
 08/02/2020 00:00:00,54
 09/02/2020 00:00:00,0
 10/02/2020 00:00:00,0
 11/02/2020 00:00:00,131
 12/02/2020 00:00:00,139
 13/02/2020 00:00:00,134
 14/02/2020 00:00:00,126
 15/02/2020 00:00:00,56
 16/02/2020 00:00:00,12
 17/02/2020 00:00:00,8
 18/02/2020 00:00:00,77
 19/02/2020 00:00:00,56
 20/02/2020 00:00:00,65
 21/02/2020 00:00:00,55
 22/02/2020 00:00:00,69
 23/02/2020 00:00:00,1
 24/02/2020 00:00:00,1
 25/02/2020 00:00:00,140
 26/02/2020 00:00:00,162
 27/02/2020 00:00:00,145
 28/02/2020 00:00:00,116
 29/02/2020 00:00:00,57
 01/03/2020 00:00:00,94
 02/03/2020 00:00:00,230
 03/03/2020 00:00:00,309
 04/03/2020 00:00:00,292
 05/03/2020 00:00:00,347
 06/03/2020 00:00:00,410
 07/03/2020 00:00:00,631
 08/03/2020 00:00:00,235
 09/03/2020 00:00:00,196
 10/03/2020 00:00:00,304
 11/03/2020 00:00:00,308
 12/03/2020 00:00:00,364
 13/03/2020 00:00:00,476
 14/03/2020 00:00:00,391
 15/03/2020 00:00:00,366
 16/03/2020 00:00:00,360
 17/03/2020 00:00:00,367
 18/03/2020 00:00:00,351
 19/03/2020 00:00:00,359
 20/03/2020 00:00:00,370
 21/03/2020 00:00:00,270
 22/03/2020 00:00:00,210
 23/03/2020 00:00:00,207
 24/03/2020 00:00:00,219
 25/03/2020 00:00:00,240
 26/03/2020 00:00:00,251
 27/03/2020 00:00:00,200
 28/03/2020 00:00:00,230
 29/03/2020 00:00:00,242
 30/03/2020 00:00:00,238
 31/03/2020 00:00:00,250
 01/04/2020 00:00:00,249
 02/04/2020 00:00:00,257
 03/04/2020 00:00:00,245
 04/04/2020 00:00:00,238
 05/04/2020 00:00:00,222
 06/04/2020 00:00:00,205
 07/04/2020 00:00:00,199
 08/04/2020 00:00:00,188
 09/04/2020 00:00:00,185
 10/04/2020 00:00:00,185
 11/04/2020 00:00:00,198
 12/04/2020 00:00:00,179
 13/04/2020 00:00:00,180
 14/04/2020 00:00:00,173
 15/04/2020 00:00:00,174
 16/04/2020 00:00:00,177
 17/04/2020 00:00:00,171
 18/04/2020 00:00:00,171
 19/04/2020 00:00:00,180
 20/04/2020 00:00:00,184
 21/04/2020 00:00:00,183
 22/04/2020 00:00:00,177
 23/04/2020 00:00:00,182
 24/04/2020 00:00:00,169
 25/04/2020 00:00:00,182
 26/04/2020 00:00:00,169
 27/04/2020 00:00:00,173
 28/04/2020 00:00:00,181
 29/04/2020 00:00:00,186
 30/04/2020 00:00:00,186
 01/05/2020 00:00:00,170
 02/05/2020 00:00:00,170
 03/05/2020 00:00:00,174
 04/05/2020 00:00:00,166
 05/05/2020 00:00:00,166
 06/05/2020 00:00:00,171
 07/05/2020 00:00:00,166
 08/05/2020 00:00:00,174
 09/05/2020 00:00:00,176
 10/05/2020 00:00:00,160
 11/05/2020 00:00:00,160
 12/05/2020 00:00:00,165
 13/05/2020 00:00:00,164
 14/05/2020 00:00:00,157
 15/05/2020 00:00:00,172
 16/05/2020 00:00:00,173
 17/05/2020 00:00:00,166
 18/05/2020 00:00:00,161
 19/05/2020 00:00:00,163
 20/05/2020 00:00:00,157
 21/05/2020 00:00:00,173
 22/05/2020 00:00:00,165
 23/05/2020 00:00:00,184
 24/05/2020 00:00:00,172
 25/05/2020 00:00:00,163
 26/05/2020 00:00:00,164
 27/05/2020 00:00:00,168
 28/05/2020 00:00:00,171
 29/05/2020 00:00:00,162
 30/05/2020 00:00:00,144
 31/05/2020 00:00:00,149
 01/06/2020 00:00:00,148
 02/06/2020 00:00:00,143
 03/06/2020 00:00:00,142
 04/06/2020 00:00:00,149
 05/06/2020 00:00:00,153
 06/06/2020 00:00:00,152
 07/06/2020 00:00:00,150
 08/06/2020 00:00:00,142
 09/06/2020 00:00:00,160
 09/06/2020 08:06:34,0
 10/06/2020 00:00:00,281
 11/06/2020 00:00:00,402
 12/06/2020 00:00:00,316
 13/06/2020 00:00:00,240
 14/06/2020 00:00:00,244
 15/06/2020 00:00:00,236
 16/06/2020 00:00:00,246
 17/06/2020 00:00:00,253
 18/06/2020 00:00:00,256
 19/06/2020 00:00:00,249
 20/06/2020 00:00:00,222
 21/06/2020 00:00:00,173
 22/06/2020 00:00:00,166
 23/06/2020 00:00:00,173
 24/06/2020 00:00:00,166
 25/06/2020 00:00:00,158
 26/06/2020 00:00:00,162
 27/06/2020 00:00:00,148
 28/06/2020 00:00:00,153
 29/06/2020 00:00:00,156
 30/06/2020 00:00:00,158
 01/07/2020 00:00:00,144
 02/07/2020 00:00:00,149
 03/07/2020 00:00:00,146
 04/07/2020 00:00:00,149
 05/07/2020 00:00:00,144
 06/07/2020 00:00:00,170
 07/07/2020 00:00:00,228
 08/07/2020 00:00:00,145
 09/07/2020 00:00:00,131
 10/07/2020 00:00:00,131
 11/07/2020 00:00:00,131
 12/07/2020 00:00:00,124
 13/07/2020 00:00:00,125
 14/07/2020 00:00:00,182
 15/07/2020 00:00:00,173
 16/07/2020 00:00:00,121
 17/07/2020 00:00:00,127
 18/07/2020 00:00:00,126
 19/07/2020 00:00:00,113
 20/07/2020 00:00:00,113
 21/07/2020 00:00:00,119
 22/07/2020 00:00:00,123
 23/07/2020 00:00:00,121
 24/07/2020 00:00:00,121
 25/07/2020 00:00:00,119
 26/07/2020 00:00:00,126
 27/07/2020 00:00:00,119
 28/07/2020 00:00:00,117
 29/07/2020 00:00:00,135
 30/07/2020 00:00:00,146
 31/07/2020 00:00:00,147
 01/08/2020 00:00:00,162
 02/08/2020 00:00:00,163
 03/08/2020 00:00:00,167
 04/08/2020 00:00:00,172
 05/08/2020 00:00:00,171
 06/08/2020 00:00:00,159
 07/08/2020 00:00:00,217
 08/08/2020 00:00:00,239
 09/08/2020 00:00:00,1714
 10/08/2020 00:00:00,2044
 11/08/2020 00:00:00,941
 12/08/2020 00:00:00,135
 13/08/2020 00:00:00,124
 14/08/2020 00:00:00,117
 15/08/2020 00:00:00,133
 16/08/2020 00:00:00,116
 17/08/2020 00:00:00,121
 18/08/2020 00:00:00,123
 19/08/2020 00:00:00,130
 20/08/2020 00:00:00,133
 21/08/2020 00:00:00,124
 22/08/2020 00:00:00,121
 23/08/2020 00:00:00,116
 24/08/2020 00:00:00,118
 25/08/2020 00:00:00,121
 26/08/2020 00:00:00,138
 27/08/2020 00:00:00,152
 28/08/2020 00:00:00,351
 29/08/2020 00:00:00,183
 30/08/2020 00:00:00,145
 31/08/2020 00:00:00,144
 01/09/2020 00:00:00,142
 02/09/2020 00:00:00,257
 03/09/2020 00:00:00,465
 04/09/2020 00:00:00,218
 05/09/2020 00:00:00,213
 06/09/2020 00:00:00,203
 07/09/2020 00:00:00,195
 08/09/2020 00:00:00,220
 09/09/2020 00:00:00,223
 10/09/2020 00:00:00,223
 11/09/2020 00:00:00,213
 12/09/2020 00:00:00,217
 13/09/2020 00:00:00,185
 14/09/2020 00:00:00,183
 15/09/2020 00:00:00,285
 16/09/2020 00:00:00,274
 17/09/2020 00:00:00,349
 18/09/2020 00:00:00,320
 19/09/2020 00:00:00,254
 20/09/2020 00:00:00,238
 21/09/2020 00:00:00,236
 22/09/2020 00:00:00,307
 23/09/2020 00:00:00,388
 24/09/2020 00:00:00,373
 25/09/2020 00:00:00,261
 26/09/2020 00:00:00,188
 27/09/2020 00:00:00,142
 28/09/2020 00:00:00,148
 29/09/2020 00:00:00,201
 30/09/2020 00:00:00,210
 01/10/2020 00:00:00,242
 02/10/2020 00:00:00,304
 03/10/2020 00:00:00,264
 04/10/2020 00:00:00,233
 05/10/2020 00:00:00,201
 06/10/2020 00:00:00,327
 07/10/2020 00:00:00,209
 08/10/2020 00:00:00,197
 09/10/2020 00:00:00,199
 10/10/2020 00:00:00,213
 11/10/2020 00:00:00,159
 12/10/2020 00:00:00,153
 13/10/2020 00:00:00,234
 14/10/2020 00:00:00,246
 15/10/2020 00:00:00,251
 16/10/2020 00:00:00,223
 17/10/2020 00:00:00,254
 18/10/2020 00:00:00,187
 19/10/2020 00:00:00,183
 20/10/2020 00:00:00,253
 21/10/2020 00:00:00,236
 21/10/2020 08:38:16,0
 22/10/2020 00:00:00,230
 23/10/2020 00:00:00,223
 24/10/2020 00:00:00,239
 25/10/2020 00:00:00,183
 26/10/2020 00:00:00,181
 27/10/2020 00:00:00,176
 28/10/2020 00:00:00,236
 29/10/2020 00:00:00,209
 30/10/2020 00:00:00,191
 31/10/2020 00:00:00,213
 01/11/2020 00:00:00,177
 02/11/2020 00:00:00,165
 03/11/2020 00:00:00,240
 04/11/2020 00:00:00,244
 05/11/2020 00:00:00,233
 06/11/2020 00:00:00,229
 07/11/2020 00:00:00,238
 08/11/2020 00:00:00,186
 09/11/2020 00:00:00,185
 10/11/2020 00:00:00,266
 11/11/2020 00:00:00,254
 12/11/2020 00:00:00,277
 13/11/2020 00:00:00,257
 14/11/2020 00:00:00,262
 15/11/2020 00:00:00,215
 16/11/2020 00:00:00,215
 17/11/2020 00:00:00,288
 18/11/2020 00:00:00,270
 19/11/2020 00:00:00,303
 20/11/2020 00:00:00,260
 21/11/2020 00:00:00,274
 22/11/2020 00:00:00,224
 23/11/2020 00:00:00,212
 24/11/2020 00:00:00,291
 25/11/2020 00:00:00,285
 26/11/2020 00:00:00,270
 27/11/2020 00:00:00,251
 28/11/2020 00:00:00,258
 29/11/2020 00:00:00,211
 30/11/2020 00:00:00,202
 01/12/2020 00:00:00,297
 02/12/2020 00:00:00,267
 03/12/2020 00:00:00,279
 04/12/2020 00:00:00,279
 05/12/2020 00:00:00,284
 06/12/2020 00:00:00,219
 07/12/2020 00:00:00,213
 08/12/2020 00:00:00,289
 09/12/2020 00:00:00,268
 10/12/2020 00:00:00,256
 11/12/2020 00:00:00,253
 12/12/2020 00:00:00,251
 13/12/2020 00:00:00,217
 14/12/2020 00:00:00,212
 15/12/2020 00:00:00,252
 16/12/2020 00:00:00,243
 17/12/2020 00:00:00,240
 18/12/2020 00:00:00,229
 19/12/2020 00:00:00,247
 20/12/2020 00:00:00,225
 21/12/2020 00:00:00,219
 22/12/2020 00:00:00,221
 23/12/2020 00:00:00,209
 24/12/2020 00:00:00,222
 25/12/2020 00:00:00,228
 26/12/2020 00:00:00,225
 27/12/2020 00:00:00,223
 28/12/2020 00:00:00,223
 29/12/2020 00:00:00,222
 30/12/2020 00:00:00,217
 31/12/2020 00:00:00,216
 01/01/2021 00:00:00,211
 02/01/2021 00:00:00,227
 03/01/2021 00:00:00,214
 04/01/2021 00:00:00,213
 05/01/2021 00:00:00,210
 06/01/2021 00:00:00,213
 07/01/2021 00:00:00,212
 08/01/2021 00:00:00,212
 09/01/2021 00:00:00,204
 10/01/2021 00:00:00,188
 11/01/2021 00:00:00,192
 12/01/2021 00:00:00,211
 13/01/2021 00:00:00,209
 14/01/2021 00:00:00,203
 15/01/2021 00:00:00,202
 16/01/2021 00:00:00,201
 17/01/2021 00:00:00,183
 18/01/2021 00:00:00,185
 19/01/2021 00:00:00,203
 20/01/2021 00:00:00,201
 21/01/2021 00:00:00,195
 22/01/2021 00:00:00,196
 23/01/2021 00:00:00,197
 24/01/2021 00:00:00,196
 25/01/2021 00:00:00,196
 26/01/2021 00:00:00,209
 27/01/2021 00:00:00,207
 28/01/2021 00:00:00,193
 29/01/2021 00:00:00,216
 30/01/2021 00:00:00,195
 31/01/2021 00:00:00,179
 01/02/2021 00:00:00,175
 02/02/2021 00:00:00,179
 03/02/2021 00:00:00,169
 04/02/2021 00:00:00,179
 05/02/2021 00:00:00,197
 06/02/2021 00:00:00,179
 07/02/2021 00:00:00,175
 08/02/2021 00:00:00,174
 09/02/2021 00:00:00,193
 10/02/2021 00:00:00,189
 11/02/2021 00:00:00,180
 12/02/2021 00:00:00,198
 13/02/2021 00:00:00,205
 14/02/2021 00:00:00,172
 15/02/2021 00:00:00,167
 16/02/2021 00:00:00,168
 17/02/2021 00:00:00,175
 18/02/2021 00:00:00,192
 19/02/2021 00:00:00,161
 20/02/2021 00:00:00,104
 21/02/2021 00:00:00,48
 22/02/2021 00:00:00,38
 23/02/2021 00:00:00,54
 24/02/2021 00:00:00,124
 25/02/2021 00:00:00,192
 26/02/2021 00:00:00,193
 27/02/2021 00:00:00,181
 28/02/2021 00:00:00,164
 01/03/2021 00:00:00,162
 01/03/2021 16:28:03,0
 02/03/2021 00:00:00,165
 03/03/2021 00:00:00,177
 04/03/2021 00:00:00,184
 05/03/2021 00:00:00,250
 06/03/2021 00:00:00,180
 07/03/2021 00:00:00,172
 08/03/2021 00:00:00,161
 09/03/2021 00:00:00,187
 10/03/2021 00:00:00,197
 11/03/2021 00:00:00,192
 12/03/2021 00:00:00,208
 13/03/2021 00:00:00,195
 14/03/2021 00:00:00,166
 15/03/2021 00:00:00,166
 16/03/2021 00:00:00,196
 17/03/2021 00:00:00,378
 18/03/2021 00:00:00,770
 19/03/2021 00:00:00,434
 20/03/2021 00:00:00,163
 21/03/2021 00:00:00,148
 22/03/2021 00:00:00,145
 23/03/2021 00:00:00,176
 24/03/2021 00:00:00,174
 25/03/2021 00:00:00,211
 26/03/2021 00:00:00,193
 27/03/2021 00:00:00,209
 28/03/2021 00:00:00,167
 29/03/2021 00:00:00,167
 30/03/2021 00:00:00,186
 31/03/2021 00:00:00,178
 01/04/2021 00:00:00,174
 02/04/2021 00:00:00,172
 03/04/2021 00:00:00,151
 04/04/2021 00:00:00,51
 05/04/2021 00:00:00,111
 06/04/2021 00:00:00,152
 07/04/2021 00:00:00,155
 08/04/2021 00:00:00,174
 09/04/2021 00:00:00,179
 10/04/2021 00:00:00,206
 11/04/2021 00:00:00,178
 12/04/2021 00:00:00,175
 13/04/2021 00:00:00,221
 14/04/2021 00:00:00,240
 15/04/2021 00:00:00,240
 16/04/2021 00:00:00,211
 17/04/2021 00:00:00,196
 18/04/2021 00:00:00,183
 19/04/2021 00:00:00,177
 20/04/2021 00:00:00,231
 21/04/2021 00:00:00,159
 22/04/2021 00:00:00,7
 23/04/2021 00:00:00,9
 24/04/2021 00:00:00,16
 25/04/2021 00:00:00,0
 26/04/2021 00:00:00,0
 27/04/2021 00:00:00,22
 28/04/2021 00:00:00,3
 29/04/2021 00:00:00,11
 30/04/2021 00:00:00,7
 01/05/2021 00:00:00,6
 02/05/2021 00:00:00,0
 03/05/2021 00:00:00,0
 04/05/2021 00:00:00,0
 05/05/2021 00:00:00,22
 06/05/2021 00:00:00,3
 07/05/2021 00:00:00,8
 08/05/2021 00:00:00,21
 09/05/2021 00:00:00,0
 10/05/2021 00:00:00,0
 11/05/2021 00:00:00,30
 12/05/2021 00:00:00,7
 13/05/2021 00:00:00,8
 14/05/2021 00:00:00,13
 15/05/2021 00:00:00,25
 16/05/2021 00:00:00,2
 17/05/2021 00:00:00,0
 18/05/2021 00:00:00,25
 19/05/2021 00:00:00,25
 20/05/2021 00:00:00,10
 21/05/2021 00:00:00,22
 22/05/2021 00:00:00,26
 23/05/2021 00:00:00,1
 24/05/2021 00:00:00,0
 25/05/2021 00:00:00,18
 26/05/2021 00:00:00,23
 27/05/2021 00:00:00,11
 28/05/2021 00:00:00,8
 29/05/2021 00:00:00,9
 30/05/2021 00:00:00,1
 31/05/2021 00:00:00,0
 01/06/2021 00:00:00,1
 02/06/2021 00:00:00,3
 03/06/2021 00:00:00,1
 04/06/2021 00:00:00,0
 05/06/2021 00:00:00,9
 06/06/2021 00:00:00,0
 07/06/2021 00:00:00,0
 08/06/2021 00:00:00,0
 09/06/2021 00:00:00,5
 10/06/2021 00:00:00,2
 11/06/2021 00:00:00,4
 12/06/2021 00:00:00,4
 13/06/2021 00:00:00,0
 14/06/2021 00:00:00,0
 15/06/2021 00:00:00,7
 16/06/2021 00:00:00,4
 17/06/2021 00:00:00,5
 18/06/2021 00:00:00,7
 19/06/2021 00:00:00,12
 20/06/2021 00:00:00,0
 21/06/2021 00:00:00,0
 22/06/2021 00:00:00,7
 23/06/2021 00:00:00,5
 24/06/2021 00:00:00,6
 25/06/2021 00:00:00,8
 26/06/2021 00:00:00,6
 27/06/2021 00:00:00,0
 28/06/2021 00:00:00,0
 29/06/2021 00:00:00,7
 30/06/2021 00:00:00,4
 01/07/2021 00:00:00,2
 02/07/2021 00:00:00,0
 03/07/2021 00:00:00,8
 04/07/2021 00:00:00,0
 05/07/2021 00:00:00,0
 06/07/2021 00:00:00,0
 07/07/2021 00:00:00,1
 08/07/2021 00:00:00,1
 09/07/2021 00:00:00,2
 10/07/2021 00:00:00,1
 11/07/2021 00:00:00,0
 12/07/2021 00:00:00,0
 13/07/2021 00:00:00,0
 14/07/2021 00:00:00,1
 15/07/2021 00:00:00,0
 16/07/2021 00:00:00,1
 17/07/2021 00:00:00,6
 18/07/2021 00:00:00,0
 19/07/2021 00:00:00,0
 20/07/2021 00:00:00,3
 21/07/2021 00:00:00,3
 22/07/2021 00:00:00,2
 23/07/2021 00:00:00,3
 24/07/2021 00:00:00,0
 25/07/2021 00:00:00,0
 26/07/2021 00:00:00,0
 27/07/2021 00:00:00,0
 28/07/2021 00:00:00,0
 29/07/2021 00:00:00,12
 30/07/2021 00:00:00,0
 31/07/2021 00:00:00,8
 01/08/2021 00:00:00,0
 02/08/2021 00:00:00,0
 03/08/2021 00:00:00,0
 04/08/2021 00:00:00,2
 05/08/2021 00:00:00,2
 06/08/2021 00:00:00,2
 07/08/2021 00:00:00,1
 08/08/2021 00:00:00,1
 09/08/2021 00:00:00,0
 10/08/2021 00:00:00,1
 11/08/2021 00:00:00,2
 12/08/2021 00:00:00,1
 13/08/2021 00:00:00,2
 14/08/2021 00:00:00,7
 15/08/2021 00:00:00,0
 16/08/2021 00:00:00,0
 17/08/2021 00:00:00,0
 18/08/2021 00:00:00,2
 19/08/2021 00:00:00,4
 20/08/2021 00:00:00,1
 21/08/2021 00:00:00,6
 22/08/2021 00:00:00,1
 23/08/2021 00:00:00,2
 24/08/2021 00:00:00,1
 25/08/2021 00:00:00,407
 26/08/2021 00:00:00,2
 27/08/2021 00:00:00,0
 28/08/2021 00:00:00,4
 29/08/2021 00:00:00,0
 30/08/2021 00:00:00,0
 31/08/2021 00:00:00,2
 01/09/2021 00:00:00,0
 02/09/2021 00:00:00,1
 03/09/2021 00:00:00,1
 04/09/2021 00:00:00,4
 05/09/2021 00:00:00,0
 06/09/2021 00:00:00,0
 07/09/2021 00:00:00,2
 08/09/2021 00:00:00,1
 09/09/2021 00:00:00,5
 10/09/2021 00:00:00,4
 11/09/2021 00:00:00,12
 12/09/2021 00:00:00,0
 13/09/2021 00:00:00,0
 14/09/2021 00:00:00,36
 15/09/2021 00:00:00,32
 16/09/2021 00:00:00,16
 17/09/2021 00:00:00,19
 18/09/2021 00:00:00,8
 19/09/2021 00:00:00,0
 20/09/2021 00:00:00,0
 21/09/2021 00:00:00,52
 22/09/2021 00:00:00,40
 23/09/2021 00:00:00,52
 24/09/2021 00:00:00,46
 25/09/2021 00:00:00,18
 26/09/2021 00:00:00,0
 27/09/2021 00:00:00,0
 28/09/2021 00:00:00,67
 29/09/2021 00:00:00,56
 30/09/2021 00:00:00,44
 01/10/2021 00:00:00,46
 02/10/2021 00:00:00,19
 03/10/2021 00:00:00,0
 04/10/2021 00:00:00,0
 05/10/2021 00:00:00,59
 06/10/2021 00:00:00,71
 07/10/2021 00:00:00,59
 08/10/2021 00:00:00,67
 09/10/2021 00:00:00,41
 10/10/2021 00:00:00,1
 11/10/2021 00:00:00,0
 12/10/2021 00:00:00,63
 13/10/2021 00:00:00,69
 14/10/2021 00:00:00,63
 15/10/2021 00:00:00,58
 16/10/2021 00:00:00,23
 17/10/2021 00:00:00,1
 18/10/2021 00:00:00,0
 19/10/2021 00:00:00,69
 20/10/2021 00:00:00,66
 21/10/2021 00:00:00,43
 22/10/2021 00:00:00,40
 23/10/2021 00:00:00,20
 24/10/2021 00:00:00,0
 25/10/2021 00:00:00,0
 26/10/2021 00:00:00,0
 27/10/2021 00:00:00,30
 28/10/2021 00:00:00,14
 29/10/2021 00:00:00,8
 30/10/2021 00:00:00,12
 31/10/2021 00:00:00,0
 01/11/2021 00:00:00,0
 02/11/2021 00:00:00,115
 03/11/2021 00:00:00,61
 04/11/2021 00:00:00,66
 05/11/2021 00:00:00,66
 06/11/2021 00:00:00,30
 07/11/2021 00:00:00,0
 08/11/2021 00:00:00,0
 09/11/2021 00:00:00,65
 10/11/2021 00:00:00,72
 11/11/2021 00:00:00,38
 12/11/2021 00:00:00,55
 13/11/2021 00:00:00,25
 14/11/2021 00:00:00,1
 15/11/2021 00:00:00,0
 16/11/2021 00:00:00,71
 17/11/2021 00:00:00,64
 18/11/2021 00:00:00,56
 19/11/2021 00:00:00,48
 20/11/2021 00:00:00,59
 21/11/2021 00:00:00,0
 22/11/2021 00:00:00,4
 23/11/2021 00:00:00,69
 24/11/2021 00:00:00,60
 25/11/2021 00:00:00,55
 26/11/2021 00:00:00,44
 27/11/2021 00:00:00,26
 28/11/2021 00:00:00,0
 29/11/2021 00:00:00,0
 30/11/2021 00:00:00,69
 01/12/2021 00:00:00,60
 02/12/2021 00:00:00,58
 03/12/2021 00:00:00,63
 04/12/2021 00:00:00,37
 05/12/2021 00:00:00,8
 06/12/2021 00:00:00,0
 07/12/2021 00:00:00,38
 08/12/2021 00:00:00,13
 09/12/2021 00:00:00,29
 10/12/2021 00:00:00,27
 11/12/2021 00:00:00,28
 12/12/2021 00:00:00,1
 13/12/2021 00:00:00,0
 14/12/2021 00:00:00,52
 15/12/2021 00:00:00,25
 16/12/2021 00:00:00,21
 17/12/2021 00:00:00,16
 18/12/2021 00:00:00,15
 19/12/2021 00:00:00,0
 20/12/2021 00:00:00,1
 21/12/2021 00:00:00,1
 22/12/2021 00:00:00,3
 23/12/2021 00:00:00,1
 24/12/2021 00:00:00,1
 25/12/2021 00:00:00,0
 26/12/2021 00:00:00,0
 27/12/2021 00:00:00,0
 28/12/2021 00:00:00,1
 29/12/2021 00:00:00,0
 30/12/2021 00:00:00,0
 31/12/2021 00:00:00,1
 01/01/2022 00:00:00,4
 02/01/2022 00:00:00,1
 03/01/2022 00:00:00,0
 04/01/2022 00:00:00,0
 05/01/2022 00:00:00,0
 06/01/2022 00:00:00,51
 07/01/2022 00:00:00,74
 08/01/2022 00:00:00,0
 09/01/2022 00:00:00,0
 10/01/2022 00:00:00,57
 11/01/2022 00:00:00,12
 12/01/2022 00:00:00,29
 13/01/2022 00:00:00,6
 14/01/2022 00:00:00,5
 15/01/2022 00:00:00,16
 16/01/2022 00:00:00,0
 17/01/2022 00:00:00,0
 18/01/2022 00:00:00,57
 19/01/2022 00:00:00,39
 20/01/2022 00:00:00,37
 21/01/2022 00:00:00,44
 22/01/2022 00:00:00,22
 23/01/2022 00:00:00,0
 24/01/2022 00:00:00,0
 25/01/2022 00:00:00,65
 26/01/2022 00:00:00,55
 27/01/2022 00:00:00,58
 28/01/2022 00:00:00,42
 29/01/2022 00:00:00,26
 30/01/2022 00:00:00,0
 31/01/2022 00:00:00,0
 01/02/2022 00:00:00,72
 02/02/2022 00:00:00,46
 03/02/2022 00:00:00,34
 04/02/2022 00:00:00,50
 05/02/2022 00:00:00,22
 06/02/2022 00:00:00,0
 07/02/2022 00:00:00,0
 08/02/2022 00:00:00,57
 09/02/2022 00:00:00,54
 10/02/2022 00:00:00,54
 11/02/2022 00:00:00,54
 12/02/2022 00:00:00,23
 13/02/2022 00:00:00,0
 14/02/2022 00:00:00,0
 15/02/2022 00:00:00,67
 16/02/2022 00:00:00,43
 17/02/2022 00:00:00,66
 18/02/2022 00:00:00,60
 19/02/2022 00:00:00,5
 20/02/2022 00:00:00,0
 21/02/2022 00:00:00,0
 22/02/2022 00:00:00,16
 23/02/2022 00:00:00,7
 24/02/2022 00:00:00,13
 25/02/2022 00:00:00,21
 26/02/2022 00:00:00,18
 27/02/2022 00:00:00,30
 28/02/2022 00:00:00,0
 01/03/2022 00:00:00,66
 02/03/2022 00:00:00,52
 03/03/2022 00:00:00,53
 04/03/2022 00:00:00,43
 05/03/2022 00:00:00,21
 06/03/2022 00:00:00,0
 07/03/2022 00:00:00,0
 08/03/2022 00:00:00,56
 09/03/2022 00:00:00,45
 10/03/2022 00:00:00,36
 11/03/2022 00:00:00,35
 12/03/2022 00:00:00,24
 13/03/2022 00:00:00,0
 14/03/2022 00:00:00,0
 15/03/2022 00:00:00,59
 16/03/2022 00:00:00,67
 17/03/2022 00:00:00,39
 18/03/2022 00:00:00,0
 19/03/2022 00:00:00,0
 20/03/2022 00:00:00,0
 21/03/2022 00:00:00,0
 22/03/2022 00:00:00,51
 23/03/2022 00:00:00,44
 24/03/2022 00:00:00,38
 25/03/2022 00:00:00,37
 26/03/2022 00:00:00,26
 27/03/2022 00:00:00,0
 28/03/2022 00:00:00,0
 29/03/2022 00:00:00,54
 30/03/2022 00:00:00,94
 31/03/2022 00:00:00,38
 01/04/2022 00:00:00,60
 02/04/2022 00:00:00,16
 03/04/2022 00:00:00,0
 04/04/2022 00:00:00,0
 05/04/2022 00:00:00,59
 06/04/2022 00:00:00,56
 07/04/2022 00:00:00,36
 08/04/2022 00:00:00,34
 09/04/2022 00:00:00,25
 10/04/2022 00:00:00,0
 11/04/2022 00:00:00,0
 12/04/2022 00:00:00,6
 13/04/2022 00:00:00,4
 14/04/2022 00:00:00,2
 15/04/2022 00:00:00,4
 16/04/2022 00:00:00,0
 17/04/2022 00:00:00,0
 18/04/2022 00:00:00,0
 19/04/2022 00:00:00,0
 20/04/2022 00:00:00,18
 21/04/2022 00:00:00,6
 22/04/2022 00:00:00,14
 23/04/2022 00:00:00,15
 24/04/2022 00:00:00,0
 25/04/2022 00:00:00,0
 26/04/2022 00:00:00,46
 27/04/2022 00:00:00,40
 28/04/2022 00:00:00,33
 29/04/2022 00:00:00,54
 30/04/2022 00:00:00,21
 01/05/2022 00:00:00,0
 02/05/2022 00:00:00,0
 03/05/2022 00:00:00,0
 04/05/2022 00:00:00,22
 05/05/2022 00:00:00,32
 06/05/2022 00:00:00,28
 07/05/2022 00:00:00,55
 08/05/2022 00:00:00,4
 09/05/2022 00:00:00,1
 10/05/2022 00:00:00,26
 11/05/2022 00:00:00,53
 12/05/2022 00:00:00,19
 13/05/2022 00:00:00,24
 14/05/2022 00:00:00,50
 15/05/2022 00:00:00,22
 16/05/2022 00:00:00,1
 17/05/2022 00:00:00,12
 18/05/2022 00:00:00,12
 19/05/2022 00:00:00,18
 20/05/2022 00:00:00,9
 21/05/2022 00:00:00,10
 22/05/2022 00:00:00,0
 23/05/2022 00:00:00,0
 24/05/2022 00:00:00,14
 25/05/2022 00:00:00,7
 26/05/2022 00:00:00,9
 27/05/2022 00:00:00,20
 28/05/2022 00:00:00,6
 29/05/2022 00:00:00,2
 30/05/2022 00:00:00,0
 31/05/2022 00:00:00,25
 01/06/2022 00:00:00,14
 02/06/2022 00:00:00,25
 03/06/2022 00:00:00,11
 04/06/2022 00:00:00,76
 05/06/2022 00:00:00,21
 06/06/2022 00:00:00,7
 07/06/2022 00:00:00,0
 08/06/2022 00:00:00,2
 09/06/2022 00:00:00,3
 10/06/2022 00:00:00,6
 11/06/2022 00:00:00,4
 12/06/2022 00:00:00,0
 13/06/2022 00:00:00,0
 14/06/2022 00:00:00,1
 15/06/2022 00:00:00,1
 16/06/2022 00:00:00,0
 17/06/2022 00:00:00,1
 18/06/2022 00:00:00,5
 19/06/2022 00:00:00,0
 20/06/2022 00:00:00,1
 21/06/2022 00:00:00,1
 22/06/2022 00:00:00,0
 23/06/2022 00:00:00,0
 24/06/2022 00:00:00,149
 25/06/2022 00:00:00,139
 26/06/2022 00:00:00,132
 27/06/2022 00:00:00,132
 28/06/2022 00:00:00,144
 29/06/2022 00:00:00,161
 30/06/2022 00:00:00,77
 01/07/2022 00:00:00,1
 02/07/2022 00:00:00,6
 03/07/2022 00:00:00,0
 04/07/2022 00:00:00,0
 05/07/2022 00:00:00,0
 06/07/2022 00:00:00,1
 07/07/2022 00:00:00,7
 08/07/2022 00:00:00,47
 09/07/2022 00:00:00,46
 10/07/2022 00:00:00,0
 11/07/2022 00:00:00,0
 12/07/2022 00:00:00,2
 13/07/2022 00:00:00,66
 14/07/2022 00:00:00,158
 15/07/2022 00:00:00,146
 16/07/2022 00:00:00,65
 17/07/2022 00:00:00,0
 18/07/2022 00:00:00,0
 19/07/2022 00:00:00,0
 20/07/2022 00:00:00,1
 21/07/2022 00:00:00,1
 22/07/2022 00:00:00,0
 23/07/2022 00:00:00,2
 24/07/2022 00:00:00,0
 25/07/2022 00:00:00,0
 26/07/2022 00:00:00,4
 27/07/2022 00:00:00,0
 28/07/2022 00:00:00,2
 29/07/2022 00:00:00,0
 30/07/2022 00:00:00,6
 31/07/2022 00:00:00,0
 01/08/2022 00:00:00,0
 02/08/2022 00:00:00,0
 03/08/2022 00:00:00,2
 04/08/2022 00:00:00,1
 05/08/2022 00:00:00,0
 06/08/2022 00:00:00,1
 07/08/2022 00:00:00,0
 08/08/2022 00:00:00,0
 09/08/2022 00:00:00,0
 10/08/2022 00:00:00,0
 11/08/2022 00:00:00,2
 12/08/2022 00:00:00,0
 13/08/2022 00:00:00,6
 14/08/2022 00:00:00,0
 15/08/2022 00:00:00,0
 16/08/2022 00:00:00,1
 17/08/2022 00:00:00,1
 18/08/2022 00:00:00,0
 19/08/2022 00:00:00,47
 20/08/2022 00:00:00,37
 21/08/2022 00:00:00,0
 22/08/2022 00:00:00,0
 23/08/2022 00:00:00,128
 24/08/2022 00:00:00,367
 25/08/2022 00:00:00,18
 26/08/2022 00:00:00,20
 27/08/2022 00:00:00,30
 28/08/2022 00:00:00,12
 29/08/2022 00:00:00,6
 30/08/2022 00:00:00,14
 31/08/2022 00:00:00,1
 01/09/2022 00:00:00,1
 02/09/2022 00:00:00,6
 03/09/2022 00:00:00,2
 04/09/2022 00:00:00,1
 05/09/2022 00:00:00,0
 06/09/2022 00:00:00,15
 07/09/2022 00:00:00,16
 08/09/2022 00:00:00,29
 09/09/2022 00:00:00,6
 10/09/2022 00:00:00,21
 11/09/2022 00:00:00,1
 12/09/2022 00:00:00,1
 13/09/2022 00:00:00,32
 14/09/2022 00:00:00,28
 15/09/2022 00:00:00,35
 16/09/2022 00:00:00,37
 17/09/2022 00:00:00,16
 18/09/2022 00:00:00,4
 19/09/2022 00:00:00,0
 20/09/2022 00:00:00,132
 21/09/2022 00:00:00,100
 22/09/2022 00:00:00,47
 23/09/2022 00:00:00,38
 24/09/2022 00:00:00,41
 25/09/2022 00:00:00,1
 26/09/2022 00:00:00,0
 27/09/2022 00:00:00,66
 28/09/2022 00:00:00,70
